Date,SPY,AGG,DBC,GLD
2005-01-03,81.17463684082031,51.39643859863281,,43.02000045776367
2005-01-04,80.18270874023438,51.34626388549805,,42.7400016784668
2005-01-05,79.62937927246094,51.326171875,,42.66999816894531
2005-01-06,80.03423309326172,51.36133575439453,,42.150001525878906
2005-01-07,79.9195556640625,51.34626388549805,,41.84000015258789
2005-01-10,80.29741668701172,51.321163177490234,,41.95000076293945
2005-01-11,79.7441177368164,51.39145278930664,,42.209999084472656
2005-01-12,80.00725555419922,51.46676254272461,,42.599998474121094
2005-01-13,79.36622619628906,51.592220306396484,,42.599998474121094
2005-01-14,79.78455352783203,51.406524658203125,,42.31999969482422
2005-01-18,80.61454772949219,51.54203796386719,,42.31999969482422
2005-01-19,79.77107238769531,51.61732864379883,,42.2599983215332
2005-01-20,79.2852783203125,51.68754577636719,,42.25
2005-01-21,78.79937744140625,51.712650299072266,,42.7400016784668
2005-01-24,78.64424896240234,51.722721099853516,,42.77000045776367
2005-01-25,78.86689758300781,51.63236999511719,,42.2400016784668
2005-01-26,79.10305786132812,51.60726547241211,,42.689998626708984
2005-01-27,79.238037109375,51.537010192871094,,42.619998931884766
2005-01-28,79.238037109375,51.712650299072266,,42.689998626708984
2005-01-31,79.7306137084961,51.64744567871094,,42.220001220703125
2005-02-01,80.2366714477539,51.70233917236328,,42.099998474121094
2005-02-02,80.47956085205078,51.74260330200195,,42.15999984741211
2005-02-03,80.27040100097656,51.6771240234375,,41.68000030517578
2005-02-04,81.12737274169922,51.89360809326172,,41.470001220703125
2005-02-07,81.0194091796875,51.9036979675293,,41.27000045776367
2005-02-08,81.11387634277344,51.93387985229492,,41.2599983215332
2005-02-09,80.50653839111328,52.0748291015625,,41.310001373291016
2005-02-10,80.79669189453125,51.80805587768555,,41.75
2005-02-11,81.49172973632812,51.87851333618164,,42.08000183105469
2005-02-14,81.43099975585938,51.88861083984375,,42.54999923706055
2005-02-15,81.73465728759766,51.787879943847656,,42.58000183105469
2005-02-16,81.78863525390625,51.72748947143555,,42.52000045776367
2005-02-17,81.12737274169922,51.70233917236328,,42.72999954223633
2005-02-18,81.23531341552734,51.7174186706543,,42.75
2005-02-22,80.02751159667969,51.571388244628906,,43.56999969482422
2005-02-23,80.60107421875,51.59657669067383,,43.41999816894531
2005-02-24,81.13409423828125,51.54624557495117,,43.33000183105469
2005-02-25,81.93707275390625,51.59153366088867,,43.5
2005-02-28,81.39725494384766,51.45558166503906,,43.529998779296875
2005-03-01,81.80213165283203,51.41876983642578,,43.220001220703125
2005-03-02,81.76164245605469,51.353145599365234,,43.25
2005-03-03,81.79537200927734,51.393497467041016,,42.970001220703125
2005-03-04,82.81430053710938,51.53995132446289,,43.380001068115234
2005-03-07,82.85477447509766,51.55508804321289,,43.470001220703125
2005-03-08,82.54438781738281,51.44405746459961,,44.029998779296875
2005-03-09,81.62669372558594,51.1309700012207,,44.02000045776367
2005-03-10,81.80887603759766,51.07044219970703,,44.20000076293945
2005-03-11,81.23531341552734,51.11084747314453,,44.43000030517578
2005-03-14,81.74139404296875,51.090576171875,,44.029998779296875
2005-03-15,81.06661224365234,51.100704193115234,,44.060001373291016
2005-03-16,80.37836456298828,51.13606643676758,,44.310001373291016
2005-03-17,80.54033660888672,51.12596130371094,,43.81999969482422
2005-03-18,80.30120849609375,51.090576171875,,43.88999938964844
2005-03-21,80.00313568115234,51.090576171875,,43.09000015258789
2005-03-22,79.19023132324219,50.81297302246094,,42.650001525878906
2005-03-23,79.25794982910156,50.87858581542969,,42.41999816894531
2005-03-24,79.35279846191406,50.90886688232422,,42.38999938964844
2005-03-28,79.46795654296875,50.807865142822266,,42.540000915527344
2005-03-29,78.93956756591797,50.77761459350586,,42.560001373291016
2005-03-30,80.05732727050781,50.9290885925293,,42.61000061035156
2005-03-31,79.90828704833984,50.95433807373047,,42.81999969482422
2005-04-01,79.54927825927734,51.25468826293945,,42.619998931884766
2005-04-04,79.68473815917969,51.193912506103516,,42.400001525878906
2005-04-05,80.0640869140625,51.09260177612305,,42.45000076293945
2005-04-06,80.34185028076172,51.224273681640625,,42.630001068115234
2005-04-07,80.77534484863281,51.163551330566406,,42.56999969482422
2005-04-08,79.93538665771484,51.163551330566406,,42.689998626708984
2005-04-11,79.99635314941406,51.25975036621094,,42.779998779296875
2005-04-12,80.40957641601562,51.401615142822266,,42.84000015258789
2005-04-13,79.46121978759766,51.47254180908203,,42.900001525878906
2005-04-14,78.42472839355469,51.51814270019531,,42.310001373291016
2005-04-15,77.32731628417969,51.70045852661133,,42.400001525878906
2005-04-18,77.56440734863281,51.639678955078125,,42.689998626708984
2005-04-19,78.180908203125,51.70555877685547,,43.279998779296875
2005-04-20,77.09026336669922,51.74102020263672,,43.400001525878906
2005-04-21,78.58732604980469,51.61436080932617,,43.189998626708984
2005-04-22,78.28926086425781,51.720767974853516,,43.38999938964844
2005-04-25,78.80410766601562,51.70045852661133,,43.439998626708984
2005-04-26,78.03863525390625,51.573875427246094,,43.63999938964844
2005-04-27,78.34345245361328,51.786598205566406,,43.20000076293945
2005-04-28,77.36119842529297,51.918312072753906,,43.0
2005-04-29,78.41119384765625,51.832183837890625,,43.349998474121094
2005-05-02,78.85152435302734,51.83426284790039,,42.880001068115234
2005-05-03,78.98702239990234,51.79866027832031,,42.7599983215332
2005-05-04,79.59667205810547,51.854557037353516,,42.900001525878906
2005-05-05,79.569580078125,51.89012908935547,,42.90999984741211
2005-05-06,79.31892395019531,51.69696044921875,,42.52000045776367
2005-05-09,79.81341552734375,51.656349182128906,,42.54999923706055
2005-05-10,78.98702239990234,51.71220016479492,,42.63999938964844
2005-05-11,79.4205322265625,51.79866027832031,,42.689998626708984
2005-05-12,78.54667663574219,51.920623779296875,,42.15999984741211
2005-05-13,78.39085388183594,51.9714469909668,,41.95000076293945
2005-05-16,79.12250518798828,51.895233154296875,,41.880001068115234
2005-05-17,79.65087890625,51.956199645996094,,41.86000061035156
2005-05-18,80.47055053710938,52.09347152709961,,42.04999923706055
2005-05-19,80.80926513671875,51.96633529663086,,41.97999954223633
2005-05-20,80.69410705566406,51.90538787841797,,41.650001525878906
2005-05-23,81.1412124633789,52.078147888183594,,41.619998931884766
2005-05-24,80.95149993896484,52.16969299316406,,41.72999954223633
2005-05-25,80.89051818847656,52.159481048583984,,41.869998931884766
2005-05-26,81.3240966796875,52.1544303894043,,41.689998626708984
2005-05-27,81.4595718383789,52.11880111694336,,41.880001068115234
2005-05-31,80.93795776367188,52.261146545410156,,41.650001525878906
2005-06-01,81.62890625,52.64771270751953,,41.529998779296875
2005-06-02,81.80503845214844,52.61198425292969,,42.099998474121094
2005-06-03,81.39185333251953,52.47940444946289,,42.16999816894531
2005-06-06,81.31729888916016,52.489627838134766,,42.47999954223633
2005-06-07,81.3782730102539,52.627288818359375,,42.380001068115234
2005-06-08,81.22925567626953,52.53040313720703,,42.34000015258789
2005-06-09,81.61537170410156,52.52529525756836,,42.27000045776367
2005-06-10,81.42569732666016,52.3213005065918,,42.619998931884766
2005-06-13,81.6831283569336,52.27542495727539,,42.779998779296875
2005-06-14,81.87281036376953,52.20912170410156,,42.599998474121094
2005-06-15,82.02861022949219,52.17853546142578,,42.7400016784668
2005-06-16,82.23861694335938,52.33659362792969,,43.459999084472656
2005-06-17,82.54329681396484,52.33659362792969,,43.630001068115234
2005-06-20,82.5705337524414,52.21931838989258,,43.65999984741211
2005-06-21,82.61813354492188,52.43353271484375,,43.810001373291016
2005-06-22,82.68612670898438,52.65787887573242,,43.720001220703125
2005-06-23,81.52310180664062,52.606876373291016,,44.02000045776367
2005-06-24,80.92456817626953,52.68849563598633,,43.900001525878906
2005-06-27,81.0401840209961,52.72926330566406,,43.90999984741211
2005-06-28,81.72032928466797,52.5762825012207,,43.45000076293945
2005-06-29,81.50267791748047,52.5507926940918,,43.630001068115234
2005-06-30,81.06059265136719,52.71907424926758,,43.439998626708984
2005-07-01,81.29862976074219,52.53132629394531,,42.70000076293945
2005-07-05,81.95157623291016,52.33690643310547,,42.279998779296875
2005-07-06,81.2646484375,52.418758392333984,,42.25
2005-07-07,81.58430480957031,52.48526382446289,,42.36000061035156
2005-07-08,82.51611328125,52.3983154296875,,42.2599983215332
2005-07-11,82.93779754638672,52.403404235839844,,42.540000915527344
2005-07-12,83.15547943115234,52.37779998779297,,42.63999938964844
2005-07-13,83.27108001708984,52.306209564208984,,42.349998474121094
2005-07-14,83.59754943847656,52.306209564208984,,41.900001525878906
2005-07-15,83.54994201660156,52.331787109375,,42.04999923706055
2005-07-18,83.2166519165039,52.23970031738281,,42.0099983215332
2005-07-19,83.67233276367188,52.26531219482422,,41.88999938964844
2005-07-20,83.95801544189453,52.35227584838867,,42.20000076293945
2005-07-21,83.46835327148438,52.08110046386719,,42.459999084472656
2005-07-22,84.02605438232422,52.1578369140625,,42.45000076293945
2005-07-25,83.7879867553711,52.1578369140625,,42.5099983215332
2005-07-26,83.89004516601562,52.214115142822266,,42.25
2005-07-27,84.19610595703125,52.1834831237793,,42.439998626708984
2005-07-28,84.72657775878906,52.33690643310547,,42.75
2005-07-29,84.162109375,52.17316818237305,,42.81999969482422
2005-08-01,84.10089111328125,52.14292907714844,,43.130001068115234
2005-08-02,84.60417175292969,52.0300178527832,,43.13999938964844
2005-08-03,84.8286361694336,52.1993293762207,,43.529998779296875
2005-08-04,84.14846801757812,52.14802932739258,,43.68000030517578
2005-08-05,83.5771713256836,51.89143753051758,,43.599998474121094
2005-08-08,83.42070007324219,51.88118362426758,,43.349998474121094
2005-08-09,83.92402648925781,51.9735221862793,,43.34000015258789
2005-08-10,83.88323211669922,51.978641510009766,,43.650001525878906
2005-08-11,84.21648406982422,52.11727523803711,,44.45000076293945
2005-08-12,83.69955444335938,52.266082763671875,,44.4900016784668
2005-08-15,84.21648406982422,52.219879150390625,,44.130001068115234
2005-08-16,83.12146759033203,52.343048095703125,,44.54999923706055
2005-08-17,83.11463928222656,52.23528289794922,,43.90999984741211
2005-08-18,83.10784149169922,52.379024505615234,,43.83000183105469
2005-08-19,83.29827117919922,52.32768630981445,,43.599998474121094
2005-08-22,83.29827117919922,52.373878479003906,,43.70000076293945
2005-08-23,83.14185333251953,52.40980529785156,,43.7599983215332
2005-08-24,82.40049743652344,52.476558685302734,,43.59000015258789
2005-08-25,82.69979095458984,52.476558685302734,,43.72999954223633
2005-08-26,82.1352310180664,52.435482025146484,,43.61000061035156
2005-08-29,82.76780700683594,52.45600891113281,,43.56999969482422
2005-08-30,82.33248901367188,52.58430099487305,,43.0099983215332
2005-08-31,83.37307739257812,52.78963851928711,,43.400001525878906
2005-09-01,83.3119125366211,52.86173629760742,,44.220001220703125
2005-09-02,83.1622543334961,52.835933685302734,,44.25
2005-09-06,84.1348876953125,52.73297882080078,,44.27000045776367
2005-09-07,84.2777099609375,52.64542770385742,,44.33000183105469
2005-09-08,83.99884033203125,52.64031219482422,,44.599998474121094
2005-09-09,84.74700927734375,52.6248664855957,,44.84000015258789
2005-09-12,84.57696533203125,52.552757263183594,,44.88999938964844
2005-09-13,84.107666015625,52.681488037109375,,44.560001373291016
2005-09-14,83.80158996582031,52.6248664855957,,44.959999084472656
2005-09-15,83.76078796386719,52.4961051940918,,45.41999816894531
2005-09-16,84.35641479492188,52.37769317626953,,45.81999969482422
2005-09-19,84.07633209228516,52.423973083496094,,46.25
2005-09-20,83.36601257324219,52.38793182373047,,46.22999954223633
2005-09-21,82.58731079101562,52.50640106201172,,47.060001373291016
2005-09-22,82.88099670410156,52.552757263183594,,46.36000061035156
2005-09-23,82.94932556152344,52.460079193115234,,46.279998779296875
2005-09-26,83.04498291015625,52.3313102722168,,46.56999969482422
2005-09-27,83.02445220947266,52.295249938964844,,46.25
2005-09-28,83.10639953613281,52.43943405151367,,46.79999923706055
2005-09-29,83.78265380859375,52.320987701416016,,47.099998474121094
2005-09-30,84.0422134399414,52.295249938964844,,46.70000076293945
2005-10-03,83.74164581298828,52.118064880371094,,46.41999816894531
2005-10-04,82.79908752441406,52.190391540527344,,46.45000076293945
2005-10-05,81.71302795410156,52.27305603027344,,46.36000061035156
2005-10-06,81.41931915283203,52.23686599731445,,47.209999084472656
2005-10-07,81.69935607910156,52.18518829345703,,47.36000061035156
2005-10-10,81.00949096679688,52.25236129760742,,47.369998931884766
2005-10-11,80.89336395263672,52.09735870361328,,47.38999938964844
2005-10-12,80.25813293457031,52.07668685913086,,46.849998474121094
2005-10-13,80.2103271484375,51.94235610961914,,47.02000045776367
2005-10-14,81.05729675292969,51.92686462402344,,46.79999923706055
2005-10-17,81.35780334472656,52.009552001953125,,47.2599983215332
2005-10-18,80.4766845703125,51.98884582519531,,47.0
2005-10-19,81.81544494628906,52.08189010620117,,46.34000015258789
2005-10-20,80.37423706054688,52.09218978881836,,45.97999954223633
2005-10-21,80.68844604492188,52.216209411621094,,46.52000045776367
2005-10-24,81.93842315673828,52.107696533203125,,46.38999938964844
2005-10-25,81.77449798583984,51.95271301269531,,47.060001373291016
2005-10-26,81.535400390625,51.74604034423828,,46.93000030517578
2005-10-27,80.66792297363281,51.864871978759766,,47.18000030517578
2005-10-28,81.82914733886719,51.78219223022461,,47.220001220703125
2005-10-31,82.0545425415039,51.77703857421875,,46.400001525878906
2005-11-01,82.3004379272461,51.79465103149414,,45.72999954223633
2005-11-02,83.16107177734375,51.74802017211914,,46.130001068115234
2005-11-03,83.5162582397461,51.571659088134766,,45.959999084472656
2005-11-04,83.40696716308594,51.62351608276367,,45.5099983215332
2005-11-07,83.48897552490234,51.628726959228516,,45.77000045776367
2005-11-08,83.48897552490234,51.80503463745117,,45.90999984741211
2005-11-09,83.59821319580078,51.67018127441406,,46.560001373291016
2005-11-10,84.24713134765625,51.85169219970703,,46.47999954223633
2005-11-11,84.53400421142578,51.9035530090332,,46.79999923706055
2005-11-14,84.48619079589844,51.72725296020508,,46.619998931884766
2005-11-15,84.1788558959961,51.79984664916992,,46.65999984741211
2005-11-16,84.34954833984375,51.91909408569336,,47.779998779296875
2005-11-17,85.1351089477539,51.934688568115234,,48.47999954223633
2005-11-18,85.46977233886719,51.91395950317383,,48.459999084472656
2005-11-21,85.90010070800781,52.079864501953125,,48.9900016784668
2005-11-22,86.2689208984375,52.21467971801758,,49.31999969482422
2005-11-23,86.76756286621094,52.17839050292969,,49.150001525878906
2005-11-25,86.83587646484375,52.22509765625,,49.41999816894531
2005-11-28,86.22112274169922,52.15244674682617,,49.7400016784668
2005-11-29,86.12548065185547,52.079864501953125,,49.79999923706055
2005-11-30,85.66104125976562,51.97098159790039,,49.099998474121094
2005-12-01,86.53533172607422,51.897579193115234,,50.16999816894531
2005-12-02,86.64461517333984,51.897579193115234,,50.31999969482422
2005-12-05,86.46018981933594,51.92362594604492,,50.779998779296875
2005-12-06,86.62413787841797,52.01207733154297,,50.88999938964844
2005-12-07,86.11865234375,51.94446563720703,,51.31999969482422
2005-12-08,86.06403350830078,52.20992660522461,,51.900001525878906
2005-12-09,86.2894287109375,52.03290939331055,,52.400001525878906
2005-12-12,86.37139892578125,51.92362594604492,,52.560001373291016
2005-12-13,86.95882415771484,52.12140655517578,,51.650001525878906
2005-12-14,87.30033111572266,52.26193618774414,,50.349998474121094
2005-12-15,87.04765319824219,52.20992660522461,,50.2400016784668
2005-12-16,86.76747131347656,52.204708099365234,,50.09000015258789
2005-12-19,86.32112121582031,52.24634552001953,,50.220001220703125
2005-12-20,86.40351104736328,52.26193618774414,,49.040000915527344
2005-12-21,86.54084777832031,52.26193618774414,,49.369998931884766
2005-12-22,86.9940414428711,52.37646484375,,50.13999938964844
2005-12-23,87.04212951660156,52.51179885864258,,50.119998931884766
2005-12-27,86.15631866455078,52.64716339111328,,50.63999938964844
2005-12-28,86.34857940673828,52.46110916137695,,51.470001220703125
2005-12-29,85.96405029296875,52.497703552246094,,51.470001220703125
2005-12-30,85.4970932006836,52.56041717529297,,51.58000183105469
2006-01-03,87.00092315673828,52.586544036865234,,53.119998931884766
2006-01-04,87.41288757324219,52.71192932128906,,53.29999923706055
2006-01-05,87.46784973144531,52.71192932128906,,52.34000015258789
2006-01-06,88.19573211669922,52.59178161621094,,53.720001220703125
2006-01-09,88.42230987548828,52.649208068847656,,54.599998474121094
2006-01-10,88.51158905029297,52.544742584228516,,54.060001373291016
2006-01-11,88.79312896728516,52.50811004638672,,54.529998779296875
2006-01-12,88.44293212890625,52.64402770996094,,54.43000030517578
2006-01-13,88.36051940917969,52.79030990600586,,55.439998626708984
2006-01-17,88.12017822265625,52.81644821166992,,55.2599983215332
2006-01-18,87.76998138427734,52.87913513183594,,54.06999969482422
2006-01-19,88.10646057128906,52.80073547363281,,55.59000015258789
2006-01-20,86.49966430664062,52.8269157409668,,55.20000076293945
2006-01-23,86.80865478515625,52.8269157409668,,55.77000045776367
2006-01-24,86.89794921875,52.73807144165039,,55.72999954223633
2006-01-25,86.97346496582031,52.607452392578125,,56.13999938964844
2006-01-26,87.4541015625,52.445457458496094,,55.880001068115234
2006-01-27,88.2643814086914,52.513389587402344,,55.630001068115234
2006-01-30,88.19573211669922,52.518585205078125,,56.68000030517578
2006-01-31,87.55023956298828,52.52907943725586,,56.70000076293945
2006-02-01,88.16136932373047,52.382747650146484,,56.70000076293945
2006-02-02,87.13825988769531,52.41945266723633,,56.97999954223633
2006-02-03,86.7056655883789,52.56630325317383,,56.5
2006-02-06,86.93225860595703,52.5557861328125,19.185096740722656,56.720001220703125
2006-02-07,86.16319274902344,52.51908874511719,18.630159378051758,54.599998474121094
2006-02-08,86.94602966308594,52.49283981323242,18.550880432128906,54.83000183105469
2006-02-09,86.80178833007812,52.52434539794922,18.725290298461914,56.18000030517578
2006-02-10,86.95973205566406,52.4141731262207,18.384397506713867,54.790000915527344
2006-02-13,86.80178833007812,52.45091247558594,18.098997116088867,53.720001220703125
2006-02-14,87.72191619873047,52.36699676513672,17.948373794555664,54.4900016784668
2006-02-15,88.03092193603516,52.424686431884766,17.686758041381836,53.7599983215332
2006-02-16,88.69013214111328,52.37224578857422,17.900806427001953,54.52000045776367
2006-02-17,88.44978332519531,52.58723449707031,18.15449333190918,54.959999084472656
2006-02-21,88.23005676269531,52.39322280883789,18.455747604370117,55.119998931884766
2006-02-22,88.76567077636719,52.603004455566406,18.15449333190918,55.34000015258789
2006-02-23,88.63513946533203,52.571529388427734,18.091073989868164,54.63999938964844
2006-02-24,88.8617935180664,52.6135139465332,18.582590103149414,55.63999938964844
2006-02-27,88.89612579345703,52.50333786010742,18.21791648864746,55.220001220703125
2006-02-28,88.05152130126953,52.6135139465332,18.463674545288086,56.06999969482422
2006-03-01,88.83431243896484,52.615074157714844,18.42403793334961,56.099998474121094
2006-03-02,88.82746124267578,52.48344421386719,18.75699806213379,56.7400016784668
2006-03-03,88.41544342041016,52.378150939941406,18.93140983581543,56.279998779296875
2006-03-06,88.01032257080078,52.08866882324219,18.630159378051758,55.22999954223633
2006-03-07,87.87300109863281,52.220245361328125,18.30512046813965,54.95000076293945
2006-03-08,88.05838012695312,52.24658966064453,18.011795043945312,53.970001220703125
2006-03-09,87.46784973144531,52.178123474121094,18.19413185119629,54.2400016784668
2006-03-10,88.2987289428711,52.19919967651367,18.11485481262207,53.83000183105469
2006-03-13,88.46354675292969,52.29391860961914,18.35268783569336,54.310001373291016
2006-03-14,89.39054107666016,52.467681884765625,18.622228622436523,54.869998931884766
2006-03-15,89.788818359375,52.32551193237305,18.416109085083008,55.119998931884766
2006-03-16,89.97415924072266,52.54664611816406,18.574665069580078,55.34000015258789
2006-03-17,90.04934692382812,52.43084716796875,18.487457275390625,55.119998931884766
2006-03-20,89.90454864501953,52.40977478027344,18.10692596435547,55.16999816894531
2006-03-21,89.33927917480469,52.27287673950195,18.170351028442383,54.83000183105469
2006-03-22,89.88389587402344,52.3676643371582,18.138639450073242,54.75
2006-03-23,89.69775390625,52.32551193237305,18.44782066345215,54.70000076293945
2006-03-24,89.7667007446289,52.41501235961914,18.408180236816406,55.709999084472656
2006-03-27,89.63569641113281,52.4571533203125,18.519166946411133,56.38999938964844
2006-03-28,89.08415985107422,52.32551193237305,18.75699806213379,56.060001373291016
2006-03-29,89.64260864257812,52.220245361328125,18.88384437561035,57.06999969482422
2006-03-30,89.48402404785156,51.983333587646484,19.113750457763672,58.599998474121094
2006-03-31,89.50473022460938,52.15708923339844,18.97897720336914,58.099998474121094
2006-04-03,89.43577575683594,52.10581970214844,19.06618309020996,58.470001220703125
2006-04-04,90.00797271728516,52.174503326416016,18.96312141418457,58.33000183105469
2006-04-05,90.31819915771484,52.21149444580078,19.082035064697266,58.65999984741211
2006-04-06,90.22167205810547,52.16926193237305,19.422931671142578,59.279998779296875
2006-04-07,89.30479431152344,51.99482727050781,19.335723876953125,58.59000015258789
2006-04-10,89.44266510009766,51.94731903076172,19.692474365234375,59.599998474121094
2006-04-11,88.68435668945312,52.0529670715332,19.771751403808594,59.0099983215332
2006-04-12,88.84976196289062,52.00544357299805,19.73210906982422,59.43000030517578
2006-04-13,88.73258972167969,51.899715423583984,19.85895347595215,59.5
2006-04-17,88.69813537597656,51.98428726196289,20.0730037689209,61.09000015258789
2006-04-18,90.10448455810547,51.94731903076172,20.334619522094727,61.849998474121094
2006-04-19,90.27681732177734,51.99482727050781,20.53281021118164,63.75
2006-04-20,90.40092468261719,51.91558074951172,20.294981002807617,60.959999084472656
2006-04-21,90.41473388671875,51.910335540771484,20.72307777404785,63.20000076293945
2006-04-24,90.2492904663086,52.10581970214844,20.310836791992188,61.650001525878906
2006-04-25,89.8769302368164,51.93146514892578,20.37425994873047,62.779998779296875
2006-04-26,89.89765930175781,51.841590881347656,20.294981002807617,63.650001525878906
2006-04-27,90.33195495605469,51.963134765625,19.977874755859375,62.959999084472656
2006-04-28,90.6353530883789,52.079402923583984,20.310836791992188,65.08999633789062
2006-05-01,89.89765930175781,51.87516784667969,20.53281021118164,65.16000366210938
2006-05-02,90.57327270507812,51.92822265625,20.770645141601562,66.55000305175781
2006-05-03,90.23544311523438,51.891082763671875,20.398038864135742,66.45999908447266
2006-05-04,90.5594711303711,51.864532470703125,20.15228271484375,67.4800033569336
2006-05-05,91.35917663574219,51.96003723144531,20.37425994873047,67.98999786376953
2006-05-08,91.2489013671875,51.997161865234375,20.318761825561523,67.55999755859375
2006-05-09,91.42813110351562,51.970699310302734,20.635875701904297,69.68000030517578
2006-05-10,91.37987518310547,51.912288665771484,21.151174545288086,70.37999725341797
2006-05-11,90.27681732177734,51.88046646118164,21.3572940826416,71.02999877929688
2006-05-12,89.0979995727539,51.76905822753906,21.285945892333984,71.12000274658203
2006-05-15,89.27723693847656,51.800907135009766,20.56452178955078,67.41000366210938
2006-05-16,89.1462173461914,52.05551528930664,20.62794303894043,68.61000061035156
2006-05-17,87.45027923583984,51.90696716308594,20.596233367919922,68.1500015258789
2006-05-18,87.0090560913086,52.12449645996094,20.604162216186523,67.45999908447266
2006-05-19,87.62265014648438,52.1139030456543,20.15228271484375,65.58000183105469
2006-05-22,86.95396423339844,52.12449645996094,20.310836791992188,65.30000305175781
2006-05-23,86.2921142578125,51.98127746582031,20.62794303894043,66.37999725341797
2006-05-24,86.98151397705078,51.991851806640625,20.104711532592773,64.05999755859375
2006-05-25,88.05697631835938,51.986572265625,20.453533172607422,64.69999694824219
2006-05-26,88.50509643554688,52.209373474121094,20.65172576904297,65.0999984741211
2006-05-30,86.93324279785156,52.09268569946289,20.540739059448242,65.11000061035156
2006-05-31,87.90531921386719,51.975982666015625,20.23155975341797,64.2300033569336
2006-06-01,88.74638366699219,51.9349479675293,19.985795974731445,62.560001373291016
2006-06-02,88.93251037597656,52.33436965942383,20.382183074951172,63.5
2006-06-05,87.6364517211914,52.16393280029297,20.326690673828125,63.290000915527344
2006-06-06,87.4227294921875,52.302425384521484,20.15228271484375,62.54999923706055
2006-06-07,86.76778411865234,52.13734436035156,20.017507553100586,62.279998779296875
2006-06-08,86.69194793701172,52.31306457519531,19.8034610748291,60.90999984741211
2006-06-09,86.41622161865234,52.387630462646484,19.835174560546875,60.45000076293945
2006-06-12,85.47860717773438,52.22785949707031,19.597339630126953,60.029998779296875
2006-06-13,84.48590850830078,52.376976013183594,19.06618309020996,55.91999816894531
2006-06-14,85.14082336425781,52.1799201965332,19.058259963989258,55.619998931884766
2006-06-15,86.9470443725586,52.0947151184082,19.264375686645508,57.31999969482422
2006-06-16,86.31343841552734,52.0627555847168,19.304014205932617,57.68000030517578
2006-06-19,85.63484191894531,51.9243049621582,18.947267532348633,56.36000061035156
2006-06-20,85.92568969726562,51.95626449584961,19.10582160949707,57.29999923706055
2006-06-21,86.562744140625,51.97224426269531,19.383289337158203,58.33000183105469
2006-06-22,86.18189239501953,51.74855041503906,19.375364303588867,57.72999954223633
2006-06-23,86.1680679321289,51.77518081665039,19.335723876953125,57.9900016784668
2006-06-26,86.54890441894531,51.62610626220703,19.549776077270508,58.279998779296875
2006-06-27,85.8010482788086,51.76984405517578,19.621122360229492,57.68000030517578
2006-06-28,86.38265228271484,51.71661376953125,19.54184341430664,57.540000915527344
2006-06-29,88.12765502929688,51.89768981933594,19.96994400024414,59.52000045776367
2006-06-30,88.13459014892578,51.89236831665039,20.057147979736328,61.22999954223633
2006-07-03,88.49462890625,51.97146224975586,20.58830451965332,62.18000030517578
2006-07-05,87.98916625976562,51.81639862060547,20.429752349853516,62.5
2006-07-06,88.2453842163086,51.864540100097656,20.56452178955078,63.02000045776367
2006-07-07,87.67064666748047,52.0570182800293,20.413896560668945,62.630001068115234
2006-07-10,87.83683013916016,52.105140686035156,20.271196365356445,62.02000045776367
2006-07-11,88.224609375,52.19072341918945,20.71514892578125,63.810001373291016
2006-07-12,87.2828598022461,52.2227783203125,20.921268463134766,64.91999816894531
2006-07-13,85.86335754394531,52.26557922363281,20.913341522216797,65.55000305175781
2006-07-14,85.53097534179688,52.33506774902344,21.008474349975586,65.8499984741211
2006-07-17,85.40633392333984,52.2227783203125,20.53281021118164,63.95000076293945
2006-07-18,85.84256744384766,52.185386657714844,20.405967712402344,62.900001525878906
2006-07-19,87.0335922241211,52.38852310180664,20.477317810058594,64.02999877929688
2006-07-20,86.43805694580078,52.441986083984375,20.263269424438477,62.540000915527344
2006-07-21,85.82875061035156,52.40994644165039,20.20777702331543,61.709999084472656
2006-07-24,87.3936767578125,52.49009704589844,20.294981002807617,61.13999938964844
2006-07-25,87.70525360107422,52.44734191894531,20.12057113647461,61.54999923706055
2006-07-26,87.82298278808594,52.47944641113281,19.985795974731445,62.0
2006-07-27,87.73992156982422,52.56501388549805,20.37425994873047,62.900001525878906
2006-07-28,88.61929321289062,52.677276611328125,20.30290412902832,63.11000061035156
2006-07-31,88.52926635742188,52.61309814453125,20.501100540161133,63.15999984741211
2006-08-01,88.09302520751953,52.741455078125,20.596233367919922,64.31999969482422
2006-08-02,88.68856048583984,52.76291275024414,20.873703002929688,64.75
2006-08-03,88.9239730834961,52.77361297607422,20.67551040649414,64.12000274658203
2006-08-04,88.77163696289062,52.94010543823242,20.65172576904297,64.27999877929688
2006-08-07,88.56391143798828,52.94551086425781,20.97676658630371,64.5
2006-08-08,88.224609375,52.94551086425781,20.683439254760742,63.970001220703125
2006-08-09,87.92684936523438,52.988426208496094,20.71514892578125,64.62999725341797
2006-08-10,88.19691467285156,52.96153259277344,20.445606231689453,63.25
2006-08-11,87.94761657714844,52.87033462524414,20.247413635253906,62.709999084472656
2006-08-14,88.01687622070312,52.81126403808594,20.057147979736328,62.25
2006-08-15,89.06939697265625,52.94010543823242,20.088857650756836,62.0099983215332
2006-08-16,89.81029510498047,53.11729431152344,19.87481117248535,62.4900016784668
2006-08-17,90.03880310058594,53.12263488769531,19.565629959106445,61.029998779296875
2006-08-18,90.49586486816406,53.16026306152344,19.66868782043457,61.040000915527344
2006-08-21,90.10804748535156,53.28913879394531,19.827245712280273,62.439998626708984
2006-08-22,90.10113525390625,53.29979705810547,19.7955322265625,62.04999923706055
2006-08-23,89.851806640625,53.27833557128906,19.58940887451172,61.83000183105469
2006-08-24,89.77570343017578,53.27300262451172,19.87481117248535,61.75
2006-08-25,89.88643646240234,53.32667541503906,19.866886138916016,61.77000045776367
2006-08-28,90.3157730102539,53.27833557128906,19.557701110839844,61.0
2006-08-29,90.41966247558594,53.29979705810547,19.52598762512207,60.939998626708984
2006-08-30,90.47506713867188,53.380374908447266,19.819313049316406,61.41999816894531
2006-08-31,90.46121978759766,53.45018768310547,19.819313049316406,62.290000915527344
2006-09-01,91.00132751464844,53.45719909667969,19.779680252075195,62.13999938964844
2006-09-05,91.1744613647461,53.392513275146484,19.747968673706055,63.36000061035156
2006-09-06,90.3711929321289,53.40324401855469,19.64490509033203,62.86000061035156
2006-09-07,89.95574188232422,53.38712692260742,19.58148193359375,61.25
2006-09-08,90.2119140625,53.45719909667969,19.422931671142578,60.63999938964844
2006-09-11,90.30195617675781,53.41943359375,18.971050262451172,58.5
2006-09-12,91.18827056884766,53.54878234863281,18.66979217529297,58.31999969482422
2006-09-13,91.5552749633789,53.5919075012207,18.622228622436523,58.619998931884766
2006-09-14,91.5622329711914,53.51649475097656,18.511241912841797,57.189998626708984
2006-09-15,91.77708435058594,53.500301361083984,18.455747604370117,57.400001525878906
2006-09-18,91.90227508544922,53.48952102661133,18.677722930908203,58.22999954223633
2006-09-19,91.67277526855469,53.61349868774414,18.400251388549805,56.91999816894531
2006-09-20,92.15962219238281,53.67280197143555,18.28926658630371,57.2599983215332
2006-09-21,91.71451568603516,53.90459442138672,18.606372833251953,57.95000076293945
2006-09-22,91.43629455566406,53.93690490722656,18.39232635498047,58.5
2006-09-25,92.13876342773438,54.04473114013672,18.431962966918945,58.5
2006-09-26,92.90381622314453,54.03936767578125,18.511241912841797,58.7400016784668
2006-09-27,93.01506805419922,54.01780319213867,18.788711547851562,59.810001373291016
2006-09-28,92.98030853271484,54.03398895263672,18.93933868408203,59.790000915527344
2006-09-29,92.90381622314453,53.990840911865234,18.986906051635742,59.470001220703125
2006-10-02,92.5560531616211,54.041725158691406,18.780786514282227,59.150001525878906
2006-10-03,92.75081634521484,54.03089141845703,18.471601486206055,57.11000061035156
2006-10-04,93.83575439453125,54.241966247558594,18.606372833251953,56.369998931884766
2006-10-05,94.01656341552734,54.07416915893555,18.709434509277344,56.91999816894531
2006-10-06,93.89834594726562,53.87388229370117,18.780786514282227,56.9900016784668
2006-10-09,93.95399475097656,53.987606048583984,19.304014205932617,57.20000076293945
2006-10-10,94.0792007446289,53.77650451660156,18.788711547851562,57.0
2006-10-11,93.96788787841797,53.716922760009766,18.53502655029297,56.880001068115234
2006-10-12,94.78166961669922,53.771026611328125,18.741146087646484,57.4900016784668
2006-10-13,95.0250473022461,53.63579559326172,19.14546012878418,58.56999969482422
2006-10-16,95.17108917236328,53.72234344482422,19.31194305419922,59.16999816894531
2006-10-17,94.8720474243164,53.803524017333984,19.327795028686523,58.650001525878906
2006-10-18,94.99723815917969,53.86848068237305,19.018613815307617,58.59000015258789
2006-10-19,95.15022277832031,53.8414421081543,19.335723876953125,59.40999984741211
2006-10-20,95.17108917236328,53.82520294189453,19.06618309020996,58.779998779296875
2006-10-23,95.60928344726562,53.66822814941406,19.10582160949707,57.7599983215332
2006-10-24,95.8944091796875,53.72776794433594,19.240591049194336,58.16999816894531
2006-10-25,96.2212905883789,53.857669830322266,19.58148193359375,58.7599983215332
2006-10-26,96.52037811279297,54.041725158691406,19.446712493896484,59.290000915527344
2006-10-27,95.91527557373047,54.14996337890625,19.502206802368164,59.400001525878906
2006-10-30,95.84574127197266,54.16078186035156,19.29608726501465,59.900001525878906
2006-10-31,95.8318099975586,54.361061096191406,19.177167892456055,60.2400016784668
2006-11-01,95.18502807617188,54.454566955566406,19.422931671142578,61.36000061035156
2006-11-02,95.12938690185547,54.39479446411133,19.280231475830078,61.91999816894531
2006-11-03,94.96244812011719,54.112125396728516,19.51806640625,62.29999923706055
2006-11-06,96.03350067138672,54.112125396728516,19.85895347595215,61.88999938964844
2006-11-07,96.402099609375,54.248008728027344,19.811384201049805,62.040000915527344
2006-11-08,96.61077880859375,54.39479446411133,19.78760528564453,61.11000061035156
2006-11-09,96.10304260253906,54.41108322143555,20.049219131469727,62.95000076293945
2006-11-10,96.1447982788086,54.530635833740234,19.629051208496094,62.4900016784668
2006-11-13,96.38128662109375,54.46541213989258,19.486351013183594,62.189998626708984
2006-11-14,97.10457611083984,54.541526794433594,19.54184341430664,61.630001068115234
2006-11-15,97.38273620605469,54.438209533691406,19.692474365234375,61.84000015258789
2006-11-16,97.63313293457031,54.38936233520508,19.20095443725586,61.310001373291016
2006-11-17,97.66099548339844,54.530635833740234,19.438783645629883,61.779998779296875
2006-11-20,97.71661376953125,54.56869888305664,19.3674373626709,61.77000045776367
2006-11-21,97.81395721435547,54.639400482177734,19.549776077270508,62.27000045776367
2006-11-22,98.00871276855469,54.7154541015625,19.621122360229492,62.5
2006-11-24,97.61224365234375,54.731815338134766,19.890666961669922,63.5
2006-11-27,96.26997375488281,54.70458221435547,19.94615936279297,63.70000076293945
2006-11-28,96.68724822998047,54.85139083862305,20.001651763916016,63.56999969482422
2006-11-29,97.69576263427734,54.76982879638672,20.255340576171875,63.15999984741211
2006-11-30,97.73748016357422,54.9383659362793,20.43768310546875,64.38999938964844
2006-12-01,97.52186584472656,55.04094314575195,20.429752349853516,64.12000274658203
2006-12-04,98.26605224609375,55.09547424316406,20.334619522094727,64.12000274658203
2006-12-05,98.69029998779297,55.06278610229492,20.398038864135742,63.810001373291016
2006-12-06,98.60685729980469,55.019081115722656,20.128496170043945,62.689998626708984
2006-12-07,98.1756362915039,54.9699821472168,20.057147979736328,62.72999954223633
2006-12-08,98.35645294189453,54.85541534423828,19.898590087890625,62.04999923706055
2006-12-11,98.64161682128906,54.8444709777832,19.9303035736084,62.56999969482422
2006-12-12,98.56509399414062,54.997276306152344,19.898590087890625,62.52000045776367
2006-12-13,98.66944885253906,54.82814025878906,19.906522750854492,62.47999954223633
2006-12-14,99.53878021240234,54.75175476074219,20.136425018310547,62.119998931884766
2006-12-15,99.54788970947266,54.740779876708984,20.23155975341797,61.0
2006-12-18,99.27513122558594,54.773502349853516,19.874195098876953,61.040000915527344
2006-12-19,99.46395874023438,54.81173324584961,20.109731674194336,61.79999923706055
2006-12-20,99.40802764892578,54.78990936279297,20.150339126586914,61.619998931884766
2006-12-21,99.04437255859375,54.89903259277344,19.947294235229492,61.380001068115234
2006-12-22,98.43587493896484,54.849937438964844,20.101606369018555,61.650001525878906
2006-12-26,99.01639556884766,54.83360290527344,19.792980194091797,61.97999954223633
2006-12-27,99.66678619384766,54.685096740722656,19.73612403869629,62.220001220703125
2006-12-28,99.45697784423828,54.61388397216797,19.8823184967041,62.900001525878906
2006-12-29,99.04437255859375,54.60844039916992,19.963537216186523,63.209999084472656
2007-01-03,98.8694839477539,54.72345733642578,19.330032348632812,62.279998779296875
2007-01-04,99.07931518554688,54.838470458984375,18.826475143432617,61.650001525878906
2007-01-05,98.28902435302734,54.80015563964844,18.761499404907227,60.16999816894531
2007-01-08,98.74362182617188,54.83300018310547,18.85896110534668,60.47999954223633
2007-01-09,98.65967559814453,54.83300018310547,18.6965274810791,60.849998474121094
2007-01-10,98.9883804321289,54.77275848388672,18.42038345336914,60.59000015258789
2007-01-11,99.4220199584961,54.66865539550781,18.396015167236328,60.630001068115234
2007-01-12,100.17736053466797,54.592002868652344,18.826475143432617,62.16999816894531
2007-01-16,99.98146057128906,54.663211822509766,18.396015167236328,61.970001220703125
2007-01-17,100.02348327636719,54.6303596496582,18.558456420898438,62.63999938964844
2007-01-18,99.68775177001953,54.707069396972656,18.3635311126709,62.2599983215332
2007-01-19,99.88359832763672,54.685096740722656,18.63967514038086,63.0
2007-01-22,99.57588195800781,54.7125244140625,18.655916213989258,62.720001220703125
2007-01-23,99.8696060180664,54.60844039916992,19.248811721801758,64.2300033569336
2007-01-24,100.67387390136719,54.592002868652344,19.086376190185547,64.33000183105469
2007-01-25,99.4919204711914,54.520790100097656,18.915815353393555,64.05999755859375
2007-01-26,99.40100860595703,54.51529312133789,19.151350021362305,64.16999816894531
2007-01-29,99.34506225585938,54.44413757324219,18.761499404907227,63.77000045776367
2007-01-30,99.86260223388672,54.52629470825195,19.281299591064453,64.22000122070312
2007-01-31,100.53395080566406,54.570091247558594,19.484346389770508,64.83000183105469
2007-02-01,101.13541412353516,54.599220275878906,19.411251068115234,65.22000122070312
2007-02-02,101.27532958984375,54.676204681396484,19.663026809692383,64.27999877929688
2007-02-05,101.30326843261719,54.764190673828125,19.598052978515625,64.30999755859375
2007-02-06,101.33125305175781,54.86868667602539,19.500593185424805,64.79000091552734
2007-02-07,101.55510711669922,54.934661865234375,19.265056610107422,64.62999725341797
2007-02-08,101.42214965820312,54.96769714355469,19.711759567260742,65.5199966430664
2007-02-09,100.66683959960938,54.841209411621094,19.833587646484375,66.12000274658203
2007-02-12,100.3241958618164,54.78620529174805,19.45998191833496,65.66999816894531
2007-02-13,101.17042541503906,54.78070831298828,19.81734275817871,65.83999633789062
2007-02-14,101.83482360839844,54.98966598510742,19.549320220947266,66.37000274658203
2007-02-15,101.96772766113281,55.06666946411133,19.549320220947266,66.41000366210938
2007-02-16,101.91873168945312,55.105140686035156,19.890438079833984,66.36000061035156
2007-02-20,102.13554382324219,55.13267517089844,19.6711483001709,65.30999755859375
2007-02-21,102.09359741210938,55.12712478637695,20.093486785888672,67.3499984741211
2007-02-22,102.0166244506836,55.01719665527344,20.36962890625,67.1500015258789
2007-02-23,101.61798858642578,55.1491584777832,20.49958038330078,67.72000122070312
2007-02-26,101.52709197998047,55.27009201049805,20.556432723999023,68.0999984741211
2007-02-27,97.56171417236328,55.49553680419922,20.166584014892578,65.41000366210938
2007-02-28,98.56181335449219,55.457088470458984,20.47521209716797,66.4800033569336
2007-03-01,98.2680435180664,55.44826126098633,20.329021453857422,65.81999969482422
2007-03-02,96.98120880126953,55.56420135498047,20.142215728759766,63.709999084472656
2007-03-05,96.05802917480469,55.531063079833984,19.84170913696289,62.93000030517578
2007-03-06,97.70152282714844,55.49239730834961,20.028512954711914,64.1500015258789
2007-03-07,97.6036376953125,55.536598205566406,20.30465316772461,64.30000305175781
2007-03-08,98.42891693115234,55.48686981201172,20.337142944335938,64.4800033569336
2007-03-09,98.45684814453125,55.33236312866211,20.06911849975586,64.25
2007-03-12,98.60374450683594,55.5034294128418,19.8823184967041,64.37000274658203
2007-03-13,96.68746948242188,55.647010803222656,19.72800636291504,63.720001220703125
2007-03-14,97.40782165527344,55.580711364746094,19.768611907958984,63.939998626708984
2007-03-15,97.54070281982422,55.52002716064453,19.646785736083984,63.97999954223633
2007-03-16,97.2675552368164,55.52556228637695,19.695518493652344,64.62000274658203
2007-03-19,98.44013977050781,55.48686981201172,19.792980194091797,64.73999786376953
2007-03-20,98.9808120727539,55.54209518432617,19.81734275817871,65.2699966430664
2007-03-21,100.60977172851562,55.613868713378906,19.84983253479004,65.81999969482422
2007-03-22,100.53251647949219,55.50897216796875,20.174705505371094,65.76000213623047
2007-03-23,100.67998504638672,55.431697845458984,20.18282699584961,65.1500015258789
2007-03-26,100.54656982421875,55.398536682128906,20.27216911315918,65.83999633789062
2007-03-27,100.307861328125,55.40959167480469,20.329021453857422,65.69999694824219
2007-03-28,99.57764434814453,55.43720626831055,20.523944854736328,66.05000305175781
2007-03-29,99.68289947509766,55.34891128540039,20.92191505432129,65.6500015258789
2007-03-30,99.70404052734375,55.34891128540039,20.613285064697266,65.73999786376953
2007-04-02,99.81635284423828,55.42033386230469,20.41023826599121,65.8499984741211
2007-04-03,100.89060974121094,55.36494445800781,20.329021453857422,65.83000183105469
2007-04-04,101.00294494628906,55.425933837890625,20.556432723999023,66.80999755859375
2007-04-05,101.27677917480469,55.37604904174805,20.597042083740234,66.86000061035156
2007-04-09,101.41720581054688,55.16542053222656,20.38587188720703,66.52999877929688
2007-04-10,101.53657531738281,55.24858093261719,20.67013931274414,67.16000366210938
2007-04-11,101.12232971191406,55.21535110473633,20.637651443481445,67.08000183105469
2007-04-12,101.57168579101562,55.281829833984375,20.759477615356445,66.98999786376953
2007-04-13,102.03514099121094,55.1931037902832,20.873186111450195,67.83999633789062
2007-04-16,103.00410461425781,55.303985595703125,20.710750579833984,68.4000015258789
2007-04-17,103.27791595458984,55.464683532714844,20.49958038330078,68.0
2007-04-18,103.4042739868164,55.54787063598633,20.507699966430664,68.37999725341797
2007-04-19,103.37618255615234,55.52571487426758,20.450847625732422,67.52999877929688
2007-04-20,104.35218811035156,55.49796676635742,20.7351131439209,68.69999694824219
2007-04-23,103.95896911621094,55.553382873535156,20.873186111450195,68.26000213623047
2007-04-24,104.0010986328125,55.58110809326172,20.588918685913086,67.7300033569336
2007-04-25,104.95597839355469,55.6032600402832,20.99501609802246,67.88999938964844
2007-04-26,105.07534790039062,55.49796676635742,20.84882164001465,66.87000274658203
2007-04-27,104.99109649658203,55.48686218261719,20.954404830932617,67.55999755859375
2007-04-30,104.12047576904297,55.675296783447266,20.76759910583496,67.08999633789062
2007-05-01,104.38720703125,55.64301681518555,20.808212280273438,66.69000244140625
2007-05-02,104.99812316894531,55.65977096557617,20.64577293395996,66.66000366210938
2007-05-03,105.56684875488281,55.5985221862793,20.74323844909668,67.48999786376953
2007-05-04,105.96711730957031,55.67084884643555,20.702627182006836,68.19000244140625
2007-05-07,105.98817443847656,55.72645568847656,20.605165481567383,68.25
2007-05-08,105.84776306152344,55.66529846191406,20.47521209716797,67.87999725341797
2007-05-09,106.1355972290039,55.5985221862793,20.36962890625,67.44999694824219
2007-05-10,105.02619934082031,55.69309616088867,20.288410186767578,66.0
2007-05-11,105.92498016357422,55.581844329833984,20.588918685913086,66.44999694824219
2007-05-14,105.69322204589844,55.59292984008789,20.515825271606445,66.27999877929688
2007-05-15,105.72135162353516,55.57073211669922,20.718870162963867,66.54000091552734
2007-05-16,106.44457244873047,55.581844329833984,20.515825271606445,65.5999984741211
2007-05-17,106.23393249511719,55.48728942871094,20.686382293701172,65.05999755859375
2007-05-18,107.16075897216797,55.32594299316406,20.65389633178711,65.5199966430664
2007-05-21,107.10455322265625,55.437217712402344,20.8569393157959,65.66999816894531
2007-05-22,107.02029418945312,55.32594299316406,20.556432723999023,65.19999694824219
2007-05-23,107.03433227539062,55.28145980834961,20.65389633178711,65.54000091552734
2007-05-24,106.0654067993164,55.30363845825195,20.540189743041992,64.75
2007-05-25,106.50773620605469,55.27584457397461,20.791967391967773,64.94000244140625
2007-05-29,106.8938980102539,55.22024917602539,20.337142944335938,65.06999969482422
2007-05-30,107.76455688476562,55.28697967529297,20.532068252563477,64.72000122070312
2007-05-31,107.65223693847656,55.164608001708984,20.718870162963867,65.54000091552734
2007-06-01,108.18583679199219,55.10763168334961,20.873186111450195,66.44000244140625
2007-06-04,108.19989776611328,55.17469787597656,21.059988021850586,66.54000091552734
2007-06-05,107.77159118652344,55.01823043823242,20.978769302368164,66.37000274658203
2007-06-06,106.61308288574219,55.04058074951172,20.97064781188965,66.41000366210938
2007-06-07,104.68921661376953,54.660614013671875,21.07623291015625,65.26000213623047
2007-06-08,106.05131530761719,54.59357833862305,20.702627182006836,64.22000122070312
2007-06-11,106.23393249511719,54.63267135620117,21.100597381591797,64.69999694824219
2007-06-12,105.07534790039062,54.308624267578125,21.043745040893555,64.0999984741211
2007-06-13,106.648193359375,54.392433166503906,21.311763763427734,64.52999877929688
2007-06-14,107.32926940917969,54.49859619140625,21.514812469482422,64.5999984741211
2007-06-15,107.93994140625,54.69416809082031,21.644763946533203,64.8499984741211
2007-06-18,107.8129653930664,54.73329544067383,21.644763946533203,64.94999694824219
2007-06-19,108.08096313476562,54.90647506713867,21.433589935302734,65.4800033569336
2007-06-20,106.5789566040039,54.738826751708984,21.457962036132812,64.70999908447266
2007-06-21,107.1712646484375,54.67179489135742,21.360498428344727,64.55999755859375
2007-06-22,106.16288757324219,54.800296783447266,21.311763763427734,64.77999877929688
2007-06-25,105.65518951416016,54.85059356689453,21.230548858642578,64.43000030517578
2007-06-26,104.56922912597656,54.78358459472656,20.98689079284668,63.619998931884766
2007-06-27,106.05708312988281,54.88970184326172,20.954404830932617,63.66999816894531
2007-06-28,106.04300689697266,54.85059356689453,20.889429092407227,64.26000213623047
2007-06-29,106.07829284667969,54.956756591796875,20.873186111450195,64.2699966430664
2007-07-02,107.03730773925781,55.10322952270508,21.00313377380371,65.0199966430664
2007-07-03,107.42513275146484,55.04147720336914,21.027498245239258,64.73999786376953
2007-07-05,107.31232452392578,54.811439514160156,21.222423553466797,64.41999816894531
2007-07-06,107.87644958496094,54.716064453125,21.401107788085938,64.95999908447266
2007-07-09,107.96105194091797,54.811439514160156,21.35237693786621,65.37999725341797
2007-07-10,106.42383575439453,55.047096252441406,21.506690979003906,65.61000061035156
2007-07-11,107.1783447265625,54.92363357543945,21.555423736572266,65.44000244140625
2007-07-12,108.87071228027344,54.867530822753906,21.61227798461914,66.0199966430664
2007-07-13,109.1951675415039,54.93488693237305,21.644763946533203,66.02999877929688
2007-07-16,109.18102264404297,55.047096252441406,21.26303482055664,65.81999969482422
2007-07-17,109.12458801269531,54.94611740112305,21.133085250854492,65.75
2007-07-18,108.92718505859375,55.08638000488281,21.376741409301758,66.62000274658203
2007-07-19,109.3502426147461,55.08638000488281,21.449838638305664,67.01000213623047
2007-07-20,108.2431411743164,55.215450286865234,21.441715240478516,67.58000183105469
2007-07-23,108.57456970214844,55.1817626953125,21.344255447387695,67.47000122070312
2007-07-24,106.69181823730469,55.29397964477539,21.18181610107422,67.47000122070312
2007-07-25,106.91039276123047,55.26035690307617,21.368616104125977,66.9000015258789
2007-07-26,104.3788070678711,55.45673751831055,21.14120864868164,65.6500015258789
2007-07-27,102.32681274414062,55.400604248046875,21.344255447387695,65.41000366210938
2007-07-30,103.92756652832031,55.372535705566406,21.100597381591797,65.7699966430664
2007-07-31,102.75699615478516,55.54655075073242,21.271156311035156,65.79000091552734
2007-08-01,103.25757598876953,55.417484283447266,21.23866844177246,65.93000030517578
2007-08-02,104.08265686035156,55.38925552368164,21.271156311035156,65.88999938964844
2007-08-03,101.40299987792969,55.63161849975586,21.035625457763672,66.69000244140625
2007-08-06,103.10247802734375,55.54143142700195,20.74323844909668,66.5199966430664
2007-08-07,104.20256805419922,55.501991271972656,20.8569393157959,66.4800033569336
2007-08-08,105.65518951416016,55.43436813354492,20.82445526123047,66.7699966430664
2007-08-09,102.52426147460938,55.501991271972656,20.662017822265625,65.45999908447266
2007-08-10,102.04471588134766,55.3160285949707,20.7351131439209,66.56999969482422
2007-08-13,102.41140747070312,55.417484283447266,20.588918685913086,66.26000213623047
2007-08-14,100.845947265625,55.56961441040039,20.65389633178711,66.29000091552734
2007-08-15,99.45674133300781,55.64287567138672,20.808212280273438,66.12999725341797
2007-08-16,100.2042465209961,55.609046936035156,20.450847625732422,64.68000030517578
2007-08-17,102.04471588134766,55.73304748535156,20.434602737426758,65.01000213623047
2007-08-20,101.995361328125,55.68231964111328,20.491455078125,65.12000274658203
2007-08-21,102.19986724853516,55.941551208496094,20.45897102355957,65.06999969482422
2007-08-22,103.41273498535156,55.89650344848633,20.507699966430664,65.4000015258789
2007-08-23,103.32106018066406,55.96413040161133,20.572675704956055,65.30999755859375
2007-08-24,104.597412109375,55.8232536315918,20.816329956054688,66.11000061035156
2007-08-27,103.62427520751953,55.99237060546875,20.8406982421875,65.9800033569336
2007-08-28,101.34660339355469,56.217769622802734,20.62140655517578,65.58999633789062
2007-08-29,103.33518981933594,56.10503005981445,20.816329956054688,66.06999969482422
2007-08-30,103.06017303466797,56.22338104248047,20.8569393157959,65.80000305175781
2007-08-31,104.07560729980469,56.25718307495117,20.86506462097168,66.5199966430664
2007-09-04,105.12631225585938,56.19437789916992,21.100597381591797,67.44000244140625
2007-09-05,104.21663665771484,56.3754997253418,21.14120864868164,67.55999755859375
2007-09-06,104.45643615722656,56.364173889160156,21.059988021850586,68.86000061035156
2007-09-07,103.00374603271484,56.715087890625,21.19805908203125,69.38999938964844
2007-09-10,102.80628967285156,56.85099792480469,21.344255447387695,69.62000274658203
2007-09-11,104.00504302978516,56.74905014038086,21.392982482910156,70.5199966430664
2007-09-12,104.27306365966797,56.669830322265625,21.62039566040039,70.45999908447266
2007-09-13,105.00643157958984,56.505645751953125,21.457962036132812,70.08000183105469
2007-09-14,104.9993667602539,56.54533004760742,21.47420310974121,69.98999786376953
2007-09-17,104.43524932861328,56.56795120239258,21.72597885131836,70.97000122070312
2007-09-18,107.50975036621094,56.6867790222168,21.807199478149414,71.69999694824219
2007-09-19,108.14437866210938,56.67549133300781,21.994003295898438,71.43000030517578
2007-09-20,107.38282775878906,56.27363967895508,22.33511734008789,72.72000122070312
2007-09-21,107.672607421875,56.437740325927734,22.489439010620117,72.33999633789062
2007-09-24,107.47422790527344,56.443389892578125,22.44882583618164,72.27999877929688
2007-09-25,107.26165008544922,56.48869705200195,22.28639030456543,72.33000183105469
2007-09-26,107.82849884033203,56.43209457397461,22.318876266479492,72.0
2007-09-27,108.46615600585938,56.5283203125,22.90365219116211,72.69999694824219
2007-09-28,108.10482025146484,56.61323547363281,22.830554962158203,73.51000213623047
2007-10-01,109.32344818115234,56.4222297668457,22.595022201538086,73.9000015258789
2007-10-02,109.17467498779297,56.63823699951172,22.140195846557617,72.3499984741211
2007-10-03,108.95499420166016,56.666629791259766,22.164562225341797,71.9000015258789
2007-10-04,109.12508392333984,56.643924713134766,22.473194122314453,72.87000274658203
2007-10-05,110.42166137695312,56.194908142089844,22.538166046142578,73.4000015258789
2007-10-08,109.83358001708984,56.63823699951172,22.06709861755371,72.52999877929688
2007-10-09,110.86800384521484,56.51884841918945,22.221416473388672,73.08999633789062
2007-10-10,110.68375396728516,56.5927619934082,22.481311798095703,73.36000061035156
2007-10-11,110.1524429321289,56.63254928588867,22.733091354370117,73.91000366210938
2007-10-12,110.76174926757812,56.52460861206055,22.83867835998535,74.58999633789062
2007-10-15,109.82653045654297,56.54164123535156,23.228527069091797,75.13999938964844
2007-10-16,108.95499420166016,56.63254928588867,23.25288963317871,75.12000274658203
2007-10-17,109.28802490234375,56.825775146484375,23.131061553955078,74.5
2007-10-18,108.89127349853516,56.99061584472656,23.545278549194336,76.0
2007-10-19,106.04301452636719,57.2520751953125,23.480302810668945,75.69999694824219
2007-10-22,106.65945434570312,57.235042572021484,23.415327072143555,74.5999984741211
2007-10-23,107.52381134033203,57.21794128417969,23.25288963317871,75.2300033569336
2007-10-24,107.325439453125,57.468048095703125,23.334110260009766,75.5199966430664
2007-10-25,107.58051300048828,57.32025146484375,23.878271102905273,76.02999877929688
2007-10-26,108.8416748046875,57.269161224365234,24.243757247924805,77.69000244140625
2007-10-29,109.20297241210938,57.269161224365234,24.64173126220703,78.12000274658203
2007-10-30,108.44486999511719,57.34303283691406,24.089441299438477,77.3499984741211
2007-10-31,109.57145690917969,57.183837890625,24.77168083190918,78.62000274658203
2007-11-01,107.0066146850586,57.32478713989258,24.454927444458008,77.93000030517578
2007-11-02,107.1270751953125,57.38759994506836,24.98284912109375,79.83000183105469
2007-11-05,106.3122787475586,57.33621597290039,24.82040786743164,79.75
2007-11-06,107.74346923828125,57.2620735168457,25.47016143798828,81.43000030517578
2007-11-07,104.7960433959961,57.2734489440918,25.3402099609375,82.23999786376953
2007-11-08,104.26465606689453,57.33058547973633,25.275236129760742,82.2300033569336
2007-11-09,102.83348083496094,57.5302848815918,25.267112731933594,82.18000030517578
2007-11-12,101.81322479248047,57.45042419433594,24.714826583862305,78.30000305175781
2007-11-13,104.91653442382812,57.45615005493164,24.243757247924805,79.12000274658203
2007-11-14,104.62604522705078,57.43329620361328,24.78792381286621,80.27999877929688
2007-11-15,103.11685180664062,57.67869186401367,24.544265747070312,77.94999694824219
2007-11-16,103.29399108886719,57.63874816894531,24.625484466552734,77.75
2007-11-19,101.85572814941406,57.764278411865234,24.812286376953125,77.23999786376953
2007-11-20,102.47921752929688,57.644493103027344,25.429548263549805,79.47000122070312
2007-11-21,100.38203430175781,58.08390808105469,25.462038040161133,79.36000061035156
2007-11-23,102.11790466308594,57.7871208190918,25.69757080078125,81.25
2007-11-26,99.86480712890625,58.31220626831055,25.380821228027344,81.30000305175781
2007-11-27,101.01260375976562,58.07253646850586,25.177772521972656,80.0999984741211
2007-11-28,104.243408203125,57.92985916137695,24.869142532348633,79.56999969482422
2007-11-29,104.27885437011719,58.09531784057617,24.925994873046875,78.27999877929688
2007-11-30,105.32748413085938,58.21517562866211,24.61736488342285,77.31999969482422
2007-12-03,104.63307189941406,58.52292251586914,24.796043395996094,78.27999877929688
2007-12-04,103.69786071777344,58.29940414428711,24.909748077392578,79.4000015258789
2007-12-05,105.43372344970703,58.19058609008789,24.722946166992188,78.62999725341797
2007-12-06,106.94286346435547,58.127506256103516,25.16965103149414,79.37000274658203
2007-12-07,106.92160034179688,57.79512405395508,25.08843231201172,78.5999984741211
2007-12-10,107.75052642822266,57.68056869506836,25.072189331054688,80.0
2007-12-11,104.7960433959961,57.961334228515625,25.29147720336914,78.83999633789062
2007-12-12,105.83045196533203,57.90399169921875,25.981836318969727,80.48999786376953
2007-12-13,105.61088562011719,57.68056869506836,25.7056941986084,78.5
2007-12-14,104.27175903320312,57.52009963989258,25.52701187133789,78.5199966430664
2007-12-17,102.78390502929688,57.60604476928711,25.402164459228516,78.12999725341797
2007-12-18,103.35777282714844,57.90973663330078,25.29396629333496,79.25
2007-12-19,103.35777282714844,58.03008270263672,25.535335540771484,79.23999786376953
2007-12-20,104.00963592529297,57.978492736816406,25.427133560180664,78.66999816894531
2007-12-21,105.50899505615234,57.72641372680664,25.72676658630371,80.0999984741211
2007-12-24,106.29243469238281,57.74360275268555,25.91819953918457,80.13999938964844
2007-12-26,106.52035522460938,57.56593322753906,26.226154327392578,81.5199966430664
2007-12-27,105.18128204345703,57.881813049316406,26.31770896911621,81.55999755859375
2007-12-28,104.91777038574219,58.192535400390625,26.234477996826172,83.0
2007-12-31,104.14139556884766,58.20978546142578,26.26776695251465,82.45999908447266
2008-01-02,103.22966003417969,58.485965728759766,26.991880416870117,84.86000061035156
2008-01-03,103.17977142333984,58.64130783081055,27.199960708618164,85.56999969482422
2008-01-04,100.65123748779297,58.76214599609375,27.04182243347168,85.12999725341797
2008-01-07,100.56578826904297,58.83698654174805,26.55075454711914,84.7699966430664
2008-01-08,98.94181060791016,58.9865837097168,26.792125701904297,86.77999877929688
2008-01-09,99.98168182373047,58.848472595214844,26.525789260864258,86.55000305175781
2008-01-10,100.63697814941406,58.72761917114258,26.40093994140625,88.25
2008-01-11,99.8250503540039,58.980812072753906,26.642309188842773,88.58000183105469
2008-01-14,100.62989807128906,59.026790618896484,26.975234985351562,89.54000091552734
2008-01-15,98.41471099853516,59.23966598510742,26.642309188842773,87.98999786376953
2008-01-16,97.56710052490234,59.06134796142578,26.392614364624023,86.69999694824219
2008-01-17,95.03852081298828,59.418033599853516,26.051366806030273,86.5
2008-01-18,94.06271362304688,59.4065055847168,26.151247024536133,87.41999816894531
2008-01-22,93.10828399658203,59.498592376708984,26.0596923828125,88.16999816894531
2008-01-23,95.34480285644531,59.32024002075195,25.568626403808594,87.88999938964844
2008-01-24,96.14968872070312,59.17066192626953,26.201183319091797,90.08000183105469
2008-01-25,94.76073455810547,59.27421569824219,26.783802032470703,90.30000305175781
2008-01-28,96.32778930664062,59.389312744140625,26.90865135192871,91.75
2008-01-29,96.80496978759766,59.205169677734375,27.133373260498047,91.1500015258789
2008-01-30,96.0926742553711,59.29726028442383,26.900327682495117,92.05999755859375
2008-01-31,97.84489440917969,59.55611038208008,27.033498764038086,91.4000015258789
2008-02-01,99.41903686523438,59.495445251464844,26.559078216552734,89.3499984741211
2008-02-04,98.1654281616211,59.4608039855957,27.025175094604492,89.0999984741211
2008-02-05,95.53715515136719,59.645660400390625,26.800451278686523,87.68000030517578
2008-02-06,94.76783752441406,59.59944534301758,26.675601959228516,88.94999694824219
2008-02-07,95.39468383789062,59.07380294799805,27.000202178955078,89.8499984741211
2008-02-08,94.7821044921875,59.356842041015625,27.807546615600586,91.0
2008-02-11,95.2664794921875,59.483890533447266,27.99065589904785,91.33000183105469
2008-02-12,96.14968872070312,59.4608039855957,27.424686431884766,89.33000183105469
2008-02-13,97.13262176513672,59.10840606689453,27.6494083404541,89.44000244140625
2008-02-14,96.2778549194336,58.923561096191406,28.207056045532227,89.70999908447266
2008-02-15,96.25651550292969,58.894718170166016,28.073884963989258,89.1500015258789
2008-02-19,96.52718353271484,58.611656188964844,28.98943328857422,91.58000183105469
2008-02-20,96.81204223632812,58.51917266845703,29.139245986938477,93.23999786376953
2008-02-21,96.0072250366211,58.99870681762695,28.98110580444336,93.25
2008-02-22,96.59838104248047,58.686729431152344,29.380619049072266,93.38999938964844
2008-02-25,97.8163833618164,58.47877883911133,29.663602828979492,92.73999786376953
2008-02-26,98.55000305175781,58.761844635009766,30.296159744262695,93.70999908447266
2008-02-27,98.45030212402344,58.883113861083984,30.254539489746094,94.77999877929688
2008-02-28,97.48873901367188,59.235572814941406,30.545856475830078,95.98999786376953
2008-02-29,95.31632995605469,59.4608039855957,30.046466827392578,96.18000030517578
2008-03-03,95.08837890625,59.45098876953125,30.487594604492188,97.23999786376953
2008-03-04,94.7251205444336,59.195838928222656,30.379390716552734,95.18000030517578
2008-03-05,95.32342529296875,58.818973541259766,31.04524040222168,97.72000122070312
2008-03-06,93.3504638671875,58.731971740722656,31.278291702270508,96.5
2008-03-07,92.38887023925781,58.9117317199707,30.962013244628906,96.08999633789062
2008-03-10,91.17090606689453,59.22480392456055,31.54463005065918,95.87000274658203
2008-03-11,94.44734191894531,58.86534881591797,32.03569412231445,95.98999786376953
2008-03-12,93.56413269042969,59.46833801269531,32.3852653503418,97.01000213623047
2008-03-13,93.77068328857422,59.213253021240234,32.41856002807617,98.33999633789062
2008-03-14,92.3176498413086,59.46253204345703,32.37693786621094,98.70999908447266
2008-03-17,91.38455963134766,59.7176513671875,31.078535079956055,99.16999816894531
2008-03-18,95.18099975585938,59.57853317260742,31.769351959228516,96.5
2008-03-19,92.8233871459961,59.75831985473633,30.396038055419922,93.04000091552734
2008-03-20,94.54270935058594,59.96699142456055,29.172536849975586,89.91000366210938
2008-03-24,96.43243408203125,59.526336669921875,29.705217361450195,90.0999984741211
2008-03-25,96.5254898071289,59.63652801513672,30.004850387573242,92.7300033569336
2008-03-26,95.34440612792969,59.46253204345703,30.903751373291016,93.80000305175781
2008-03-27,95.04380798339844,59.48576736450195,31.2449951171875,93.45999908447266
2008-03-28,94.13468170166016,59.630706787109375,30.504240036010742,91.87999725341797
2008-03-31,94.4639892578125,59.53792190551758,29.77180290222168,90.41000366210938
2008-04-01,97.7853012084961,59.133338928222656,29.6053409576416,86.86000061035156
2008-04-02,97.84974670410156,59.162410736083984,30.487594604492188,89.2699966430664
2008-04-03,98.09305572509766,59.34870910644531,30.654056549072266,89.41999816894531
2008-04-04,97.98571014404297,59.65144729614258,30.87045669555664,90.25
2008-04-07,98.03582763671875,59.6456298828125,31.203384399414062,91.16999816894531
2008-04-08,97.93565368652344,59.63984680175781,31.328224182128906,90.3499984741211
2008-04-09,97.22699737548828,59.901832580566406,31.852582931518555,92.29000091552734
2008-04-10,97.36295318603516,59.71551513671875,31.71109390258789,91.7699966430664
2008-04-11,95.4732666015625,59.84357833862305,31.58624839782715,91.30000305175781
2008-04-14,95.15113830566406,59.773712158203125,31.802642822265625,91.11000061035156
2008-04-15,95.37305450439453,59.45355224609375,32.18550109863281,91.66000366210938
2008-04-16,97.95707702636719,59.23810958862305,32.493465423583984,93.2699966430664
2008-04-17,98.10027313232422,59.226478576660156,32.34364318847656,92.55999755859375
2008-04-18,99.12387084960938,59.3836555480957,32.36029815673828,90.62000274658203
2008-04-21,99.17396545410156,59.38951110839844,32.40190887451172,90.25
2008-04-22,98.73731994628906,59.47678756713867,32.60166549682617,90.2699966430664
2008-04-23,98.57982635498047,59.4185905456543,32.29370880126953,89.22000122070312
2008-04-24,99.00928497314453,59.19735336303711,31.75270652770996,87.22000122070312
2008-04-25,99.92552185058594,59.139163970947266,32.335323333740234,87.2699966430664
2008-04-28,99.94701385498047,59.28466796875,32.41023254394531,87.69000244140625
2008-04-29,99.55330657958984,59.37202835083008,31.62786102294922,85.80999755859375
2008-04-30,98.96633911132812,59.732994079589844,31.569595336914062,86.6500015258789
2008-05-01,101.01351928710938,59.63130569458008,30.837162017822266,83.98999786376953
2008-05-02,101.29269409179688,59.53203201293945,31.619535446166992,84.58000183105469
2008-05-05,100.80593872070312,59.555389404296875,32.27706527709961,86.2699966430664
2008-05-06,101.67923736572266,59.36265182495117,32.70154571533203,86.62999725341797
2008-05-07,99.86824035644531,59.53203201293945,32.75980758666992,85.81999969482422
2008-05-08,99.6105728149414,59.68389129638672,33.2924919128418,87.23999786376953
2008-05-09,99.42443084716797,59.70728302001953,33.80851745605469,87.41999816894531
2008-05-12,100.54114532470703,59.60212326049805,33.234222412109375,86.98999786376953
2008-05-13,100.5554428100586,59.26341247558594,33.41733169555664,85.38999938964844
2008-05-14,100.76304626464844,59.350975036621094,32.87632369995117,85.19999694824219
2008-05-15,102.0228271484375,59.6663932800293,33.2508659362793,87.0
2008-05-16,102.1158676147461,59.52040100097656,33.733612060546875,89.0999984741211
2008-05-19,102.39505767822266,59.61966323852539,33.783546447753906,89.38999938964844
2008-05-20,101.5646743774414,59.748199462890625,34.249637603759766,90.9000015258789
2008-05-21,99.8467788696289,59.6663932800293,35.2484130859375,91.95999908447266
2008-05-22,99.86112213134766,59.31011199951172,34.7407112121582,90.9800033569336
2008-05-23,98.5225601196289,59.537879943847656,34.80728530883789,91.2300033569336
2008-05-27,99.25263977050781,59.20499801635742,34.249637603759766,89.36000061035156
2008-05-28,99.71076965332031,58.93048095703125,34.466041564941406,89.13999938964844
2008-05-29,100.21187591552734,58.76695251464844,33.52553176879883,86.51000213623047
2008-05-30,100.46237182617188,58.97721862792969,33.7502555847168,87.44999694824219
2008-06-02,99.42443084716797,59.19649887084961,34.199703216552734,87.95999908447266
2008-06-03,98.84467315673828,59.30792236328125,33.392356872558594,86.87999725341797
2008-06-04,98.79459381103516,59.096839904785156,32.892974853515625,86.6500015258789
2008-06-05,100.77014923095703,58.8798828125,34.14144515991211,86.44999694824219
2008-06-06,97.55622100830078,59.20823287963867,35.0153694152832,89.05999755859375
2008-06-09,97.79246520996094,58.909244537353516,35.373260498046875,87.98999786376953
2008-06-10,97.30571746826172,58.598445892333984,35.231773376464844,85.55000305175781
2008-06-11,95.87410736083984,58.67465591430664,36.53017807006836,87.0199966430664
2008-06-12,96.2391357421875,58.311153411865234,36.52185821533203,85.5999984741211
2008-06-13,97.45606231689453,58.164588928222656,36.28880310058594,85.83000183105469
2008-06-16,97.51325225830078,58.22903060913086,36.255516052246094,87.01000213623047
2008-06-17,97.04088592529297,58.428436279296875,36.62173080444336,87.25
2008-06-18,96.09599304199219,58.67465591430664,37.12112045288086,88.27999877929688
2008-06-19,96.21765899658203,58.375614166259766,36.255516052246094,88.41999816894531
2008-06-20,94.65591430664062,58.5515251159668,36.50521469116211,88.94999694824219
2008-06-23,94.5623779296875,58.475337982177734,36.763221740722656,87.08999633789062
2008-06-24,94.37538146972656,58.59260559082031,36.771549224853516,87.47000122070312
2008-06-25,94.82138061523438,58.621944427490234,36.63005447387695,87.41999816894531
2008-06-26,92.2459945678711,58.6981201171875,37.84523010253906,90.61000061035156
2008-06-27,91.7424087524414,58.838871002197266,37.94511032104492,91.47000122070312
2008-06-30,92.066162109375,58.86815643310547,37.27093505859375,91.4000015258789
2008-07-01,92.35388946533203,58.66450119018555,37.92845916748047,92.66000366210938
2008-07-02,90.77128601074219,58.59388732910156,38.65257263183594,93.16999816894531
2008-07-03,90.86480712890625,58.61157989501953,38.635921478271484,92.05999755859375
2008-07-07,89.93679809570312,58.817543029785156,38.111568450927734,91.2300033569336
2008-07-08,91.5337905883789,59.0471076965332,36.72993469238281,90.86000061035156
2008-07-09,89.77132415771484,59.27664566040039,36.704959869384766,91.5
2008-07-10,90.13822174072266,59.329647064208984,37.703731536865234,93.52999877929688
2008-07-11,89.08793640136719,58.99409484863281,38.22809600830078,95.16000366210938
2008-07-14,88.28223419189453,59.082420349121094,38.2447395324707,95.91000366210938
2008-07-15,87.03768157958984,59.311988830566406,37.029563903808594,96.16999816894531
2008-07-16,89.17426300048828,58.8587532043457,36.463592529296875,94.44000244140625
2008-07-17,90.0662841796875,58.59978103637695,35.60630798339844,94.22000122070312
2008-07-18,90.62741088867188,58.258392333984375,34.99871826171875,94.16999816894531
2008-07-21,90.67770385742188,58.564491271972656,35.4232063293457,95.12000274658203
2008-07-22,91.70646667480469,58.36430358886719,34.64915084838867,93.05999755859375
2008-07-23,92.20282745361328,58.434959411621094,33.86677932739258,90.56999969482422
2008-07-24,90.28927612304688,58.841064453125,33.89175033569336,91.33000183105469
2008-07-25,90.26768493652344,58.54090118408203,33.46726989746094,91.69000244140625
2008-07-28,88.94403839111328,58.80575942993164,33.633731842041016,91.7300033569336
2008-07-29,90.84320831298828,58.735111236572266,33.2508659362793,90.58999633789062
2008-07-30,92.4618148803711,58.79987716674805,33.90839767456055,89.5199966430664
2008-07-31,91.2388916015625,59.100101470947266,33.62540817260742,90.08000183105469
2008-08-01,90.75687408447266,59.030303955078125,33.2508659362793,89.56999969482422
2008-08-04,89.9151840209961,58.85892105102539,32.152217864990234,88.13999938964844
2008-08-05,92.33954620361328,58.75848388671875,31.927492141723633,86.08000183105469
2008-08-06,92.74956512451172,58.693504333496094,31.58624839782715,86.63999938964844
2008-08-07,91.36834716796875,59.00080108642578,31.761030197143555,86.08999633789062
2008-08-08,93.06607055664062,58.91215515136719,30.87045669555664,84.43000030517578
2008-08-11,94.03008270263672,58.764404296875,30.837162017822266,81.12999725341797
2008-08-12,93.05168914794922,59.01262664794922,30.570819854736328,80.5199966430664
2008-08-13,92.49056243896484,58.91215515136719,31.594566345214844,81.55999755859375
2008-08-14,93.18840789794922,59.053977966308594,31.319900512695312,79.3499984741211
2008-08-15,93.6416015625,59.22536087036133,30.895423889160156,77.62999725341797
2008-08-18,92.36107635498047,59.32582473754883,31.070209503173828,78.80000305175781
2008-08-19,91.35397338867188,59.278564453125,31.55295181274414,80.43000030517578
2008-08-20,91.77839660644531,59.373077392578125,31.802642822265625,80.05999755859375
2008-08-21,91.93666076660156,59.38489532470703,33.16763687133789,82.30000305175781
2008-08-22,93.26750183105469,59.31991195678711,32.04401779174805,81.08000183105469
2008-08-25,91.37554931640625,59.503108978271484,31.860904693603516,80.93000030517578
2008-08-26,91.64173126220703,59.432159423828125,31.877552032470703,81.2300033569336
2008-08-27,92.53374481201172,59.503108978271484,32.17718505859375,81.36000061035156
2008-08-28,93.6559829711914,59.55630111694336,31.54463005065918,82.18000030517578
2008-08-29,92.64884185791016,59.538551330566406,31.4281063079834,81.70999908447266
2008-09-02,92.07333374023438,59.736698150634766,30.612436294555664,79.19999694824219
2008-09-03,91.99420166015625,59.724830627441406,30.437650680541992,78.88999938964844
2008-09-04,89.22457885742188,59.94435119628906,30.004850387573242,78.38999938964844
2008-09-05,89.50516510009766,59.766353607177734,29.705217361450195,78.9800033569336
2008-09-08,91.35397338867188,60.140132904052734,29.63863182067871,78.86000061035156
2008-09-09,88.64189147949219,60.407135009765625,28.556631088256836,76.48999786376953
2008-09-10,89.0016098022461,60.3655891418457,28.598243713378906,74.22000122070312
2008-09-11,90.28927612304688,60.28845977783203,28.35687255859375,73.08000183105469
2008-09-12,90.70654296875,60.04518508911133,28.548303604125977,75.55000305175781
2008-09-15,86.3902359008789,60.28248977661133,27.424686431884766,77.55999755859375
2008-09-16,87.8362045288086,59.67145538330078,26.867034912109375,76.79000091552734
2008-09-17,83.88680267333984,59.81977844238281,27.674379348754883,85.45999908447266
2008-09-18,86.37588500976562,59.65366744995117,27.72431755065918,82.80000305175781
2008-09-19,89.80618286132812,59.9206428527832,28.639860153198242,85.9800033569336
2008-09-22,87.77301025390625,58.98324966430664,29.630308151245117,89.18000030517578
2008-09-23,85.77603149414062,58.894195556640625,29.339000701904297,88.31999969482422
2008-09-24,86.05101013183594,58.9654655456543,29.097627639770508,86.70999908447266
2008-09-25,87.39676666259766,58.858642578125,29.6053409576416,86.44999694824219
2008-09-26,87.440185546875,58.5620231628418,29.255769729614258,86.63999938964844
2008-09-29,80.58821105957031,58.295040130615234,27.441329956054688,89.56999969482422
2008-09-30,83.92377471923828,58.4908332824707,28.207056045532227,85.06999969482422
2008-10-01,83.97444152832031,58.07389450073242,27.549530029296875,85.97000122070312
2008-10-02,80.92829132080078,58.30024719238281,26.026399612426758,82.33000183105469
2008-10-03,79.83577728271484,58.74101257324219,25.418813705444336,82.58999633789062
2008-10-06,75.76942443847656,58.758880615234375,24.336801528930664,84.27999877929688
2008-10-07,72.37602233886719,57.54377746582031,24.636438369750977,87.2699966430664
2008-10-08,70.55271911621094,56.38825988769531,24.994333267211914,89.41999816894531
2008-10-09,65.6253662109375,56.519248962402344,23.82909393310547,89.9000015258789
2008-10-10,64.0335693359375,52.653690338134766,22.77206039428711,83.22000122070312
2008-10-13,73.33110809326172,54.69068908691406,24.037174224853516,81.98999786376953
2008-10-14,72.24578857421875,55.840240478515625,23.596050262451172,82.19999694824219
2008-10-15,65.13336944580078,56.733707427978516,22.52236557006836,83.30999755859375
2008-10-16,67.84664916992188,55.840240478515625,22.097885131835938,79.29000091552734
2008-10-17,67.44146728515625,56.04277801513672,22.34758186340332,77.20999908447266
2008-10-20,71.49327850341797,57.043460845947266,22.797027587890625,78.5
2008-10-21,69.35885620117188,57.54377746582031,21.981365203857422,76.02999877929688
2008-10-22,65.58191680908203,58.21091079711914,20.940969467163086,71.70999908447266
2008-10-23,66.3416748046875,57.18640899658203,21.02420425415039,70.6500015258789
2008-10-24,62.977195739746094,56.70394515991211,20.183568954467773,72.20999908447266
2008-10-27,60.7414436340332,56.13808059692383,20.033750534057617,72.18000030517578
2008-10-28,67.83940887451172,56.33464050292969,20.58307647705078,73.79000091552734
2008-10-29,67.34739685058594,57.406795501708984,21.79825210571289,74.0
2008-10-30,69.6772232055664,57.33534622192383,20.89935874938965,72.70999908447266
2008-10-31,70.0606689453125,57.156620025634766,21.132402420043945,71.33999633789062
2008-11-03,70.2632827758789,56.24742889404297,20.89935874938965,71.0999984741211
2008-11-04,72.6509780883789,57.15060806274414,21.848194122314453,75.4800033569336
2008-11-05,69.59760284423828,58.01796340942383,21.28221893310547,72.80000305175781
2008-11-06,65.74112701416016,57.778717041015625,20.35003089904785,72.22000122070312
2008-11-07,67.9117660522461,58.07176208496094,20.375,72.5
2008-11-10,67.02181243896484,57.7009162902832,20.50817108154297,73.58000183105469
2008-11-11,64.95249938964844,58.1375732421875,20.11698341369629,72.05000305175781
2008-11-12,62.094478607177734,57.63511657714844,19.52604103088379,70.0
2008-11-13,65.9654312133789,57.832496643066406,19.892257690429688,72.1500015258789
2008-11-14,62.67331314086914,58.0059700012207,19.767412185668945,73.30000305175781
2008-11-17,61.84120178222656,58.16144943237305,19.317960739135742,72.6500015258789
2008-11-18,63.0061149597168,58.07769775390625,19.026653289794922,72.51000213623047
2008-11-19,58.9687614440918,58.245208740234375,18.810253143310547,72.26000213623047
2008-11-20,54.59133529663086,58.257171630859375,17.85309600830078,73.44999694824219
2008-11-21,57.536163330078125,57.79064178466797,18.161048889160156,78.8499984741211
2008-11-24,61.52288055419922,57.78466033935547,19.40951919555664,80.91000366210938
2008-11-25,61.978694915771484,59.22612762451172,18.76031494140625,80.87000274658203
2008-11-26,64.37364196777344,58.998836517333984,19.35957908630371,80.37999725341797
2008-11-28,65.18399047851562,58.88521957397461,18.51894187927246,80.30999755859375
2008-12-01,59.41012954711914,59.715782165527344,17.94464874267578,75.6500015258789
2008-12-02,61.69651794433594,59.7758674621582,17.952972412109375,76.94999694824219
2008-12-03,63.17975997924805,59.7818603515625,17.744892120361328,76.18000030517578
2008-12-04,61.71821975708008,59.98003387451172,16.81270408630371,75.5
2008-12-05,63.621150970458984,59.649742126464844,16.396547317504883,74.5199966430664
2008-12-08,65.8424301147461,59.571693420410156,17.153953552246094,76.19999694824219
2008-12-09,64.7571029663086,60.13020324707031,16.77941131591797,76.33000183105469
2008-12-10,65.19849395751953,60.022090911865234,17.28712272644043,79.75
2008-12-11,63.62839889526367,60.33442306518555,17.836448669433594,80.6500015258789
2008-12-12,64.38806915283203,60.352439880371094,18.227632522583008,80.80999755859375
2008-12-15,63.49091720581055,60.4965934753418,17.711917877197266,82.5999984741211
2008-12-16,66.47913360595703,60.73679733276367,17.96554946899414,84.45999908447266
2008-12-17,65.83518981933594,61.06108856201172,17.720369338989258,85.43000030517578
2008-12-18,64.60515594482422,61.4454460144043,17.449832916259766,83.87000274658203
2008-12-19,64.3272705078125,61.24729919433594,17.331470489501953,82.62999725341797
2008-12-22,63.50303268432617,61.57759094238281,16.841115951538086,83.45999908447266
2008-12-23,62.84654998779297,62.17815399169922,16.90875244140625,82.62999725341797
2008-12-24,63.21126174926758,62.472469329833984,16.64666748046875,83.45999908447266
2008-12-26,63.575965881347656,62.26225662231445,16.90875244140625,85.5999984741211
2008-12-29,63.39360427856445,62.7420768737793,17.09474754333496,86.3499984741211
2008-12-30,64.89620971679688,62.766170501708984,17.196199417114258,85.9000015258789
2008-12-31,65.82257843017578,62.80836868286133,17.914823532104492,86.5199966430664
2009-01-02,67.80656433105469,62.41654586791992,18.540447235107422,86.2300033569336
2009-01-05,67.72633361816406,63.411163330078125,18.73489761352539,84.4800033569336
2009-01-06,68.1785888671875,63.05552291870117,19.225248336791992,85.12999725341797
2009-01-07,66.13623809814453,62.476837158203125,18.24454116821289,82.75
2009-01-08,66.40608215332031,62.00065612792969,18.312177658081055,84.45999908447266
2009-01-09,64.98374938964844,61.78971862792969,18.100818634033203,83.91999816894531
2009-01-12,63.42276382446289,62.11522674560547,17.28074836730957,80.76000213623047
2009-01-13,63.53949737548828,62.217681884765625,17.568191528320312,80.87999725341797
2009-01-14,61.5409049987793,62.13327407836914,17.323017120361328,79.79000091552734
2009-01-15,61.56277847290039,62.127220153808594,17.306108474731445,80.38999938964844
2009-01-16,62.044189453125,62.44673156738281,17.38219451904297,82.70999908447266
2009-01-20,58.76910400390625,62.121253967285156,16.841115951538086,84.5199966430664
2009-01-21,61.307491302490234,61.79570007324219,16.90875244140625,84.1500015258789
2009-01-22,60.35923385620117,61.53050231933594,16.688936233520508,84.58000183105469
2009-01-23,60.62181854248047,61.434024810791016,17.46674156188965,88.52999877929688
2009-01-26,61.03758239746094,61.37378692626953,17.500558853149414,88.94999694824219
2009-01-27,61.65760803222656,61.687259674072266,17.02711296081543,88.37999725341797
2009-01-28,63.74372100830078,61.72337341308594,17.43292236328125,87.41999816894531
2009-01-29,61.67218780517578,61.174869537353516,17.22156524658203,89.5
2009-01-30,60.4176025390625,61.56061935424805,17.12010955810547,91.30999755859375
2009-02-02,60.235225677490234,61.45541763305664,16.79039192199707,88.83999633789062
2009-02-03,61.08136749267578,61.18313217163086,16.5959415435791,88.47000122070312
2009-02-04,60.78229904174805,61.09850311279297,16.688936233520508,89.18000030517578
2009-02-05,61.68677520751953,60.90488815307617,17.060930252075195,90.12000274658203
2009-02-06,63.44466018676758,61.06820297241211,17.187747955322266,89.58999633789062
2009-02-09,63.53221130371094,61.07427978515625,17.09474754333496,88.31999969482422
2009-02-10,60.62181854248047,61.4493522644043,16.87493324279785,90.20999908447266
2009-02-11,60.979251861572266,61.437198638916016,16.773481369018555,92.29000091552734
2009-02-12,61.02299118041992,61.763912200927734,16.798847198486328,93.16999816894531
2009-02-13,60.36653518676758,61.576358795166016,16.49448585510254,92.55000305175781
2009-02-17,57.78437423706055,61.62474822998047,15.572959899902344,95.44999694824219
2009-02-18,57.64580154418945,61.49775695800781,15.479961395263672,96.91000366210938
2009-02-19,57.025821685791016,61.40095138549805,15.860408782958984,95.7699966430664
2009-02-20,56.4714241027832,61.08635711669922,15.682867050170898,97.80000305175781
2009-02-23,54.45092010498047,61.40095138549805,15.53068733215332,97.7300033569336
2009-02-24,56.51521301269531,61.27996063232422,15.826592445373535,94.7300033569336
2009-02-25,56.07026290893555,61.22551345825195,16.012588500976562,93.1500015258789
2009-02-26,55.15848922729492,60.90488815307617,16.35076332092285,93.05999755859375
2009-02-27,53.925743103027344,60.91097640991211,16.156314849853516,92.62999725341797
2009-03-02,51.49681091308594,61.11552047729492,15.344693183898926,90.93000030517578
2009-03-03,51.11023712158203,61.03656768798828,15.446146965026855,90.04000091552734
2009-03-04,52.321067810058594,60.75128173828125,15.987225532531738,88.98999786376953
2009-03-05,50.18386459350586,60.95160675048828,15.85195541381836,91.98999786376953
2009-03-06,50.27138900756836,61.11552047729492,16.232402801513672,92.29000091552734
2009-03-09,49.68055725097656,60.69667053222656,16.139404296875,90.56999969482422
2009-03-10,52.64198684692383,60.836273193359375,16.09713363647461,88.13999938964844
2009-03-11,52.98483657836914,60.98196029663086,15.589868545532227,89.22000122070312
2009-03-12,55.07096481323242,61.03656768798828,16.316944122314453,91.0999984741211
2009-03-13,55.50131607055664,61.097267150878906,16.173219680786133,91.30000305175781
2009-03-16,55.33356475830078,60.90911102294922,16.528305053710938,90.80000305175781
2009-03-17,57.025821685791016,60.727081298828125,16.883390426635742,90.04000091552734
2009-03-18,58.30226516723633,61.69203186035156,17.09474754333496,93.08999633789062
2009-03-19,57.58018493652344,61.843772888183594,17.449832916259766,94.3499984741211
2009-03-20,56.354034423828125,61.49779510498047,17.686555862426758,93.58999633789062
2009-03-23,60.40190887451172,61.49779510498047,18.058549880981445,92.08000183105469
2009-03-24,59.211788177490234,61.07902526855469,17.76264190673828,90.94999694824219
2009-03-25,59.83623123168945,60.812015533447266,17.492103576660156,91.9800033569336
2009-03-26,61.05569839477539,60.93342590332031,17.796459197998047,91.93000030517578
2009-03-27,59.95378112792969,60.98196029663086,17.46674156188965,90.69000244140625
2009-03-30,57.882102966308594,61.2672119140625,16.83266258239746,89.9800033569336
2009-03-31,58.41836166381836,61.582794189453125,16.90875244140625,90.27999877929688
2009-04-01,59.549713134765625,61.55292510986328,16.86648178100586,91.02999877929688
2009-04-02,61.29081726074219,61.358089447021484,17.517465591430664,88.80000305175781
2009-04-03,61.900543212890625,61.15707778930664,17.788009643554688,87.58999633789062
2009-04-06,61.415706634521484,61.144920349121094,17.568191528320312,85.2699966430664
2009-04-07,59.9831657409668,61.047489166259766,17.255382537841797,86.73999786376953
2009-04-08,60.62962341308594,61.248443603515625,17.38219451904297,86.61000061035156
2009-04-09,63.039241790771484,61.15707778930664,17.63582992553711,86.30999755859375
2009-04-13,63.05393600463867,61.6016960144043,17.711917877197266,87.87999725341797
2009-04-14,61.96665954589844,61.58952331542969,17.390649795532227,87.37000274658203
2009-04-15,62.627845764160156,61.7600212097168,17.28074836730957,87.5
2009-04-16,63.5461311340332,61.65040969848633,17.20465660095215,85.80999755859375
2009-04-17,63.97221374511719,61.309383392333984,17.07784080505371,85.22000122070312
2009-04-20,61.29081726074219,61.66257858276367,16.4353084564209,86.94999694824219
2009-04-21,62.4882698059082,61.46772384643555,16.49448585510254,86.88999938964844
2009-04-22,62.10625076293945,61.63211441040039,16.519851684570312,87.37999725341797
2009-04-23,62.715980529785156,61.71132278442383,16.739662170410156,88.80000305175781
2009-04-24,63.66368865966797,61.77827453613281,16.993295669555664,89.72000122070312
2009-04-27,63.06129455566406,61.8757438659668,16.570575714111328,89.01000213623047
2009-04-28,62.86293411254883,61.85748291015625,16.45221710205078,87.75
2009-04-29,64.19998168945312,61.6016960144043,16.83266258239746,88.33000183105469
2009-04-30,64.22201538085938,61.900089263916016,16.891841888427734,87.2699966430664
2009-05-01,64.5672836303711,61.66117858886719,17.399105072021484,86.94999694824219
2009-05-04,66.76387023925781,61.71002960205078,17.737279891967773,88.63999938964844
2009-05-05,66.53614044189453,61.83833312988281,17.4836483001709,88.25
2009-05-06,67.68949890136719,61.97890853881836,17.948640823364258,89.54000091552734
2009-05-07,66.7491455078125,61.703956604003906,17.982458114624023,89.44000244140625
2009-05-08,68.30657958984375,61.82002258300781,18.430540084838867,89.9800033569336
2009-05-11,67.02828979492188,61.8627815246582,18.278362274169922,89.69000244140625
2009-05-12,66.83002471923828,62.20497131347656,18.46435546875,90.69999694824219
2009-05-13,65.14764404296875,62.25990295410156,18.253000259399414,91.08999633789062
2009-05-14,65.70600128173828,62.29665756225586,18.37135887145996,91.02999877929688
2009-05-15,65.1697006225586,62.43712615966797,17.906368255615234,91.55000305175781
2009-05-18,67.02100372314453,62.25389099121094,18.37981414794922,90.36000061035156
2009-05-19,66.94019317626953,62.30882263183594,18.37981414794922,90.95999908447266
2009-05-20,66.49205017089844,62.49822998046875,18.675718307495117,92.25
2009-05-21,65.53697967529297,62.302757263183594,18.523536682128906,93.8499984741211
2009-05-22,65.3974380493164,62.137760162353516,18.79407501220703,94.1500015258789
2009-05-26,67.07244110107422,61.997276306152344,18.836349487304688,93.76000213623047
2009-05-27,65.87493896484375,61.65505599975586,18.92089080810547,93.44999694824219
2009-05-28,66.79326629638672,61.67949676513672,19.26752281188965,94.23999786376953
2009-05-29,67.97599792480469,62.33938980102539,19.639514923095703,96.19999694824219
2009-06-01,69.6216049194336,61.56598663330078,20.18059730529785,95.7300033569336
2009-06-02,69.68035888671875,61.98882293701172,20.26513671875,96.36000061035156
2009-06-03,68.79878997802734,62.16043472290039,19.588788986206055,94.41000366210938
2009-06-04,69.44525146484375,61.64563751220703,20.30741310119629,96.2300033569336
2009-06-05,69.46000671386719,61.326961517333984,20.1975040435791,93.70999908447266
2009-06-08,69.17347717285156,61.16145324707031,20.146778106689453,93.55999755859375
2009-06-09,69.52609252929688,61.43724822998047,20.341228485107422,93.83000183105469
2009-06-10,69.34978485107422,61.26567459106445,20.26513671875,93.86000061035156
2009-06-11,69.65835571289062,61.48019027709961,20.451135635375977,93.69999694824219
2009-06-12,69.84930419921875,61.78050231933594,20.16368865966797,92.16999816894531
2009-06-15,68.2478256225586,62.013389587402344,19.774784088134766,91.0999984741211
2009-06-16,67.32215881347656,62.09912109375,19.698694229125977,91.93000030517578
2009-06-17,67.25606536865234,62.22172164916992,19.757877349853516,92.3499984741211
2009-06-18,67.74824523925781,61.817256927490234,19.783239364624023,91.61000061035156
2009-06-19,67.99800872802734,62.043983459472656,19.614154815673828,91.9000015258789
2009-06-22,65.95891571044922,62.13596725463867,18.9547119140625,90.54000091552734
2009-06-23,66.0106430053711,62.33816909790039,19.2844295501709,90.91999816894531
2009-06-24,66.57954406738281,62.172706604003906,19.275978088378906,91.44999694824219
2009-06-25,68.02754974365234,62.460777282714844,19.445064544677734,92.30999755859375
2009-06-26,67.8501968383789,62.644596099853516,19.2844295501709,92.29000091552734
2009-06-29,68.485595703125,62.58943557739258,19.470428466796875,92.04000091552734
2009-06-30,67.9314956665039,62.60166549682617,19.123798370361328,91.18000030517578
2009-07-01,68.21222686767578,62.57829666137695,19.047710418701172,92.38999938964844
2009-07-02,66.35047912597656,62.72589111328125,18.624990463256836,91.25
2009-07-06,66.34307861328125,62.67672348022461,18.067001342773438,90.76000213623047
2009-07-07,65.05760192871094,62.87961959838867,17.779552459716797,90.70999908447266
2009-07-08,65.0132827758789,63.22395324707031,17.559741973876953,89.2699966430664
2009-07-09,65.13887786865234,63.04561996459961,17.669645309448242,89.51000213623047
2009-07-10,64.98374938964844,63.260860443115234,17.534374237060547,89.58000183105469
2009-07-13,66.56475830078125,63.230125427246094,17.627376556396484,90.19000244140625
2009-07-14,66.9415283203125,63.03947830200195,17.627376556396484,90.80999755859375
2009-07-15,68.89929962158203,62.6275520324707,18.092365264892578,92.23999786376953
2009-07-16,68.78848266601562,62.82429885864258,18.13463592529297,91.9800033569336
2009-07-17,69.54206848144531,62.82429885864258,18.40517807006836,91.93000030517578
2009-07-20,70.28083801269531,62.898067474365234,18.70953369140625,93.27999877929688
2009-07-21,70.60591888427734,63.334617614746094,18.641895294189453,93.12999725341797
2009-07-22,70.59109497070312,63.11943054199219,18.743350982666016,93.44000244140625
2009-07-23,72.14996337890625,62.95954132080078,19.132253646850586,93.26000213623047
2009-07-24,72.44548034667969,62.95954132080078,19.14916229248047,93.41000366210938
2009-07-27,72.65972900390625,62.7689323425293,19.225248336791992,93.70999908447266
2009-07-28,72.31990051269531,62.88578414916992,19.013891220092773,92.11000061035156
2009-07-29,72.14259338378906,62.996482849121094,18.523536682128906,91.19999694824219
2009-07-30,72.8961410522461,63.07637405395508,19.09843635559082,91.62000274658203
2009-07-31,72.99956512451172,63.39612579345703,19.478883743286133,93.3499984741211
2009-08-03,74.20380401611328,63.26291275024414,20.028417587280273,93.87000274658203
2009-08-04,74.39588165283203,63.07163619995117,20.0368709564209,94.68000030517578
2009-08-05,74.18162536621094,63.016109466552734,20.248231887817383,94.77999877929688
2009-08-06,73.79749298095703,63.04697036743164,19.783239364624023,94.5999984741211
2009-08-07,74.76525115966797,62.670677185058594,19.690242767333984,93.75
2009-08-10,74.61013793945312,63.15799331665039,19.681787490844727,92.93000030517578
2009-08-11,73.67927551269531,63.380104064941406,19.385883331298828,92.79000091552734
2009-08-12,74.46977233886719,63.34925079345703,19.487337112426758,92.94999694824219
2009-08-13,75.03864288330078,63.50965118408203,19.74942398071289,93.72000122070312
2009-08-14,74.46238708496094,63.620628356933594,19.19143295288086,93.0
2009-08-17,72.63019561767578,63.88592529296875,18.90398406982422,91.61000061035156
2009-08-18,73.20645904541016,63.67625045776367,19.275978088378906,92.05999755859375
2009-08-19,73.84917449951172,63.80576705932617,19.4112491607666,92.52999877929688
2009-08-20,74.61013793945312,63.91064453125,19.250614166259766,92.2699966430664
2009-08-21,76.07292938232422,63.54047775268555,19.394338607788086,93.6500015258789
2009-08-24,76.06556701660156,63.799625396728516,19.428157806396484,92.33999633789062
2009-08-25,76.21329498291016,63.90449905395508,19.14916229248047,92.76000213623047
2009-08-26,76.22071075439453,63.99694061279297,19.09843635559082,92.79000091552734
2009-08-27,76.390625,63.947696685791016,19.259069442749023,93.19000244140625
2009-08-28,76.3758544921875,63.90449905395508,19.216796875,93.87000274658203
2009-08-31,75.69615173339844,64.1697006225586,18.692625045776367,93.4000015258789
2009-09-01,74.02652740478516,64.05960083007812,18.40517807006836,93.9000015258789
2009-09-02,73.74575805664062,64.3999252319336,18.44744873046875,96.19000244140625
2009-09-03,74.35894775390625,64.28235626220703,18.35445213317871,97.45999908447266
2009-09-04,75.40064239501953,64.15861511230469,18.278362274169922,97.52999877929688
2009-09-08,76.05075073242188,64.06575775146484,18.61653709411621,97.43000030517578
2009-09-09,76.6344223022461,64.18948364257812,18.692625045776367,97.08000183105469
2009-09-10,77.41751861572266,64.51757049560547,18.79407501220703,97.69999694824219
2009-09-11,77.40271759033203,64.51130676269531,18.548898696899414,98.77999877929688
2009-09-14,77.77950286865234,64.41851806640625,18.44744873046875,97.95999908447266
2009-09-15,78.1045913696289,64.31951141357422,18.87862205505371,98.9000015258789
2009-09-16,79.28665161132812,64.3689956665039,19.123798370361328,99.91000366210938
2009-09-17,79.16842651367188,64.67229461669922,19.132253646850586,99.33999633789062
2009-09-18,79.21894836425781,64.51130676269531,18.963165283203125,98.66999816894531
2009-09-21,79.01850891113281,64.46182250976562,18.548898696899414,98.36000061035156
2009-09-22,79.47872161865234,64.41851806640625,18.85325813293457,99.66999816894531
2009-09-23,78.818115234375,64.57937622070312,18.430540084838867,98.83000183105469
2009-09-24,77.9495849609375,64.65984344482422,18.193815231323242,97.55000305175781
2009-09-25,77.53387451171875,64.85173034667969,18.050094604492188,97.0
2009-09-28,78.9220199584961,64.84552001953125,18.210725784301758,97.05000305175781
2009-09-29,78.6844711303711,64.8145980834961,18.14308738708496,97.43000030517578
2009-09-30,78.38016510009766,64.93218231201172,18.650354385375977,98.8499984741211
2009-10-01,76.43527221679688,65.08244323730469,18.531991958618164,97.88999938964844
2009-10-02,76.07897186279297,64.958251953125,18.345996856689453,98.37000274658203
2009-10-05,77.21470642089844,65.00174713134766,18.937801361083984,99.81999969482422
2009-10-06,78.32074737548828,64.90855407714844,18.70953369140625,102.27999877929688
2009-10-07,78.53599548339844,65.16931915283203,18.743350982666016,102.36000061035156
2009-10-08,79.13726806640625,65.12591552734375,19.115345001220703,103.63999938964844
2009-10-09,79.61976623535156,64.6726303100586,19.19143295288086,102.83999633789062
2009-10-12,79.93153381347656,64.82159423828125,19.58033561706543,103.55999755859375
2009-10-13,79.76822662353516,64.98311614990234,19.800148010253906,104.26000213623047
2009-10-14,81.14153289794922,64.8278579711914,19.95232582092285,104.18000030517578
2009-10-15,81.43843078613281,64.7284927368164,20.15523338317871,102.86000061035156
2009-10-16,80.8297348022461,64.72227478027344,20.20595932006836,103.18000030517578
2009-10-19,81.49781799316406,64.8526382446289,20.493406295776367,104.2300033569336
2009-10-20,81.06724548339844,65.00790405273438,20.36659049987793,103.41999816894531
2009-10-21,80.33981323242188,64.96448516845703,20.79776382446289,103.75
2009-10-22,81.15634155273438,64.8651123046875,20.966854095458984,103.91999816894531
2009-10-23,80.22846984863281,64.78440856933594,20.890762329101562,103.48999786376953
2009-10-26,79.35997009277344,64.6105728149414,20.51031494140625,101.86000061035156
2009-10-27,78.99623107910156,64.8651123046875,20.36659049987793,101.8499984741211
2009-10-28,77.50419616699219,64.958251953125,19.842422485351562,100.7300033569336
2009-10-29,79.16693878173828,64.8278579711914,20.4595890045166,102.69000244140625
2009-10-30,76.8732681274414,65.07624816894531,19.943872451782227,102.52999877929688
2009-11-02,77.43739318847656,64.97288513183594,20.290502548217773,103.94999694824219
2009-11-03,77.68238830566406,64.88565063476562,20.577951431274414,106.45999908447266
2009-11-04,77.88278198242188,64.77977752685547,20.56104278564453,107.0999984741211
2009-11-05,79.3154525756836,64.94791412353516,20.451135635375977,106.9800033569336
2009-11-06,79.52323913574219,65.00396728515625,20.087596893310547,107.43000030517578
2009-11-09,81.33451843261719,65.0911865234375,20.417316436767578,108.19000244140625
2009-11-10,81.34934997558594,65.10987091064453,20.315866470336914,108.38999938964844
2009-11-11,81.76502227783203,65.13475036621094,20.451135635375977,109.5999984741211
2009-11-12,80.93367004394531,65.26556396484375,20.146778106689453,108.20999908447266
2009-11-13,81.37162017822266,65.33407592773438,20.12986946105957,109.73999786376953
2009-11-16,82.55189514160156,65.48982238769531,20.71322250366211,111.62999725341797
2009-11-17,82.64838409423828,65.5457992553711,20.814674377441406,111.97000122070312
2009-11-18,82.59640502929688,65.4088363647461,20.831581115722656,112.25
2009-11-19,81.52005767822266,65.47734069824219,20.535682678222656,112.30000305175781
2009-11-20,81.23059844970703,65.50224304199219,20.51031494140625,112.94000244140625
2009-11-23,82.26239013671875,65.48982238769531,20.603313446044922,114.29000091552734
2009-11-24,82.38860321044922,65.68285369873047,20.36659049987793,114.7300033569336
2009-11-25,82.6780776977539,65.7451171875,20.85694694519043,116.62000274658203
2009-11-27,81.33451843261719,65.80119323730469,20.620222091674805,115.05999755859375
2009-11-30,81.60916900634766,65.91328430175781,20.84848976135254,115.63999938964844
2009-12-01,82.61870574951172,65.7527084350586,21.000669479370117,117.37999725341797
2009-12-02,82.58159637451172,65.62772369384766,20.85694694519043,119.18000030517578
2009-12-03,81.93576049804688,65.63394927978516,20.840036392211914,118.69999694824219
2009-12-04,82.40343475341797,65.50275421142578,20.670949935913086,113.75
2009-12-07,82.27726745605469,65.56521606445312,20.484954833984375,113.11000061035156
2009-12-08,81.36421203613281,65.65270233154297,20.282045364379883,110.94999694824219
2009-12-09,81.66851806640625,65.58393096923828,20.028417587280273,110.83999633789062
2009-12-10,82.12875366210938,65.53400421142578,19.918508529663086,110.81999969482422
2009-12-11,82.47760772705078,65.37776184082031,20.019962310791016,109.31999969482422
2009-12-14,83.04186248779297,65.41519927978516,20.12986946105957,110.23999786376953
2009-12-15,82.65582275390625,65.2340316772461,20.0368709564209,110.20999908447266
2009-12-16,82.78203582763672,65.35272216796875,20.383501052856445,111.58999633789062
2009-12-17,81.78730010986328,65.45897674560547,20.070690155029297,107.33999633789062
2009-12-18,82.25,65.45897674560547,20.15523338317871,108.94999694824219
2009-12-21,83.08589172363281,65.18403625488281,19.96078109741211,106.94999694824219
2009-12-22,83.3843994140625,64.99656677246094,20.104507446289062,106.16999816894531
2009-12-23,83.548583984375,65.02152252197266,20.4595890045166,106.55000305175781
2009-12-24,83.9441146850586,64.90909576416016,20.577951431274414,108.36000061035156
2009-12-28,84.12323760986328,64.51538848876953,20.94148826599121,108.55000305175781
2009-12-29,84.00382995605469,64.59186553955078,20.89921760559082,107.47000122070312
2009-12-30,83.97396850585938,64.75479888916016,20.873855590820312,106.93000030517578
2009-12-31,83.16797637939453,64.67334747314453,20.814674377441406,107.30999755859375
2010-01-04,84.5784912109375,64.74854278564453,21.33884620666504,109.80000305175781
2010-01-05,84.8023452758789,65.0431137084961,21.364208221435547,109.69999694824219
2010-01-06,84.86209106445312,65.0055160522461,21.744653701782227,111.51000213623047
2010-01-07,85.22030639648438,64.93029022216797,21.47411346435547,110.81999969482422
2010-01-08,85.50389099121094,64.96788024902344,21.457204818725586,111.37000274658203
2010-01-11,85.62332916259766,64.91778564453125,21.389570236206055,112.8499984741211
2010-01-12,84.82477569580078,65.3314208984375,20.93303680419922,110.48999786376953
2010-01-13,85.54122924804688,65.05567932128906,20.9499454498291,111.54000091552734
2010-01-14,85.77255249023438,65.22489166259766,20.840036392211914,112.02999877929688
2010-01-15,84.80982208251953,65.35023498535156,20.603313446044922,110.86000061035156
2010-01-19,85.86958312988281,65.24363708496094,20.738584518432617,111.5199966430664
2010-01-20,84.99642181396484,65.41284942626953,20.349681854248047,108.94000244140625
2010-01-21,83.36201477050781,65.43168640136719,20.096050262451172,107.37000274658203
2010-01-22,81.50369262695312,65.46932983398438,19.884693145751953,107.16999816894531
2010-01-25,81.9216537475586,65.4630355834961,19.977691650390625,107.4800033569336
2010-01-26,81.57835388183594,65.54447937011719,19.757877349853516,107.55999755859375
2010-01-27,81.96643829345703,65.49433898925781,19.470428466796875,106.52999877929688
2010-01-28,81.02607727050781,65.43791198730469,19.402793884277344,106.4800033569336
2010-01-29,80.14541625976562,65.58836364746094,19.182981491088867,105.95999908447266
2010-02-01,81.39178466796875,65.49848937988281,19.647968292236328,108.3499984741211
2010-02-02,82.37688446044922,65.57388305664062,20.070690155029297,109.12999725341797
2010-02-03,81.96643829345703,65.45450592041016,19.82551383972168,108.69999694824219
2010-02-04,79.43647003173828,65.61164093017578,19.16607093811035,104.37000274658203
2010-02-05,79.6006851196289,65.63674926757812,18.92089080810547,104.68000030517578
2010-02-08,79.02597045898438,65.76253509521484,18.92934799194336,104.04000091552734
2010-02-09,80.01858520507812,65.64308166503906,19.26752281188965,105.41000366210938
2010-02-10,79.86185455322266,65.49215698242188,19.343610763549805,105.12000274658203
2010-02-11,80.69771575927734,65.38531494140625,19.57187843322754,107.12999725341797
2010-02-12,80.63056182861328,65.39786529541016,19.46197509765625,107.04000091552734
2010-02-16,81.89926147460938,65.56136322021484,20.05377960205078,109.62000274658203
2010-02-17,82.2873306274414,65.36015319824219,19.95232582092285,109.25
2010-02-18,82.77244567871094,65.33502197265625,20.12986946105957,109.9800033569336
2010-02-19,82.9440689086914,65.38531494140625,20.248231887817383,109.47000122070312
2010-02-22,82.95899963378906,65.27213287353516,20.138322830200195,109.06999969482422
2010-02-23,81.95147705078125,65.50473022460938,19.808603286743164,107.88999938964844
2010-02-24,82.70526885986328,65.57388305664062,19.969236373901367,107.36000061035156
2010-02-25,82.59333801269531,65.7059097290039,19.631061553955078,108.30999755859375
2010-02-26,82.64556884765625,65.71849822998047,19.977691650390625,109.43000030517578
2010-03-01,83.50379943847656,65.81498718261719,19.774784088134766,109.43000030517578
2010-03-02,83.73514556884766,65.84019470214844,19.98614501953125,111.0199966430664
2010-03-03,83.80979919433594,65.84019470214844,20.18059730529785,111.62999725341797
2010-03-04,84.06352233886719,65.96005249023438,20.003053665161133,110.83000183105469
2010-03-05,85.26509094238281,65.83391571044922,20.239778518676758,110.80999755859375
2010-03-08,85.28002166748047,65.87805938720703,20.214414596557617,109.87999725341797
2010-03-09,85.42181396484375,65.95376586914062,19.994598388671875,109.72000122070312
2010-03-10,85.80242919921875,65.90963745117188,20.05377960205078,108.47000122070312
2010-03-11,86.16062927246094,65.90963745117188,20.003053665161133,108.5999984741211
2010-03-12,86.16809844970703,65.91586303710938,19.884693145751953,107.94999694824219
2010-03-15,86.19049835205078,65.99784851074219,19.647968292236328,108.36000061035156
2010-03-16,86.87709045410156,66.11771392822266,19.91005516052246,110.4000015258789
2010-03-17,87.39204406738281,66.16820526123047,20.087596893310547,109.58999633789062
2010-03-18,87.34723663330078,66.11138153076172,20.04532241821289,110.33999633789062
2010-03-19,86.90512084960938,66.0608901977539,19.800148010253906,108.27999877929688
2010-03-22,87.36976623535156,66.11138153076172,19.800148010253906,107.75
2010-03-23,87.9842529296875,66.12399291992188,19.71560287475586,108.31999969482422
2010-03-24,87.55709838867188,65.78977966308594,19.495790481567383,106.30000305175781
2010-03-25,87.41468048095703,65.6195068359375,19.385883331298828,106.77999877929688
2010-03-26,87.36224365234375,65.7266845703125,19.419700622558594,108.58999633789062
2010-03-29,87.9167709350586,65.6509780883789,19.859331130981445,108.75
2010-03-30,87.97673034667969,65.67625427246094,19.901599884033203,107.97000122070312
2010-03-31,87.67695617675781,65.714111328125,19.884693145751953,108.94999694824219
2010-04-01,88.2764663696289,65.68940734863281,20.273591995239258,110.26000213623047
2010-04-05,88.99588012695312,65.28453063964844,20.59486198425293,110.88999938964844
2010-04-06,89.2057113647461,65.36678314208984,20.577951431274414,111.02999877929688
2010-04-07,88.69612884521484,65.64520263671875,20.501863479614258,112.48999786376953
2010-04-08,89.00337982177734,65.58183288574219,20.46804428100586,112.6500015258789
2010-04-09,89.58787536621094,65.65145874023438,20.51031494140625,113.63999938964844
2010-04-12,89.73028564453125,65.80329895019531,20.493406295776367,113.01000213623047
2010-04-13,89.7977523803711,65.91080474853516,20.56949806213379,112.69000244140625
2010-04-14,90.81687927246094,65.83489227294922,20.80622100830078,113.02999877929688
2010-04-15,90.89178466796875,65.95508575439453,20.88231086730957,113.6500015258789
2010-04-16,89.44548797607422,66.05635070800781,20.501863479614258,111.23999786376953
2010-04-19,89.78275299072266,65.93611145019531,20.239778518676758,111.1500015258789
2010-04-20,90.58457946777344,66.04366302490234,20.400407791137695,111.45999908447266
2010-04-21,90.41970825195312,66.15755462646484,20.501863479614258,112.30999755859375
2010-04-22,90.689453125,66.02468872070312,20.552587509155273,111.83999633789062
2010-04-23,91.281494140625,65.94245147705078,20.68785858154297,113.19000244140625
2010-04-26,90.93675994873047,65.93611145019531,20.586406707763672,112.75
2010-04-27,88.78604125976562,66.1448745727539,20.273591995239258,114.62999725341797
2010-04-28,89.46049499511719,66.04366302490234,20.341228485107422,114.30999755859375
2010-04-29,90.56958770751953,66.06896209716797,20.501863479614258,114.27999877929688
2010-04-30,89.03336334228516,66.35360717773438,20.662494659423828,115.36000061035156
2010-05-03,90.18739318847656,66.22797393798828,20.763946533203125,115.7300033569336
2010-05-04,88.06668853759766,66.49451446533203,20.20595932006836,114.87000274658203
2010-05-05,87.54206848144531,66.4437484741211,19.74942398071289,115.08999633789062
2010-05-06,84.634521484375,66.53892517089844,19.36052131652832,118.48999786376953
2010-05-07,83.37556457519531,66.24710845947266,19.259069442749023,118.2699966430664
2010-05-10,87.04753112792969,66.24073028564453,19.631061553955078,117.56999969482422
2010-05-11,86.80022430419922,66.48815155029297,19.597244262695312,120.66000366210938
2010-05-12,88.01423645019531,66.41838073730469,19.757877349853516,121.4000015258789
2010-05-13,86.92010498046875,66.5135498046875,19.588788986206055,120.55999755859375
2010-05-14,85.34645080566406,66.75464630126953,19.089982986450195,120.37000274658203
2010-05-17,85.39134979248047,66.70392608642578,18.548898696899414,119.36000061035156
2010-05-18,84.22986602783203,66.93229675292969,18.523536682128906,119.48999786376953
2010-05-19,83.750244140625,66.96400451660156,18.35445213317871,116.62999725341797
2010-05-20,80.5878677368164,66.9069595336914,17.97400665283203,115.83999633789062
2010-05-21,81.76441955566406,67.19245147705078,18.159997940063477,115.22000122070312
2010-05-24,80.71531677246094,67.15437316894531,18.14308738708496,116.83999633789062
2010-05-25,80.79771423339844,67.23685455322266,17.999366760253906,117.36000061035156
2010-05-26,80.31060791015625,67.16075897216797,18.193815231323242,118.47000122070312
2010-05-27,83.00090789794922,67.00206756591797,18.726444244384766,118.69000244140625
2010-05-28,81.9592514038086,67.07195281982422,18.565807342529297,118.87999725341797
2010-06-01,80.58041381835938,67.1826171875,18.219179153442383,119.91000366210938
2010-06-02,82.67863464355469,67.11265563964844,18.438993453979492,119.77999877929688
2010-06-03,82.96344757080078,67.08077239990234,18.540447235107422,117.95999908447266
2010-06-04,80.04835510253906,67.25267028808594,17.96554946899414,119.19000244140625
2010-06-07,79.05166625976562,67.44995880126953,17.999366760253906,121.48999786376953
2010-06-08,79.8984603881836,67.37355041503906,18.14308738708496,121.0
2010-06-09,79.47132110595703,67.41175079345703,18.227632522583008,120.55999755859375
2010-06-10,81.79437255859375,67.20807647705078,18.531991958618164,118.97000122070312
2010-06-11,82.19157409667969,67.24625396728516,18.557355880737305,120.01000213623047
2010-06-14,82.06416320800781,67.34175872802734,18.608081817626953,119.5999984741211
2010-06-15,83.93010711669922,67.34175872802734,18.92089080810547,120.98999786376953
2010-06-16,83.90011596679688,67.44355773925781,18.963165283203125,120.33000183105469
2010-06-17,84.03501892089844,67.60275268554688,18.97161865234375,121.9000015258789
2010-06-18,84.1261215209961,67.49449920654297,18.937801361083984,122.83000183105469
2010-06-21,83.88520050048828,67.6408920288086,18.861713409423828,120.38999938964844
2010-06-22,82.49977111816406,67.71086120605469,18.819440841674805,121.44999694824219
2010-06-23,82.24375915527344,67.88270568847656,18.506628036499023,120.94999694824219
2010-06-24,80.88094329833984,67.82542419433594,18.548898696899414,121.30000305175781
2010-06-25,81.21976470947266,67.92091369628906,18.887073516845703,122.76000213623047
2010-06-28,80.96379852294922,68.04824829101562,18.684171676635742,121.08999633789062
2010-06-29,78.46400451660156,68.2518081665039,18.168455123901367,121.2699966430664
2010-06-30,77.7186050415039,68.2581787109375,18.2360897064209,121.68000030517578
2010-07-01,77.37224578857422,68.22248077392578,17.957096099853516,117.04000091552734
2010-07-02,76.95060729980469,68.12673950195312,17.92327880859375,118.48999786376953
2010-07-06,77.45508575439453,68.33737182617188,17.97400665283203,116.51000213623047
2010-07-07,79.89457702636719,68.24805450439453,18.37981414794922,117.7300033569336
2010-07-08,80.6851806640625,68.23524475097656,18.548898696899414,117.20999908447266
2010-07-09,81.28752136230469,68.13311767578125,18.582719802856445,118.36000061035156
2010-07-12,81.34025573730469,68.2096939086914,18.37135887145996,117.33999633789062
2010-07-13,82.56754302978516,68.03736877441406,18.66726303100586,118.36000061035156
2010-07-14,82.55998992919922,68.2671127319336,18.633447647094727,118.30000305175781
2010-07-15,82.5826187133789,68.36290740966797,18.810985565185547,118.2300033569336
2010-07-16,80.3087387084961,68.5735855102539,18.574262619018555,116.66999816894531
2010-07-19,80.78306579589844,68.50971221923828,18.557355880737305,115.7300033569336
2010-07-20,81.67906951904297,68.4586181640625,18.70953369140625,116.6500015258789
2010-07-21,80.6174087524414,68.75868225097656,18.6588077545166,115.8499984741211
2010-07-22,82.41696166992188,68.69483184814453,19.03080177307129,116.86000061035156
2010-07-23,83.13224029541016,68.5735855102539,18.97161865234375,116.08999633789062
2010-07-26,83.99811553955078,68.56077575683594,18.9547119140625,115.5199966430664
2010-07-27,83.99059295654297,68.53522491455078,18.75181007385254,113.51000213623047
2010-07-28,83.44847106933594,68.66288757324219,18.82789421081543,113.77999877929688
2010-07-29,83.0418930053711,68.7267074584961,19.09843635559082,114.29000091552734
2010-07-30,83.02682495117188,68.84161376953125,19.352066040039062,115.48999786376953
2010-08-02,84.90165710449219,68.74815368652344,19.724058151245117,115.54000091552734
2010-08-03,84.49507141113281,68.79302215576172,19.79169464111328,115.98999786376953
2010-08-04,85.05978393554688,68.67131805419922,19.96078109741211,116.72000122070312
2010-08-05,84.96939849853516,68.75457000732422,19.867782592773438,116.9800033569336
2010-08-06,84.62305450439453,68.88902282714844,19.690242767333984,117.83999633789062
2010-08-09,85.07483673095703,68.88902282714844,19.757877349853516,117.4000015258789
2010-08-10,84.6155014038086,69.00421142578125,19.54651641845703,117.7300033569336
2010-08-11,82.29647064208984,69.06819915771484,19.106889724731445,117.33999633789062
2010-08-12,81.79203033447266,68.95940399169922,18.963165283203125,118.7699966430664
2010-08-13,81.55108642578125,69.1194076538086,18.946256637573242,118.73999786376953
2010-08-16,81.51343536376953,69.349853515625,18.887073516845703,119.7300033569336
2010-08-17,82.51483154296875,69.26664733886719,19.15761375427246,119.75
2010-08-18,82.66544342041016,69.18987274169922,19.081527709960938,120.22000122070312
2010-08-19,81.22731018066406,69.41384887695312,18.887073516845703,120.38999938964844
2010-08-20,80.96379852294922,69.31781768798828,18.768718719482422,119.97000122070312
2010-08-23,80.65503692626953,69.3882064819336,18.641895294189453,119.77999877929688
2010-08-24,79.45789337158203,69.6634521484375,18.430540084838867,120.36000061035156
2010-08-25,79.76656341552734,69.50338745117188,18.523536682128906,121.36000061035156
2010-08-26,79.23200988769531,69.59304809570312,18.73489761352539,120.95999908447266
2010-08-27,80.45930480957031,69.20903015136719,19.056163787841797,121.01000213623047
2010-08-30,79.29224395751953,69.67623138427734,19.0223445892334,120.91000366210938
2010-08-31,79.29224395751953,69.72746276855469,18.768718719482422,122.08000183105469
2010-09-01,81.66401672363281,69.57853698730469,19.14070701599121,121.69000244140625
2010-09-02,82.42449188232422,69.48871612548828,19.275978088378906,122.29000091552734
2010-09-03,83.49361419677734,69.32826232910156,19.377431869506836,121.86000061035156
2010-09-07,82.552490234375,69.52721405029297,19.478883743286133,122.69999694824219
2010-09-08,83.13224029541016,69.47588348388672,19.521154403686523,122.70999908447266
2010-09-09,83.51625061035156,69.14215850830078,19.4112491607666,121.55999755859375
2010-09-10,83.93787384033203,68.99451446533203,19.614154815673828,121.7300033569336
2010-09-13,84.87155151367188,69.14855194091797,19.757877349853516,121.62000274658203
2010-09-14,84.81883239746094,69.39888000488281,19.81705665588379,124.0199966430664
2010-09-15,85.14259338378906,69.27049255371094,19.783239364624023,123.94000244140625
2010-09-16,85.1200180053711,69.15494537353516,19.681787490844727,124.62999725341797
2010-09-17,85.15180206298828,69.24481964111328,19.74942398071289,124.54000091552734
2010-09-20,86.45380401611328,69.27049255371094,19.91005516052246,124.87000274658203
2010-09-21,86.27970123291016,69.56575775146484,19.698694229125977,126.01000213623047
2010-09-22,85.85578918457031,69.58491516113281,19.81705665588379,126.19999694824219
2010-09-23,85.15938568115234,69.66199493408203,19.833965301513672,126.30000305175781
2010-09-24,86.91553497314453,69.40530395507812,20.138322830200195,126.69000244140625
2010-09-27,86.49922943115234,69.64270782470703,20.003053665161133,126.72000122070312
2010-09-28,86.80199432373047,69.8095932006836,20.003053665161133,127.8499984741211
2010-09-29,86.65061950683594,69.75824737548828,20.26513671875,127.94999694824219
2010-09-30,86.39324951171875,69.73258972167969,20.383501052856445,127.91000366210938
2010-10-01,86.75658416748047,69.65217590332031,20.425769805908203,128.91000366210938
2010-10-04,86.10560607910156,69.76801300048828,20.358139038085938,128.4600067138672
2010-10-05,87.83904266357422,69.76801300048828,20.772401809692383,130.99000549316406
2010-10-06,87.83148956298828,69.83872985839844,20.78085708618164,131.80999755859375
2010-10-07,87.72552490234375,69.87092590332031,20.56949806213379,130.3699951171875
2010-10-08,88.21755981445312,70.01244354248047,21.25429916381836,131.66000366210938
2010-10-11,88.30077362060547,69.97390747070312,21.152849197387695,132.2899932861328
2010-10-12,88.57331085205078,69.9030990600586,21.25429916381836,131.9600067138672
2010-10-13,89.26214599609375,69.89666748046875,21.35575294494629,134.07000732421875
2010-10-14,88.91395568847656,69.63929748535156,21.321935653686523,134.75
2010-10-15,89.09563446044922,69.4977798461914,21.085214614868164,133.67999267578125
2010-10-18,89.53467559814453,69.74224090576172,21.296573638916016,134.27999877929688
2010-10-19,88.36137390136719,69.80013275146484,20.670949935913086,130.11000061035156
2010-10-20,89.22431945800781,69.88377380371094,21.161304473876953,131.32000732421875
2010-10-21,89.42111206054688,69.77444458007812,20.89921760559082,129.47000122070312
2010-10-22,89.587646484375,69.80662536621094,21.076757431030273,129.72999572753906
2010-10-25,89.85258483886719,69.81299591064453,21.186664581298828,130.85000610351562
2010-10-26,89.86775207519531,69.65217590332031,21.296573638916016,130.8800048828125
2010-10-27,89.6103744506836,69.51707458496094,21.228939056396484,129.52000427246094
2010-10-28,89.62552642822266,69.69078063964844,21.33884620666504,131.24000549316406
2010-10-29,89.69361877441406,69.83872985839844,21.28812026977539,132.6199951171875
2010-11-01,89.72392272949219,69.81040954589844,21.42338752746582,131.9199981689453
2010-11-02,90.43547058105469,69.93289184570312,21.617839813232422,132.49000549316406
2010-11-03,90.7988052368164,69.9200210571289,21.719289779663086,131.57000732421875
2010-11-04,92.54744720458984,70.25543212890625,22.235008239746094,136.02999877929688
2010-11-05,92.8956527709961,70.06194305419922,22.328006744384766,136.3800048828125
2010-11-08,92.72150421142578,70.02964782714844,22.387187957763672,137.77999877929688
2010-11-09,92.05538177490234,69.68778991699219,22.235008239746094,135.58999633789062
2010-11-10,92.42626953125,69.62974548339844,22.471729278564453,137.24000549316406
2010-11-11,92.07810974121094,69.62332916259766,22.285736083984375,137.66000366210938
2010-11-12,90.98807525634766,69.34601593017578,21.35575294494629,133.69000244140625
2010-11-15,90.85939025878906,68.96546173095703,21.389570236206055,132.4199981689453
2010-11-16,89.44385528564453,69.133056640625,20.7554931640625,130.97000122070312
2010-11-17,89.48924255371094,69.15245819091797,20.59486198425293,130.3800048828125
2010-11-18,90.8063735961914,69.133056640625,21.152849197387695,132.08999633789062
2010-11-19,91.05618286132812,69.21049499511719,20.84848976135254,132.1999969482422
2010-11-22,90.98048400878906,69.37822723388672,20.916128158569336,133.47999572753906
2010-11-23,89.66337585449219,69.44916534423828,20.865400314331055,134.41000366210938
2010-11-24,90.98807525634766,69.11378479003906,21.25429916381836,134.17999267578125
2010-11-26,89.92833709716797,69.25567626953125,21.35575294494629,133.11000061035156
2010-11-29,90.2008056640625,69.30086517333984,21.39802360534668,133.50999450683594
2010-11-30,89.69361877441406,69.25567626953125,21.19512176513672,135.4199981689453
2010-12-01,91.60124206542969,68.89449310302734,21.820743560791016,135.3800048828125
2010-12-02,92.77452087402344,68.75836944580078,22.006742477416992,135.1999969482422
2010-12-03,93.02429962158203,68.89449310302734,22.285736083984375,138.07000732421875
2010-12-06,92.92587280273438,69.1473388671875,22.260372161865234,139.11000061035156
2010-12-07,92.97889709472656,68.60923767089844,22.10819435119629,136.5
2010-12-08,93.31956481933594,68.27862548828125,22.277280807495117,134.7899932861328
2010-12-09,93.68290710449219,68.40174865722656,22.218101501464844,135.3699951171875
2010-12-10,94.22792053222656,68.2721176147461,22.184282302856445,135.41000366210938
2010-12-13,94.2884521484375,68.31749725341797,22.404096603393555,136.0500030517578
2010-12-14,94.37173461914062,67.93498992919922,22.34491539001465,136.17999267578125
2010-12-15,93.94025421142578,67.81826782226562,22.285736083984375,134.6999969482422
2010-12-16,94.48526000976562,67.94792938232422,22.209646224975586,133.80999755859375
2010-12-17,94.58648681640625,68.31749725341797,22.37873077392578,134.1999969482422
2010-12-20,94.81475830078125,68.36288452148438,22.581636428833008,135.11000061035156
2010-12-21,95.41592407226562,68.49250793457031,22.725360870361328,135.32000732421875
2010-12-22,95.71269226074219,68.41474151611328,22.84372329711914,135.0500030517578
2010-12-23,95.57574462890625,68.28507232666016,22.928268432617188,134.66000366210938
2010-12-27,95.6137924194336,68.47956848144531,22.88599395751953,135.02000427246094
2010-12-28,95.750732421875,68.07892608642578,23.13117218017578,137.22000122070312
2010-12-29,95.81919860839844,68.56027221679688,23.139629364013672,137.7100067138672
2010-12-30,95.6670150756836,68.5082015991211,22.860633850097656,137.02999877929688
2010-12-31,95.68984985351562,68.78789520263672,23.291805267333984,138.72000122070312
2011-01-03,96.67912292480469,68.70985412597656,23.393259048461914,138.0
2011-01-04,96.62583923339844,68.72937774658203,23.0804443359375,134.75
2011-01-05,97.1280517578125,68.39763641357422,23.32562255859375,134.3699951171875
2011-01-06,96.9378433227539,68.41063690185547,23.012813568115234,133.8300018310547
2011-01-07,96.7475814819336,68.63182067871094,22.928268432617188,133.5800018310547
2011-01-10,96.62583923339844,68.81397247314453,23.198808670043945,134.1199951171875
2011-01-11,96.96825408935547,68.67735290527344,23.460895538330078,134.91000366210938
2011-01-12,97.8433609008789,68.67081451416016,23.613073348999023,135.4600067138672
2011-01-13,97.68354034423828,68.91797637939453,23.579254150390625,134.0500030517578
2011-01-14,98.3912582397461,68.77494049072266,23.68916130065918,132.69000244140625
2011-01-18,98.55864715576172,68.72937774658203,23.663799285888672,133.42999267578125
2011-01-19,97.59223175048828,68.74240112304688,23.6384334564209,133.72000122070312
2011-01-20,97.46288299560547,68.48219299316406,23.40171241760254,131.1999969482422
2011-01-21,97.68354034423828,68.69683837890625,23.6384334564209,131.02999877929688
2011-01-24,98.23905944824219,68.65782165527344,23.435531616210938,130.36000061035156
2011-01-25,98.29232025146484,68.87245178222656,23.139629364013672,130.10000610351562
2011-01-26,98.67280578613281,68.64480590820312,23.655344009399414,131.16000366210938
2011-01-27,98.91629791259766,68.76188659667969,23.452438354492188,127.93000030517578
2011-01-28,97.18893432617188,68.85945129394531,23.74834442138672,130.27999877929688
2011-01-31,97.91943359375,68.72937774658203,24.120336532592773,129.8699951171875
2011-02-01,99.48700714111328,68.58316802978516,24.297874450683594,130.8000030517578
2011-02-02,99.2967758178711,68.50492858886719,24.53459930419922,130.4499969482422
2011-02-03,99.51748657226562,68.2504653930664,24.373966217041016,132.1999969482422
2011-02-04,99.79899597167969,68.02214050292969,24.238697052001953,131.66000366210938
2011-02-07,100.42301940917969,68.04825592041016,24.171062469482422,131.67999267578125
2011-02-08,100.87957763671875,67.8525161743164,24.331693649291992,133.13999938964844
2011-02-09,100.65127563476562,67.97647857666016,24.450054168701172,133.07000732421875
2011-02-10,100.68933868408203,67.78069305419922,24.30632972717285,132.85000610351562
2011-02-11,101.29045867919922,68.04825592041016,24.221786499023438,132.32000732421875
2011-02-14,101.53396606445312,68.0808334350586,24.34014892578125,132.9499969482422
2011-02-15,101.21438598632812,68.1656723022461,24.02733612060547,133.97000122070312
2011-02-16,101.85356140136719,68.1656723022461,24.204875946044922,134.10000610351562
2011-02-17,102.15796661376953,68.3287582397461,24.28096580505371,135.0399932861328
2011-02-18,102.37104797363281,68.30265808105469,24.255605697631836,135.41000366210938
2011-02-22,100.31649017333984,68.55061340332031,24.221786499023438,136.2899932861328
2011-02-23,99.70010375976562,68.60282135009766,24.762868881225586,137.50999450683594
2011-02-24,99.631591796875,68.6158447265625,24.543054580688477,136.47999572753906
2011-02-25,100.69690704345703,68.79850769042969,25.08413314819336,137.3800048828125
2011-02-28,101.32089233398438,68.92900085449219,25.12640380859375,137.66000366210938
2011-03-01,99.631591796875,68.8733901977539,25.50684928894043,140.02999877929688
2011-03-02,99.84468078613281,68.76219177246094,25.608304977416992,139.9199981689453
2011-03-03,101.56444549560547,68.52008056640625,25.599851608276367,138.08999633789062
2011-03-04,100.80345153808594,68.7032699584961,25.726667404174805,139.35000610351562
2011-03-07,100.01203155517578,68.73603057861328,25.608304977416992,139.72000122070312
2011-03-08,100.88713836669922,68.6837158203125,25.38849449157715,139.36000061035156
2011-03-09,100.74256896972656,68.84722137451172,25.48994255065918,139.41000366210938
2011-03-10,98.87825012207031,69.08930206298828,25.0756778717041,137.77000427246094
2011-03-11,99.56312561035156,69.10235595703125,24.931955337524414,138.22000122070312
2011-03-14,98.96197509765625,69.14166259765625,24.999588012695312,138.86000061035156
2011-03-15,97.8281478881836,69.16783142089844,24.086519241333008,136.27000427246094
2011-03-16,96.01708221435547,69.36406707763672,24.230243682861328,136.24000549316406
2011-03-17,97.28784942626953,69.31826782226562,24.98267936706543,136.97000122070312
2011-03-18,97.64173126220703,69.29208374023438,25.12640380859375,138.3699951171875
2011-03-21,99.15496826171875,69.12852478027344,25.244768142700195,139.13999938964844
2011-03-22,98.81104278564453,69.13508605957031,25.430761337280273,139.0500030517578
2011-03-23,99.09381103515625,69.10235595703125,25.481489181518555,140.33999633789062
2011-03-24,100.04149627685547,68.91265869140625,25.5660343170166,139.22000122070312
2011-03-25,100.34718322753906,68.853759765625,25.633668899536133,139.25999450683594
2011-03-28,100.10262298583984,68.8210220336914,25.287038803100586,138.5399932861328
2011-03-29,100.77519989013672,68.73603057861328,25.430761337280273,138.2100067138672
2011-03-30,101.47064971923828,68.853759765625,25.39694595336914,138.6699981689453
2011-03-31,101.33309936523438,68.7752914428711,25.794301986694336,139.86000061035156
2011-04-01,101.76106262207031,68.86908721923828,25.971843719482422,139.1999969482422
2011-04-04,101.84514617919922,68.98065185546875,26.20856475830078,139.83999633789062
2011-04-05,101.82986450195312,68.83626556396484,26.233928680419922,142.0500030517578
2011-04-06,102.1508560180664,68.63288116455078,26.31001853942871,142.3800048828125
2011-04-07,101.89102935791016,68.73787689208984,26.36074447631836,142.50999450683594
2011-04-08,101.53943634033203,68.60665130615234,26.98636817932129,143.66000366210938
2011-04-11,101.23371124267578,68.67225646972656,26.48755645751953,142.63999938964844
2011-04-12,100.47712707519531,68.93468475341797,25.946481704711914,141.61000061035156
2011-04-13,100.4694595336914,69.00690460205078,26.149383544921875,141.89999389648438
2011-04-14,100.54589080810547,68.94129943847656,26.21702003479004,143.80999755859375
2011-04-15,100.9127426147461,69.19059753417969,26.3522891998291,145.0500030517578
2011-04-18,99.7816162109375,69.30872344970703,26.19165802001953,145.92999267578125
2011-04-19,100.35484313964844,69.44647216796875,26.200109481811523,145.92999267578125
2011-04-20,101.72286987304688,69.34811401367188,26.614376068115234,146.5
2011-04-21,102.24254608154297,69.39403533935547,26.80882453918457,146.74000549316406
2011-04-25,102.13558197021484,69.43336486816406,26.732736587524414,146.8699951171875
2011-04-26,103.01443481445312,69.68927764892578,26.724285125732422,146.3800048828125
2011-04-27,103.68701171875,69.63021850585938,26.88491439819336,149.1999969482422
2011-04-28,104.02326965332031,69.79430389404297,26.690465927124023,149.82000732421875
2011-04-29,104.26782989501953,69.85330963134766,26.969459533691406,152.3699951171875
2011-05-02,104.10733795166016,69.89014434814453,26.69891929626465,150.41000366210938
2011-05-03,103.73282623291016,69.90992736816406,26.4199275970459,149.8800048828125
2011-05-04,103.04505157470703,70.04156494140625,25.997207641601562,147.72999572753906
2011-05-05,102.11262512207031,70.19944763183594,24.255605697631836,143.47000122070312
2011-05-06,102.56352233886719,70.19293212890625,24.17951774597168,145.3000030517578
2011-05-09,102.96097564697266,70.27185821533203,25.06722640991211,147.3800048828125
2011-05-10,103.83987426757812,70.14686584472656,25.295495986938477,147.89999389648438
2011-05-11,102.7469711303711,70.27185821533203,24.483871459960938,146.5399932861328
2011-05-12,103.23607635498047,70.16656494140625,24.50923728942871,146.58999633789062
2011-05-13,102.44125366210938,70.2784652709961,24.551509857177734,145.6300048828125
2011-05-16,101.79164123535156,70.42979431152344,24.230243682861328,145.3699951171875
2011-05-17,101.77635192871094,70.5087890625,24.28942108154297,144.74000549316406
2011-05-18,102.68582916259766,70.39688873291016,24.779775619506836,145.60000610351562
2011-05-19,102.93036651611328,70.34423065185547,24.585325241088867,145.64999389648438
2011-05-20,102.11262512207031,70.41006469726562,24.813594818115234,147.49000549316406
2011-05-23,100.92801666259766,70.46932220458984,24.416236877441406,147.8300018310547
2011-05-24,100.843994140625,70.49562072753906,24.745960235595703,148.58999633789062
2011-05-25,101.18022155761719,70.48246765136719,25.194040298461914,148.5800018310547
2011-05-26,101.64641571044922,70.6338119506836,25.287038803100586,148.22000122070312
2011-05-27,102.03621673583984,70.69962310791016,25.430761337280273,149.6999969482422
2011-05-31,103.09852600097656,70.71932983398438,25.574487686157227,149.63999938964844
2011-06-01,100.78282165527344,71.02495574951172,25.253223419189453,149.91000366210938
2011-06-02,100.67583465576172,70.74114990234375,25.473033905029297,149.5
2011-06-03,99.67463684082031,70.83348846435547,25.574487686157227,150.22000122070312
2011-06-06,98.61994934082031,70.84674835205078,25.278583526611328,150.47999572753906
2011-06-07,98.55884552001953,70.991943359375,25.515308380126953,150.4199981689453
2011-06-08,98.14611053466797,71.0513687133789,25.726667404174805,149.80999755859375
2011-06-09,98.89508819580078,70.94574737548828,25.870389938354492,150.55999755859375
2011-06-10,97.5194320678711,70.9391860961914,25.599851608276367,149.24000549316406
2011-06-13,97.59587860107422,70.84674835205078,25.430761337280273,147.77000427246094
2011-06-14,98.833984375,70.65536499023438,25.608304977416992,148.6699981689453
2011-06-15,97.07614135742188,70.83348846435547,24.92350196838379,149.1199951171875
2011-06-16,97.29016876220703,70.87972259521484,24.822050094604492,148.97000122070312
2011-06-17,97.58047485351562,70.94574737548828,24.712139129638672,149.94000244140625
2011-06-20,98.07970428466797,70.85334777832031,24.576871871948242,150.02999877929688
2011-06-21,99.42378997802734,70.91934204101562,24.593782424926758,150.75999450683594
2011-06-22,98.82472229003906,70.87313079833984,24.703683853149414,150.99000549316406
2011-06-23,98.54057312011719,71.10416412353516,24.17951774597168,148.33999633789062
2011-06-24,97.39617156982422,71.03810119628906,23.89206886291504,146.25999450683594
2011-06-27,98.2640609741211,70.91277313232422,23.883609771728516,145.72999572753906
2011-06-28,99.54669189453125,70.62897491455078,24.30632972717285,146.24000549316406
2011-06-29,100.39920806884766,70.41776275634766,24.745960235595703,147.17999267578125
2011-06-30,101.35926055908203,70.404541015625,24.483871459960938,146.0
2011-07-01,102.85694885253906,70.42704010009766,24.517690658569336,144.92999267578125
2011-07-05,102.77249908447266,70.69844818115234,24.847408294677734,147.6300048828125
2011-07-06,102.89535522460938,70.73812866210938,24.838958740234375,148.91000366210938
2011-07-07,103.96297454833984,70.53958129882812,25.36312484741211,149.14999389648438
2011-07-08,103.22563171386719,70.90364074707031,25.337764739990234,150.25
2011-07-11,101.35926055908203,71.09558868408203,25.143314361572266,151.58999633789062
2011-07-12,100.92147827148438,71.15514373779297,25.36312484741211,152.77000427246094
2011-07-13,101.2594223022461,71.29411315917969,25.709758758544922,154.13999938964844
2011-07-14,100.56053924560547,71.11543273925781,25.5660343170166,154.5399932861328
2011-07-15,101.14424896240234,71.21475982666016,25.794301986694336,155.1999969482422
2011-07-18,100.31474304199219,71.10882568359375,25.650577545166016,156.57000732421875
2011-07-19,101.9429931640625,71.26102447509766,25.828115463256836,154.66000366210938
2011-07-20,101.88157653808594,71.14852905273438,25.912662506103516,156.02000427246094
2011-07-21,103.29474639892578,71.03597259521484,25.785846710205078,154.8300018310547
2011-07-22,103.36386108398438,71.18821716308594,25.997207641601562,156.1199951171875
2011-07-25,102.7878646850586,70.98306274414062,25.870389938354492,157.33999633789062
2011-07-26,102.40381622314453,71.14852905273438,26.07329559326172,157.77000427246094
2011-07-27,100.30706024169922,71.02941131591797,25.895753860473633,157.19000244140625
2011-07-28,100.01521301269531,71.16837310791016,25.811208724975586,157.32000732421875
2011-07-29,99.33162689208984,71.592041015625,25.599851608276367,158.2899932861328
2011-08-01,98.9092025756836,71.76456451416016,25.599851608276367,157.72000122070312
2011-08-02,96.38233184814453,72.06986999511719,25.599851608276367,161.52000427246094
2011-08-03,96.90457916259766,72.14292907714844,25.219404220581055,161.49000549316406
2011-08-04,92.36541748046875,72.52790069580078,24.26405906677246,160.63999938964844
2011-08-05,92.2271728515625,72.05001831054688,24.365510940551758,161.75
2011-08-08,86.22105407714844,72.08319854736328,23.460895538330078,167.1199951171875
2011-08-09,90.23026275634766,72.50794982910156,23.68916130065918,168.61000061035156
2011-08-10,86.24408721923828,73.0987319946289,23.790613174438477,174.5800018310547
2011-08-11,90.11505889892578,72.18939208984375,24.30632972717285,170.75
2011-08-12,90.72179412841797,72.50794982910156,24.272512435913086,169.97000122070312
2011-08-15,92.64192199707031,72.62079620361328,24.568416595458984,171.8000030517578
2011-08-16,91.85083770751953,72.77349853515625,24.568416595458984,173.9199981689453
2011-08-17,91.91229248046875,72.89295196533203,24.779775619506836,174.4199981689453
2011-08-18,87.94916534423828,72.99917602539062,24.171062469482422,177.72000122070312
2011-08-19,86.5129165649414,73.03231811523438,24.602235794067383,179.9499969482422
2011-08-22,86.58204650878906,72.93944549560547,24.644506454467773,184.58999633789062
2011-08-23,89.43148040771484,72.76681518554688,24.89813804626465,177.6699981689453
2011-08-24,90.69109344482422,72.35536193847656,24.644506454467773,171.64999389648438
2011-08-25,89.30858612060547,72.50132751464844,24.754411697387695,172.36000061035156
2011-08-26,90.60662078857422,72.60091400146484,25.033405303955078,177.47000122070312
2011-08-29,93.21028137207031,72.52127838134766,25.117952346801758,173.88999938964844
2011-08-30,93.45606994628906,72.7469253540039,25.456125259399414,179.10000610351562
2011-08-31,93.8708267211914,72.6805419921875,25.498397827148438,177.72000122070312
2011-09-01,92.88768768310547,72.91470336914062,25.320858001708984,177.8699951171875
2011-09-02,90.51445007324219,73.13420104980469,25.185585021972656,183.24000549316406
2011-09-06,89.85391998291016,73.3270492553711,25.101043701171875,182.89999389648438
2011-09-07,92.38849639892578,73.15415954589844,25.329309463500977,177.0800018310547
2011-09-08,91.42842102050781,73.17414855957031,25.16022300720215,181.80999755859375
2011-09-09,89.0321273803711,73.27387237548828,24.762868881225586,180.6999969482422
2011-09-12,89.60816955566406,73.1275634765625,24.703683853149414,176.6699981689453
2011-09-13,90.42994689941406,73.15415954589844,24.62759780883789,178.5399932861328
2011-09-14,91.68187713623047,73.16740417480469,24.50923728942871,177.2100067138672
2011-09-15,93.26406860351562,72.95459747314453,24.610689163208008,174.39999389648438
2011-09-16,93.81603240966797,73.06101989746094,24.500782012939453,176.02999877929688
2011-09-19,92.88190460205078,73.2207260131836,24.086519241333008,173.30999755859375
2011-09-20,92.77379608154297,73.36701202392578,24.044246673583984,175.77999877929688
2011-09-21,90.0408706665039,73.4867172241211,23.68916130065918,173.58999633789062
2011-09-22,87.13035583496094,73.69954681396484,22.8521785736084,169.0500030517578
2011-09-23,87.65530395507812,73.32044219970703,22.446367263793945,159.8000030517578
2011-09-26,89.73977661132812,73.15415954589844,22.522457122802734,157.5800018310547
2011-09-27,90.74339294433594,73.05436706542969,22.902902603149414,160.6300048828125
2011-09-28,88.89054107666016,72.99452209472656,22.285736083984375,156.22000122070312
2011-09-29,89.59309387207031,72.9678726196289,22.547819137573242,157.6999969482422
2011-09-30,87.35420989990234,73.24065399169922,21.770015716552734,158.05999755859375
2011-10-03,84.8683090209961,73.53986358642578,21.660114288330078,160.9600067138672
2011-10-04,86.72888946533203,73.31330871582031,21.617839813232422,157.63999938964844
2011-10-05,88.33467864990234,73.06664276123047,21.922195434570312,159.4600067138672
2011-10-06,89.93278503417969,72.94668579101562,22.37873077392578,160.49000549316406
2011-10-07,89.33062744140625,72.80008697509766,22.277280807495117,159.17999267578125
2011-10-10,92.31832885742188,72.6534423828125,22.77608871459961,163.27000427246094
2011-10-11,92.4109878540039,72.82671356201172,22.945175170898438,162.10000610351562
2011-10-12,93.22158813476562,72.68681335449219,22.987449645996094,163.25999450683594
2011-10-13,93.03628540039062,72.72674560546875,23.038175582885742,162.3000030517578
2011-10-14,94.6266860961914,72.60678100585938,23.562345504760742,163.39999389648438
2011-10-17,92.82012939453125,72.89338684082031,23.224166870117188,162.6199951171875
2011-10-18,94.6343994140625,72.81343078613281,23.350988388061523,161.83999633789062
2011-10-19,93.51495361328125,72.91999816894531,22.89444923400879,159.8699951171875
2011-10-20,93.92414093017578,72.88003540039062,22.860633850097656,157.77000427246094
2011-10-21,95.7074966430664,72.91999816894531,22.978992462158203,159.52000427246094
2011-10-24,96.8809814453125,72.80674743652344,23.342533111572266,161.02000427246094
2011-10-25,94.99723815917969,73.17996978759766,23.418622970581055,165.58999633789062
2011-10-26,95.96226501464844,72.97999572753906,23.28335189819336,167.39999389648438
2011-10-27,99.30512237548828,72.70010375976562,23.90052032470703,169.5500030517578
2011-10-28,99.2819595336914,72.98668670654297,23.799070358276367,169.6199951171875
2011-10-31,96.88871002197266,73.33324432373047,23.435531616210938,167.33999633789062
2011-11-01,94.18659973144531,73.6854248046875,23.156536102294922,167.3800048828125
2011-11-02,95.72293853759766,73.6854248046875,23.300260543823242,169.05999755859375
2011-11-03,97.46772003173828,73.5250244140625,23.58770751953125,171.72000122070312
2011-11-04,96.87323760986328,73.50505828857422,23.663799285888672,170.85000610351562
2011-11-07,97.47543334960938,73.56513977050781,24.010427474975586,174.97999572753906
2011-11-08,98.7260971069336,73.46488952636719,24.1287899017334,173.52999877929688
2011-11-09,95.0821304321289,73.59187316894531,23.596162796020508,172.07000732421875
2011-11-10,95.97770690917969,73.4515151977539,23.570798873901367,171.13999938964844
2011-11-11,97.78423309326172,73.36468505859375,23.799070358276367,173.9600067138672
2011-11-14,96.85781860351562,73.42478942871094,23.545434951782227,173.1999969482422
2011-11-15,97.3364486694336,73.3312759399414,23.71452522277832,173.36000061035156
2011-11-16,95.79244232177734,73.30451202392578,23.655344009399414,171.50999450683594
2011-11-17,94.27153778076172,73.26441192626953,23.105810165405273,167.10000610351562
2011-11-18,94.17118072509766,73.25104522705078,23.071992874145508,167.6199951171875
2011-11-21,92.38007354736328,73.23767852783203,22.902902603149414,163.5
2011-11-22,92.01721954345703,73.2911376953125,23.055084228515625,165.30999755859375
2011-11-23,89.98682403564453,73.35796356201172,22.708454132080078,164.8300018310547
2011-11-25,89.81697845458984,73.25772094726562,22.522457122802734,163.39999389648438
2011-11-28,92.41865539550781,73.25104522705078,22.80145263671875,166.6300048828125
2011-11-29,92.68119049072266,73.27775573730469,23.097354888916016,166.8800048828125
2011-11-30,96.49494171142578,73.0906753540039,23.367895126342773,170.1300048828125
2011-12-01,96.4795150756836,73.11620330810547,23.28335189819336,169.6300048828125
2011-12-02,96.39459228515625,73.3042984008789,23.486257553100586,169.82000732421875
2011-12-05,97.44452667236328,73.38493347167969,23.359439849853516,167.32000732421875
2011-12-06,97.47543334960938,73.31775665283203,23.486257553100586,168.17999267578125
2011-12-07,97.8382797241211,73.45211791992188,23.28335189819336,169.39999389648438
2011-12-08,95.69205474853516,73.52601623535156,22.987449645996094,165.97999572753906
2011-12-09,97.31329345703125,73.48574829101562,23.071992874145508,166.39999389648438
2011-12-12,95.89279174804688,73.50584411621094,22.77608871459961,161.99000549316406
2011-12-13,94.99723815917969,73.65364837646484,22.86908721923828,158.4499969482422
2011-12-14,93.98587799072266,73.83506774902344,22.05746841430664,152.88999938964844
2011-12-15,94.32559967041016,73.68050384521484,21.947561264038086,152.3300018310547
2011-12-16,94.46541595458984,73.92906951904297,22.125102996826172,155.22999572753906
2011-12-19,93.45542907714844,74.00294494628906,22.023649215698242,154.8699951171875
2011-12-20,96.28341674804688,73.9022216796875,22.53091049194336,156.97999572753906
2011-12-21,96.4698715209961,73.71407318115234,22.69154930114746,157.16000366210938
2011-12-22,97.3244857788086,73.8282699584961,22.716909408569336,156.0399932861328
2011-12-23,98.19463348388672,73.74091339111328,22.826812744140625,156.30999755859375
2011-12-27,98.27230834960938,73.87398529052734,22.928268432617188,154.91000366210938
2011-12-28,96.98262786865234,74.0016860961914,22.65772819519043,151.02999877929688
2011-12-29,97.98485565185547,74.1763916015625,22.725360870361328,150.33999633789062
2011-12-30,97.503173828125,74.08233642578125,22.69154930114746,151.99000549316406
2012-01-03,99.05699920654297,73.9344711303711,23.367895126342773,155.9199981689453
2012-01-04,99.21240234375,73.8337173461914,23.545434951782227,156.7100067138672
2012-01-05,99.4765396118164,73.9344711303711,23.224166870117188,157.77999877929688
2012-01-06,99.22017669677734,73.99496459960938,23.32562255859375,157.1999969482422
2012-01-09,99.46099853515625,73.9344711303711,23.350988388061523,156.5
2012-01-10,100.3233871459961,73.91437530517578,23.52007484436035,158.63999938964844
2012-01-11,100.37776184082031,74.1763916015625,23.452438354492188,159.6699981689453
2012-01-12,100.61860656738281,74.11592864990234,23.122718811035156,160.3800048828125
2012-01-13,100.09806823730469,74.2839126586914,23.071992874145508,159.25999450683594
2012-01-17,100.48653411865234,74.3040542602539,23.232624053955078,160.5
2012-01-18,101.59750366210938,74.20999908447266,23.241077423095703,161.60000610351562
2012-01-19,102.13358306884766,74.08903503417969,23.342533111572266,161.22000122070312
2012-01-20,102.51429748535156,73.90086364746094,23.173442840576172,162.07000732421875
2012-01-23,102.2501449584961,73.84041595458984,23.443984985351562,163.16000366210938
2012-01-24,102.13358306884766,73.90086364746094,23.486257553100586,162.00999450683594
2012-01-25,102.98820495605469,74.00841522216797,23.680706024169922,166.4199981689453
2012-01-26,102.45990753173828,74.15625762939453,23.74834442138672,167.27000427246094
2012-01-27,102.41329956054688,74.27719116210938,23.832887649536133,168.97000122070312
2012-01-30,102.06370544433594,74.49219512939453,23.58770751953125,168.02999877929688
2012-01-31,102.02481842041016,74.619873046875,23.528528213500977,169.30999755859375
2012-02-01,102.91826629638672,74.48854064941406,23.604616165161133,169.55999755859375
2012-02-02,103.08142852783203,74.50870513916016,23.663799285888672,171.0500030517578
2012-02-03,104.5265121459961,74.47504425048828,23.942792892456055,167.63999938964844
2012-02-06,104.45658874511719,74.52896118164062,24.061153411865234,167.17999267578125
2012-02-07,104.72073364257812,74.45482635498047,24.044246673583984,169.6999969482422
2012-02-08,105.03150177001953,74.39421081542969,24.154151916503906,168.5
2012-02-09,105.16357421875,74.27299499511719,24.28096580505371,168.02000427246094
2012-02-10,104.38664245605469,74.3740005493164,24.052698135375977,167.13999938964844
2012-02-13,105.16357421875,74.40092468261719,24.111881256103516,167.50999450683594
2012-02-14,105.03150177001953,74.46161651611328,24.103425979614258,167.1199951171875
2012-02-15,104.54208374023438,74.43466186523438,24.187971115112305,168.11000061035156
2012-02-16,105.69965362548828,74.42117309570312,24.297874450683594,168.0
2012-02-17,105.9793701171875,74.326904296875,24.255605697631836,167.35000610351562
2012-02-21,106.02597045898438,74.21232604980469,24.636051177978516,171.02000427246094
2012-02-22,105.6841049194336,74.42117309570312,24.86431884765625,172.94000244140625
2012-02-23,106.15030670166016,74.48173522949219,24.940410614013672,173.02000427246094
2012-02-24,106.3833236694336,74.50202178955078,25.092586517333984,172.22999572753906
2012-02-27,106.56205749511719,74.73776245117188,24.889684677124023,171.6999969482422
2012-02-28,106.87279510498047,74.68385314941406,24.881229400634766,173.49000549316406
2012-02-29,106.45330047607422,74.6097640991211,24.788230895996094,164.2899932861328
2012-03-01,107.0048828125,74.45919799804688,25.17713165283203,166.61000061035156
2012-03-02,106.67858123779297,74.62128448486328,24.92350196838379,166.33999633789062
2012-03-05,106.2435073852539,74.51326751708984,24.805139541625977,165.64999389648438
2012-03-06,104.68968963623047,74.6617660522461,24.399328231811523,162.6999969482422
2012-03-07,105.41998291015625,74.59425354003906,24.50923728942871,163.6300048828125
2012-03-08,106.46875762939453,74.4254379272461,24.712139129638672,165.27999877929688
2012-03-09,106.88059997558594,74.4118881225586,24.779775619506836,166.3800048828125
2012-03-12,106.88833618164062,74.47943115234375,24.745960235595703,165.07000732421875
2012-03-13,108.81512451171875,74.22955322265625,24.855865478515625,162.3000030517578
2012-03-14,108.69855499267578,73.82437896728516,24.686777114868164,159.57000732421875
2012-03-15,109.32782745361328,73.79058837890625,24.703683853149414,161.0800018310547
2012-03-16,109.4792709350586,73.79737854003906,25.00804328918457,161.3000030517578
2012-03-19,109.90840911865234,73.56098937988281,24.965774536132812,161.58999633789062
2012-03-20,109.5885238647461,73.66908264160156,24.66141128540039,160.1300048828125
2012-03-21,109.40901184082031,73.84468078613281,24.602235794067383,160.2100067138672
2012-03-22,108.62088775634766,73.91219329833984,24.407785415649414,159.57000732421875
2012-03-23,108.97203826904297,74.08099365234375,24.644506454467773,161.52999877929688
2012-03-26,110.50143432617188,74.02699279785156,24.754411697387695,164.39999389648438
2012-03-27,110.15815734863281,74.1080093383789,24.65296173095703,163.24000549316406
2012-03-28,109.61189270019531,74.09454345703125,24.416236877441406,161.50999450683594
2012-03-29,109.42462921142578,74.29706573486328,24.078062057495117,161.27999877929688
2012-03-30,109.87718963623047,74.18228149414062,24.348600387573242,162.1199951171875
2012-04-02,110.68094635009766,74.19111633300781,24.66141128540039,162.94000244140625
2012-04-03,110.22831726074219,73.87301635742188,24.551509857177734,159.88999938964844
2012-04-04,109.13592529296875,74.02865600585938,24.171062469482422,157.2100067138672
2012-04-05,109.0812759399414,74.19788360595703,24.26405906677246,158.30999755859375
2012-04-09,107.85620880126953,74.52274322509766,24.154151916503906,159.3699951171875
2012-04-10,106.04581451416016,74.52951049804688,23.832887649536133,161.10000610351562
2012-04-11,106.90416717529297,74.53623962402344,23.89206886291504,161.07000732421875
2012-04-12,108.30094146728516,74.46182250976562,24.204875946044922,162.6999969482422
2012-04-13,107.01341247558594,74.69194793701172,23.959699630737305,160.85000610351562
2012-04-16,106.94319152832031,74.70545196533203,23.722978591918945,160.4600067138672
2012-04-17,108.52725219726562,74.71900939941406,23.832887649536133,160.25
2012-04-18,108.1604995727539,74.81373596191406,23.604616165161133,159.30999755859375
2012-04-19,107.46600341796875,74.75965118408203,23.613073348999023,159.42999267578125
2012-04-20,107.64547729492188,74.77316284179688,23.706069946289062,159.5399932861328
2012-04-23,106.7403335571289,74.84761047363281,23.663799285888672,159.07000732421875
2012-04-24,107.14608764648438,74.73932647705078,23.663799285888672,159.3000030517578
2012-04-25,108.61309051513672,74.77316284179688,23.799070358276367,159.6199951171875
2012-04-26,109.37004089355469,74.88822174072266,23.849796295166016,161.02999877929688
2012-04-27,109.5494613647461,74.88148498535156,23.92588233947754,161.3800048828125
2012-04-30,109.14372253417969,74.85440826416016,24.01888084411621,161.8800048828125
2012-05-01,109.82259368896484,74.82722473144531,24.01888084411621,161.32000732421875
2012-05-02,109.49484252929688,74.90184020996094,23.706069946289062,160.58999633789062
2012-05-03,108.65989685058594,74.98320007324219,23.443984985351562,158.97000122070312
2012-05-04,106.90416717529297,75.0578384399414,23.029720306396484,159.47000122070312
2012-05-07,106.98222351074219,75.08493041992188,22.978992462158203,159.0800018310547
2012-05-08,106.55302429199219,75.13922119140625,22.89444923400879,156.0
2012-05-09,105.92097473144531,75.1595687866211,22.716909408569336,154.47000122070312
2012-05-10,106.13945770263672,75.08493041992188,22.725360870361328,154.77000427246094
2012-05-11,105.81954956054688,75.13922119140625,22.5562744140625,153.55999755859375
2012-05-14,104.64904022216797,75.3088150024414,22.260372161865234,151.3300018310547
2012-05-15,104.04815673828125,75.26812744140625,22.302642822265625,149.74000549316406
2012-05-16,103.65025329589844,75.25454711914062,22.277280807495117,149.4600067138672
2012-05-17,102.11300659179688,75.302001953125,22.22655487060547,152.8000030517578
2012-05-18,101.23905944824219,75.28160095214844,22.209646224975586,154.5500030517578
2012-05-21,102.97914123535156,75.26812744140625,22.50554847717285,154.64999389648438
2012-05-22,103.15862274169922,75.08493041992188,22.184282302856445,152.0800018310547
2012-05-23,103.21327209472656,75.17317962646484,21.93910789489746,151.6199951171875
2012-05-24,103.41617584228516,75.11207580566406,21.947561264038086,151.41000366210938
2012-05-25,103.0805892944336,75.22742462158203,22.023649215698242,152.67999267578125
2012-05-29,104.32909393310547,75.18670654296875,21.930652618408203,151.02000427246094
2012-05-30,102.8152847290039,75.43762969970703,21.52484130859375,151.91000366210938
2012-05-31,102.58898162841797,75.66148376464844,21.33884620666504,151.6199951171875
2012-06-01,100.0061264038086,75.85040283203125,20.89921760559082,157.5
2012-06-04,99.95933532714844,75.67367553710938,21.017578125,157.32000732421875
2012-06-05,100.71621704101562,75.5173568725586,20.94148826599121,157.13999938964844
2012-06-06,102.97914123535156,75.29306030273438,21.330392837524414,157.2100067138672
2012-06-07,103.04159545898438,75.4085922241211,21.186664581298828,154.5
2012-06-08,103.86090087890625,75.37460327148438,21.25429916381836,154.72999572753906
2012-06-11,102.54219055175781,75.44255065917969,20.865400314331055,155.36000061035156
2012-06-12,103.72044372558594,75.38142395019531,20.966854095458984,156.4600067138672
2012-06-13,103.05721282958984,75.5785140991211,20.80622100830078,157.1199951171875
2012-06-14,104.14962768554688,75.52415466308594,21.0513973236084,157.75
2012-06-15,105.21481323242188,75.70092010498047,21.017578125,157.83999633789062
2012-06-18,105.41876983642578,75.68046569824219,21.034486770629883,157.92999267578125
2012-06-19,106.43842315673828,75.59212493896484,21.2120304107666,157.16000366210938
2012-06-20,106.26583099365234,75.47661590576172,20.865400314331055,155.97000122070312
2012-06-21,103.88141632080078,75.5785140991211,20.417316436767578,152.02000427246094
2012-06-22,104.68145751953125,75.46980285644531,20.620222091674805,152.63999938964844
2012-06-25,103.00289916992188,75.70768737792969,20.831581115722656,153.75999450683594
2012-06-26,103.52057647705078,75.6260986328125,20.975305557250977,152.6199951171875
2012-06-27,104.45397186279297,75.66007232666016,21.09366798400879,152.8300018310547
2012-06-28,104.15592956542969,75.74846649169922,20.865400314331055,151.0500030517578
2012-06-29,106.7521743774414,75.64652252197266,21.770015716552734,155.19000244140625
2012-07-02,107.07377624511719,75.79154968261719,21.727745056152344,155.08999633789062
2012-07-03,107.77970123291016,75.73710632324219,22.336462020874023,157.4600067138672
2012-07-05,107.29337310791016,75.9345703125,22.421005249023438,155.67999267578125
2012-07-06,106.2737045288086,75.98902893066406,21.905284881591797,153.7100067138672
2012-07-09,106.14037322998047,76.13883972167969,22.294191360473633,154.0399932861328
2012-07-10,105.21481323242188,76.17292785644531,22.006742477416992,152.14999389648438
2012-07-11,105.23051452636719,76.1661148071289,22.251916885375977,152.99000549316406
2012-07-12,104.72066497802734,76.30229949951172,22.302642822265625,152.58999633789062
2012-07-13,106.47763061523438,76.32955169677734,22.573184967041016,154.13999938964844
2012-07-16,106.22663116455078,76.39087677001953,22.8521785736084,154.2100067138672
2012-07-17,106.95612335205078,76.36360168457031,22.877540588378906,153.47000122070312
2012-07-18,107.74829864501953,76.51343536376953,23.0804443359375,153.0500030517578
2012-07-19,108.03070068359375,76.45217895507812,23.359439849853516,153.3800048828125
2012-07-20,107.04237365722656,76.56109619140625,23.359439849853516,153.6699981689453
2012-07-23,105.9599609375,76.62919616699219,22.86908721923828,153.02999877929688
2012-07-24,105.05010986328125,76.72459411621094,22.73381805419922,153.52000427246094
2012-07-25,105.07362365722656,76.75177764892578,22.902902603149414,155.6699981689453
2012-07-26,106.80708312988281,76.70413208007812,22.945175170898438,156.77000427246094
2012-07-27,108.77582550048828,76.47258758544922,23.18189811706543,157.5399932861328
2012-07-30,108.77582550048828,76.60198974609375,23.317169189453125,157.42999267578125
2012-07-31,108.01502227783203,76.67684173583984,23.038175582885742,156.49000549316406
2012-08-01,107.92088317871094,76.58817291259766,23.071992874145508,155.13999938964844
2012-08-02,107.17575073242188,76.60183715820312,22.877540588378906,154.1300048828125
2012-08-03,109.30137634277344,76.41763305664062,23.266443252563477,155.5500030517578
2012-08-06,109.51316833496094,76.53363037109375,23.40171241760254,156.3000030517578
2012-08-07,110.06217193603516,76.32890319824219,23.579254150390625,156.27999877929688
2012-08-08,110.1955337524414,76.23334503173828,23.646888732910156,156.47999572753906
2012-08-09,110.28965759277344,76.21281433105469,23.84134292602539,156.99000549316406
2012-08-10,110.47005462646484,76.3357162475586,23.71452522277832,157.17999267578125
2012-08-13,110.41517639160156,76.32890319824219,23.528528213500977,155.99000549316406
2012-08-14,110.43086242675781,76.15147399902344,23.553890228271484,155.1300048828125
2012-08-15,110.55636596679688,75.90583038330078,23.75679588317871,155.6300048828125
2012-08-16,111.37210845947266,75.81029510498047,23.849796295166016,156.55999755859375
2012-08-17,111.52108764648438,75.89900207519531,23.883609771728516,156.72000122070312
2012-08-20,111.52896881103516,75.87168884277344,23.993520736694336,157.25999450683594
2012-08-21,111.19169616699219,75.97402954101562,24.213335037231445,158.8300018310547
2012-08-22,111.2387466430664,76.30157470703125,24.34014892578125,160.5399932861328
2012-08-23,110.32884216308594,76.35618591308594,24.221786499023438,161.88999938964844
2012-08-24,110.99557495117188,76.30157470703125,24.111881256103516,161.97000122070312
2012-08-27,111.01915740966797,76.40396881103516,24.001972198486328,161.36000061035156
2012-08-28,110.90926361083984,76.46537017822266,24.01888084411621,161.63999938964844
2012-08-29,110.99557495117188,76.3902816772461,24.061153411865234,160.58999633789062
2012-08-30,110.1955337524414,76.43803405761719,24.086519241333008,160.52000427246094
2012-08-31,110.72108459472656,76.6769027709961,24.34014892578125,164.22000122070312
2012-09-04,110.61907958984375,76.66252899169922,24.348600387573242,164.47999572753906
2012-09-05,110.52497863769531,76.66252899169922,24.230243682861328,164.30999755859375
2012-09-06,112.76826477050781,76.48475646972656,24.221786499023438,164.88999938964844
2012-09-07,113.20750427246094,76.49842834472656,24.492328643798828,168.44000244140625
2012-09-10,112.56430053710938,76.51214599609375,24.52614402770996,167.2899932861328
2012-09-11,112.87809753417969,76.42323303222656,24.576871871948242,167.89999389648438
2012-09-12,113.25455474853516,76.27969360351562,24.703683853149414,167.9199981689453
2012-09-13,114.98014068603516,76.4574203491211,24.87277603149414,171.30999755859375
2012-09-14,115.49002075195312,76.14293670654297,25.134859085083008,171.8000030517578
2012-09-17,115.09781646728516,76.26598358154297,24.44160270690918,170.39999389648438
2012-09-18,115.00370788574219,76.31382751464844,24.26405906677246,171.72000122070312
2012-09-19,115.06648254394531,76.4642562866211,23.90897560119629,171.74000549316406
2012-09-20,115.07430267333984,76.41641235351562,24.044246673583984,171.47000122070312
2012-09-21,115.02616882324219,76.53944396972656,24.204875946044922,171.9600067138672
2012-09-24,114.85271453857422,76.62149810791016,23.95124626159668,171.0500030517578
2012-09-25,113.63045501708984,76.74456787109375,23.97661018371582,170.77000427246094
2012-09-26,112.99169921875,76.81976318359375,23.80752182006836,169.80999755859375
2012-09-27,114.0562973022461,76.77192687988281,24.103425979614258,172.33999633789062
2012-09-28,113.52794647216797,76.88131713867188,24.24715232849121,171.88999938964844
2012-10-01,113.82759094238281,76.85187530517578,24.28096580505371,172.2899932861328
2012-10-02,113.94584655761719,76.91345977783203,24.154151916503906,172.10000610351562
2012-10-03,114.41114807128906,76.88607025146484,23.739887237548828,172.41000366210938
2012-10-04,115.23123168945312,76.7764892578125,24.255605697631836,173.61000061035156
2012-10-05,115.23908996582031,76.61898040771484,24.1287899017334,172.6199951171875
2012-10-08,114.8448257446289,76.73541259765625,24.061153411865234,172.0500030517578
2012-10-09,113.70932006835938,76.65324401855469,24.238697052001953,170.99000549316406
2012-10-10,112.9838638305664,76.7764892578125,24.196426391601562,170.83999633789062
2012-10-11,113.04692077636719,76.87239074707031,24.475419998168945,171.32000732421875
2012-10-12,112.67630004882812,76.93403625488281,24.137245178222656,170.05999755859375
2012-10-15,113.61469268798828,76.97515869140625,24.01888084411621,168.35000610351562
2012-10-16,114.7659912109375,76.85187530517578,24.035791397094727,169.4199981689453
2012-10-17,115.28640747070312,76.61212158203125,24.044246673583984,169.5399932861328
2012-10-18,114.9867935180664,76.58477020263672,24.035791397094727,168.7899932861328
2012-10-19,113.07056427001953,76.68063354492188,23.67225456237793,166.97000122070312
2012-10-22,113.08634948730469,76.5778579711914,23.562345504760742,167.5800018310547
2012-10-23,111.51712036132812,76.74913787841797,23.2748966217041,165.42999267578125
2012-10-24,111.2017593383789,76.69437408447266,23.207260131835938,164.86000061035156
2012-10-25,111.5250244140625,76.52989196777344,23.266443252563477,166.02000427246094
2012-10-26,111.46197509765625,76.73541259765625,23.317169189453125,165.92999267578125
2012-10-31,111.46197509765625,76.84504699707031,23.300260543823242,166.8300018310547
2012-11-01,112.62899017333984,76.74409484863281,23.342533111572266,166.07000732421875
2012-11-02,111.62751007080078,76.79212951660156,22.945175170898438,162.60000610351562
2012-11-05,111.85617065429688,76.922607421875,23.139629364013672,163.22999572753906
2012-11-06,112.73151397705078,76.70287322998047,23.553890228271484,166.3000030517578
2012-11-07,110.1766128540039,76.88140106201172,23.11426544189453,166.49000549316406
2012-11-08,108.85176849365234,76.97742462158203,23.148080825805664,167.99000549316406
2012-11-09,108.94647216796875,76.93631744384766,23.33407974243164,167.82000732421875
2012-11-12,109.0331802368164,76.91571044921875,23.224166870117188,167.4499969482422
2012-11-13,108.6546859741211,77.05301666259766,23.18189811706543,167.10000610351562
2012-11-14,107.18795013427734,77.07362365722656,23.249534606933594,167.13999938964844
2012-11-15,107.00662231445312,76.99812316894531,23.156536102294922,166.08999633789062
2012-11-16,107.53489685058594,77.02552795410156,23.257986068725586,165.8800048828125
2012-11-19,109.71133422851562,77.0804443359375,23.697616577148438,167.8699951171875
2012-11-20,109.75865173339844,76.93631744384766,23.5369815826416,167.38999938964844
2012-11-21,109.96369171142578,76.8058853149414,23.6384334564209,167.55999755859375
2012-11-23,111.46197509765625,76.85394287109375,23.722978591918945,169.61000061035156
2012-11-26,111.2253646850586,76.88140106201172,23.68916130065918,169.42999267578125
2012-11-27,110.6576156616211,76.9843521118164,23.655344009399414,168.7100067138672
2012-11-28,111.54865264892578,76.99812316894531,23.579254150390625,166.5500030517578
2012-11-29,112.06913757324219,77.09424591064453,23.739887237548828,167.17999267578125
2012-11-30,112.09276580810547,77.05301666259766,23.75679588317871,166.0500030517578
2012-12-03,111.54080963134766,77.06405639648438,23.81597900390625,166.1300048828125
2012-12-04,111.38307189941406,77.11238861083984,23.604616165161133,164.4199981689453
2012-12-05,111.58020782470703,77.18144989013672,23.579254150390625,164.1199951171875
2012-12-06,111.95870208740234,77.17454528808594,23.367895126342773,164.5
2012-12-07,112.29778289794922,77.10546875,23.342533111572266,165.16000366210938
2012-12-10,112.34514617919922,77.11929321289062,23.291805267333984,165.8000030517578
2012-12-11,113.1100082397461,77.09171295166016,23.249534606933594,165.64999389648438
2012-12-12,113.1651840209961,76.87759399414062,23.359439849853516,165.77000427246094
2012-12-13,112.4712905883789,76.7532958984375,23.148080825805664,164.3699951171875
2012-12-14,112.05337524414062,76.89141845703125,23.291805267333984,164.1300048828125
2012-12-17,113.3702621459961,76.70496368408203,23.2748966217041,164.44000244140625
2012-12-18,114.63195037841797,76.52545166015625,23.33407974243164,162.0800018310547
2012-12-19,113.78023529052734,76.65662384033203,23.418622970581055,161.69000244140625
2012-12-20,114.43476104736328,76.66353607177734,23.308712005615234,159.72999572753906
2012-12-21,113.39600372314453,76.73261260986328,23.266443252563477,160.3300018310547
2012-12-24,113.046630859375,76.7394790649414,23.190351486206055,160.6199951171875
2012-12-26,112.57009887695312,76.84332275390625,23.42707633972168,160.77999877929688
2012-12-27,112.41923522949219,76.88483428955078,23.42707633972168,161.16000366210938
2012-12-28,111.20421600341797,77.00242614746094,23.359439849853516,160.5399932861328
2012-12-31,113.09426879882812,76.86402893066406,23.486257553100586,162.02000427246094
2013-01-02,115.99288940429688,76.77410125732422,23.570798873901367,163.1699981689453
2013-01-03,115.73081970214844,76.58036804199219,23.3763484954834,161.1999969482422
2013-01-04,116.23907470703125,76.66336822509766,23.2748966217041,160.44000244140625
2013-01-07,115.92141723632812,76.62185668945312,23.317169189453125,159.42999267578125
2013-01-08,115.58789825439453,76.69107055664062,23.3763484954834,160.55999755859375
2013-01-09,115.88172149658203,76.63571166992188,23.342533111572266,160.49000549316406
2013-01-10,116.80290985107422,76.6287841796875,23.42707633972168,161.97999572753906
2013-01-11,116.79499816894531,76.70487976074219,23.32562255859375,161.05999755859375
2013-01-14,116.715576171875,76.77410125732422,23.47780418395996,161.5399932861328
2013-01-15,116.79499816894531,76.79487609863281,23.3763484954834,162.55999755859375
2013-01-16,116.77911376953125,76.83634948730469,23.40171241760254,162.64999389648438
2013-01-17,117.53356170654297,76.6703109741211,23.503164291381836,163.35000610351562
2013-01-18,117.79560852050781,76.76018524169922,23.655344009399414,163.08999633789062
2013-01-22,118.430908203125,76.71878814697266,23.722978591918945,163.6699981689453
2013-01-23,118.62152099609375,76.8017807006836,23.74834442138672,163.2100067138672
2013-01-24,118.65327453613281,76.69800567626953,23.73143196105957,161.4199981689453
2013-01-25,119.32030487060547,76.5111312866211,23.680706024169922,160.64999389648438
2013-01-28,119.17742919921875,76.40042877197266,23.67225456237793,160.2899932861328
2013-01-29,119.64595031738281,76.35199737548828,23.80752182006836,160.99000549316406
2013-01-30,119.17742919921875,76.3173828125,24.078062057495117,162.19000244140625
2013-01-31,118.883544921875,76.38658142089844,24.069608688354492,161.1999969482422
2013-02-01,120.10657501220703,76.22090911865234,24.162609100341797,161.4499969482422
2013-02-04,118.75648498535156,76.4358139038086,24.078062057495117,162.0
2013-02-05,119.95567321777344,76.27632904052734,24.171062469482422,161.9600067138672
2013-02-06,120.04306030273438,76.4080810546875,24.137245178222656,162.38999938964844
2013-02-07,119.88418579101562,76.4358139038086,24.044246673583984,161.83999633789062
2013-02-08,120.55128479003906,76.45658874511719,24.137245178222656,161.57000732421875
2013-02-11,120.5274429321289,76.38034057617188,24.052698135375977,159.6999969482422
2013-02-12,120.72601318359375,76.36651611328125,24.094972610473633,159.88999938964844
2013-02-13,120.82926940917969,76.29021453857422,24.103425979614258,159.0500030517578
2013-02-14,120.94043731689453,76.42884826660156,24.069608688354492,158.35000610351562
2013-02-15,120.7974624633789,76.4358139038086,23.968154907226562,155.75999450683594
2013-02-19,121.70283508300781,76.34568786621094,23.875158309936523,155.3300018310547
2013-02-20,120.18595123291016,76.39424133300781,23.604616165161133,151.44000244140625
2013-02-21,119.45532989501953,76.4358139038086,23.33407974243164,152.6199951171875
2013-02-22,120.62277221679688,76.47738647460938,23.33407974243164,152.97000122070312
2013-02-25,118.32769775390625,76.76859283447266,23.224166870117188,154.33999633789062
2013-02-26,119.1376953125,76.74781036376953,23.18189811706543,156.22000122070312
2013-02-27,120.63860321044922,76.76859283447266,23.038175582885742,154.57000732421875
2013-02-28,120.40037536621094,76.83793640136719,22.936721801757812,153.0
2013-03-01,120.7974624633789,76.86499786376953,22.77608871459961,152.44000244140625
2013-03-04,121.440673828125,76.8094711303711,22.69154930114746,152.3000030517578
2013-03-05,122.52865600585938,76.7469482421875,22.902902603149414,152.3800048828125
2013-03-06,122.69550323486328,76.66358184814453,22.77608871459961,153.22999572753906
2013-03-07,122.9178466796875,76.50384521484375,22.928268432617188,152.69000244140625
2013-03-08,123.4419937133789,76.28150177001953,22.99590301513672,152.7100067138672
2013-03-11,123.91053009033203,76.32318878173828,23.012813568115234,152.99000549316406
2013-03-12,123.6325454711914,76.46216583251953,23.063539505004883,154.19000244140625
2013-03-13,123.80730438232422,76.39962005615234,22.945175170898438,153.66000366210938
2013-03-14,124.46644592285156,76.48298645019531,23.11426544189453,153.67999267578125
2013-03-15,124.30208587646484,76.55242919921875,23.16499137878418,154.0
2013-03-18,123.61610412597656,76.62187957763672,23.029720306396484,155.3800048828125
2013-03-19,123.3289566040039,76.7330551147461,22.860633850097656,156.0800018310547
2013-03-20,124.19044494628906,76.64964294433594,23.02126693725586,155.3699951171875
2013-03-21,123.1295166015625,76.66358184814453,22.919815063476562,156.25
2013-03-22,124.11864471435547,76.69135284423828,22.962085723876953,155.5500030517578
2013-03-25,123.6001205444336,76.66358184814453,22.978992462158203,155.24000549316406
2013-03-26,124.58928680419922,76.75389862060547,23.190351486206055,154.72000122070312
2013-03-27,124.58928680419922,76.91363525390625,23.308712005615234,155.36000061035156
2013-03-28,124.97217559814453,76.91363525390625,23.088903427124023,154.4499969482422
2013-04-01,124.47762298583984,76.98326110839844,23.088903427124023,154.6699981689453
2013-04-02,125.09185791015625,76.89967346191406,22.978992462158203,152.42999267578125
2013-04-03,123.823486328125,76.98326110839844,22.5900936126709,150.72999572753906
2013-04-04,124.32603454589844,77.1990966796875,22.564727783203125,150.2899932861328
2013-04-05,123.76758575439453,77.421875,22.547819137573242,152.80999755859375
2013-04-08,124.60527038574219,77.28958892822266,22.615455627441406,152.16000366210938
2013-04-09,125.03599548339844,77.31745910644531,22.759180068969727,153.33999633789062
2013-04-10,126.5675277709961,77.1573257446289,22.708454132080078,150.75
2013-04-11,126.98226928710938,77.17127227783203,22.615455627441406,151.0500030517578
2013-04-12,126.67125701904297,77.421875,22.336462020874023,143.9499969482422
2013-04-15,123.73576354980469,77.45671844482422,21.66856575012207,131.30999755859375
2013-04-16,125.56243133544922,77.45671844482422,21.896835327148438,132.8000030517578
2013-04-17,123.7277603149414,77.45671844482422,21.5755672454834,132.8699951171875
2013-04-18,122.95402526855469,77.44278717041016,21.803836822509766,134.3000030517578
2013-04-19,124.02294158935547,77.44974517822266,21.75310707092285,135.47000122070312
2013-04-22,124.57329559326172,77.5472412109375,21.820743560791016,137.89999389648438
2013-04-23,125.85760498046875,77.51235961914062,21.685474395751953,136.8800048828125
2013-04-24,125.93733978271484,77.49850463867188,21.922195434570312,138.3699951171875
2013-04-25,126.44783020019531,77.4636459350586,22.209646224975586,141.6300048828125
2013-04-26,126.22450256347656,77.623779296875,22.08283042907715,140.91000366210938
2013-04-29,127.07005310058594,77.67251586914062,22.37873077392578,142.3000030517578
2013-04-30,127.37315368652344,77.65860748291016,22.209646224975586,142.77000427246094
2013-05-01,126.25643920898438,77.69491577148438,21.812288284301758,141.11000061035156
2013-05-02,127.42901611328125,77.70185089111328,22.09128189086914,141.9199981689453
2013-05-03,128.72117614746094,77.41590118408203,22.336462020874023,142.08999633789062
2013-05-06,129.04827880859375,77.29036712646484,22.361825942993164,142.14999389648438
2013-05-07,129.70240783691406,77.24850463867188,22.285736083984375,140.3800048828125
2013-05-08,130.29263305664062,77.3182373046875,22.387187957763672,142.4600067138672
2013-05-09,129.9257354736328,77.21360778808594,22.37873077392578,140.80999755859375
2013-05-10,130.3484649658203,77.06012725830078,22.277280807495117,139.60000610351562
2013-05-13,130.45220947265625,76.99037170410156,22.17582893371582,138.42999267578125
2013-05-14,131.80027770996094,76.80905151367188,22.099735260009766,137.80999755859375
2013-05-15,132.51019287109375,76.92062377929688,22.049013137817383,134.6300048828125
2013-05-16,131.88796997070312,77.12991333007812,22.023649215698242,134.08999633789062
2013-05-17,133.164306640625,76.94156646728516,22.133556365966797,131.07000732421875
2013-05-20,133.15635681152344,76.86483764648438,22.277280807495117,135.1199951171875
2013-05-21,133.34771728515625,76.92765808105469,22.150463104248047,132.8800048828125
2013-05-22,132.35867309570312,76.66952514648438,22.049013137817383,131.94000244140625
2013-05-23,131.9757537841797,76.64167785644531,22.150463104248047,134.61000061035156
2013-05-24,131.8640594482422,76.64167785644531,22.065921783447266,133.75999450683594
2013-05-28,132.65374755859375,76.16732025146484,22.268827438354492,133.49000549316406
2013-05-29,131.79225158691406,76.27195739746094,22.125102996826172,134.8300018310547
2013-05-30,132.27890014648438,76.25105285644531,22.125102996826172,136.6999969482422
2013-05-31,130.3803253173828,76.10462188720703,21.863018035888672,133.9199981689453
2013-06-03,131.09835815429688,76.14305114746094,22.133556365966797,136.50999450683594
2013-06-04,130.46812438964844,75.9753189086914,22.218101501464844,135.22999572753906
2013-06-05,128.64144897460938,75.93340301513672,22.11664581298828,135.52000427246094
2013-06-06,129.80606079101562,76.1290512084961,22.201190948486328,136.52999877929688
2013-06-07,131.4573211669922,75.89144897460938,22.251916885375977,133.27999877929688
2013-06-10,131.4573211669922,75.73772430419922,22.16737174987793,133.94000244140625
2013-06-11,130.10121154785156,75.74469757080078,21.972923278808594,133.25
2013-06-12,129.0243377685547,75.61892700195312,21.9982852935791,134.25
2013-06-13,130.9866943359375,75.98931121826172,22.142011642456055,133.74000549316406
2013-06-14,130.16497802734375,76.01024627685547,22.235008239746094,134.42999267578125
2013-06-17,131.17007446289062,75.95436096191406,22.285736083984375,133.77000427246094
2013-06-18,132.2071075439453,75.92640686035156,22.328006744384766,132.1300048828125
2013-06-19,130.3803253173828,75.41627502441406,22.361825942993164,130.58999633789062
2013-06-20,127.14983367919922,74.91317749023438,21.634748458862305,123.5999984741211
2013-06-21,127.55797576904297,74.49396514892578,21.499479293823242,125.05000305175781
2013-06-24,125.94615936279297,74.1934814453125,21.406478881835938,123.93000030517578
2013-06-25,127.15703582763672,74.27735137939453,21.42338752746582,123.47000122070312
2013-06-26,128.416015625,74.591796875,21.364208221435547,118.27999877929688
2013-06-27,129.16978454589844,74.90621948242188,21.35575294494629,115.94000244140625
2013-06-28,128.6405487060547,74.91317749023438,21.245845794677734,119.11000061035156
2013-07-01,129.3943328857422,75.01681518554688,21.381118774414062,121.12999725341797
2013-07-02,129.2740478515625,75.01681518554688,21.465662002563477,120.05000305175781
2013-07-03,129.3302001953125,74.91179656982422,21.660114288330078,120.73999786376953
2013-07-05,130.7255096435547,74.09278869628906,21.609386444091797,118.08999633789062
2013-07-08,131.47122192382812,74.47776794433594,21.719289779663086,119.51000213623047
2013-07-09,132.41748046875,74.55482482910156,21.854562759399414,120.62000274658203
2013-07-10,132.4656219482422,74.35877990722656,21.922195434570312,120.94999694824219
2013-07-11,134.26988220214844,74.85584259033203,22.032106399536133,124.23999786376953
2013-07-12,134.3260498046875,74.77180480957031,22.11664581298828,124.12999725341797
2013-07-15,134.8392333984375,74.93281555175781,22.05746841430664,124.18000030517578
2013-07-16,134.333984375,75.05181884765625,22.08283042907715,124.88999938964844
2013-07-17,134.67881774902344,75.21284484863281,22.065921783447266,123.31999969482422
2013-07-18,135.4165496826172,75.07283782958984,22.158920288085938,124.01000213623047
2013-07-19,135.65719604492188,75.26885986328125,22.17582893371582,125.11000061035156
2013-07-22,135.92172241210938,75.3668212890625,22.158920288085938,128.83999633789062
2013-07-23,135.6331024169922,75.32481384277344,22.192737579345703,129.7100067138672
2013-07-24,135.13592529296875,75.07981872558594,22.015195846557617,127.4800033569336
2013-07-25,135.464599609375,75.1078109741211,21.98983383178711,128.6699981689453
2013-07-26,135.60899353027344,75.0868148803711,21.854562759399414,128.77999877929688
2013-07-29,135.19203186035156,75.0868148803711,21.846107482910156,128.47000122070312
2013-07-30,135.19203186035156,75.05883026123047,21.770015716552734,128.1199951171875
2013-07-31,135.2882843017578,75.11481475830078,21.922195434570312,127.95999908447266
2013-08-01,136.85195922851562,74.69046783447266,21.972923278808594,126.61000061035156
2013-08-02,137.0845489501953,74.94297790527344,21.88838005065918,126.36000061035156
2013-08-05,136.88404846191406,74.9780502319336,21.778470993041992,125.69999694824219
2013-08-06,136.10618591308594,74.90089416503906,21.600929260253906,123.97000122070312
2013-08-07,135.66522216796875,74.99908447265625,21.457204818725586,124.1500015258789
2013-08-08,136.16233825683594,75.10430908203125,21.56711196899414,126.86000061035156
2013-08-09,135.7694549560547,75.15338134765625,21.719289779663086,126.86000061035156
2013-08-12,135.60899353027344,75.10430908203125,21.98137855529785,129.1300048828125
2013-08-13,136.00999450683594,74.80274200439453,21.972923278808594,127.73999786376953
2013-08-14,135.3123321533203,74.70452880859375,22.150463104248047,129.0
2013-08-15,133.41986083984375,74.43799591064453,22.361825942993164,131.69000244140625
2013-08-16,132.97882080078125,74.22755432128906,22.37027931213379,132.5800018310547
2013-08-19,132.12879943847656,73.99617767333984,22.34491539001465,132.00999450683594
2013-08-20,132.77830505371094,74.21351623535156,22.302642822265625,132.4499969482422
2013-08-21,131.96043395996094,73.94000244140625,22.277280807495117,132.07000732421875
2013-08-22,133.16323852539062,74.03118896484375,22.285736083984375,132.80999755859375
2013-08-23,133.61228942871094,74.27667999267578,22.463275909423828,134.89999389648438
2013-08-26,133.11514282226562,74.4099349975586,22.5900936126709,135.4499969482422
2013-08-27,130.97406005859375,74.60629272460938,22.809904098510742,136.75
2013-08-28,131.4391632080078,74.46601867675781,22.84372329711914,136.7100067138672
2013-08-29,131.6476287841797,74.61331939697266,22.60700035095215,135.8699951171875
2013-08-30,131.23069763183594,74.49409484863281,22.53936767578125,134.6199951171875
2013-09-03,131.82403564453125,74.30997467041016,22.65772819519043,136.4199981689453
2013-09-04,132.9146728515625,74.20458984375,22.463275909423828,134.66000366210938
2013-09-05,133.0830535888672,73.70561218261719,22.412551879882812,132.1999969482422
2013-09-06,133.14720153808594,73.97974395751953,22.53936767578125,134.14999389648438
2013-09-09,134.42225646972656,74.12727355957031,22.395641326904297,133.91000366210938
2013-09-10,135.4165496826172,73.99374389648438,22.192737579345703,131.74000549316406
2013-09-11,135.84156799316406,74.24678039550781,22.22655487060547,131.6999969482422
2013-09-12,135.48077392578125,74.16240692138672,22.336462020874023,127.66999816894531
2013-09-13,135.78546142578125,74.26782989501953,22.268827438354492,127.81999969482422
2013-09-16,136.57127380371094,74.42242431640625,21.98983383178711,126.44999694824219
2013-09-17,137.1807861328125,74.49269104003906,21.761564254760742,126.5
2013-09-18,138.76852416992188,75.11808776855469,22.235008239746094,132.00999450683594
2013-09-19,138.5359344482422,75.0267562866211,22.150463104248047,131.75
2013-09-20,137.5674591064453,75.0267562866211,21.947561264038086,127.95999908447266
2013-09-23,136.9308319091797,75.08293914794922,21.786928176879883,127.55000305175781
2013-09-24,136.6085205078125,75.25861358642578,21.778470993041992,127.66000366210938
2013-09-25,136.21368408203125,75.36404418945312,21.812288284301758,128.7899932861328
2013-09-26,136.7373809814453,75.34996032714844,21.98137855529785,127.79000091552734
2013-09-27,136.1088409423828,75.39208984375,21.871471405029297,128.97000122070312
2013-09-30,135.38363647460938,75.32892608642578,21.778470993041992,128.17999267578125
2013-10-01,136.45535278320312,75.27330017089844,21.634748458862305,124.58999633789062
2013-10-02,136.3264617919922,75.37183380126953,21.846107482910156,127.05999755859375
2013-10-03,135.06942749023438,75.4281234741211,21.812288284301758,127.18000030517578
2013-10-04,136.09280395507812,75.36483001708984,21.879924774169922,126.52999877929688
2013-10-07,134.91629028320312,75.35072326660156,22.032106399536133,127.63999938964844
2013-10-08,133.34495544433594,75.31552124023438,22.10819435119629,127.4000015258789
2013-10-09,133.441650390625,75.25921630859375,21.947561264038086,126.11000061035156
2013-10-10,136.31832885742188,75.34363555908203,22.22655487060547,124.2699966430664
2013-10-11,137.19671630859375,75.37183380126953,22.10819435119629,122.5999984741211
2013-10-14,137.7446746826172,75.23103332519531,22.099735260009766,122.83000183105469
2013-10-15,136.7454376220703,75.19583129882812,22.023649215698242,123.7300033569336
2013-10-16,138.65525817871094,75.51969146728516,22.192737579345703,123.54000091552734
2013-10-17,139.58187866210938,75.73084259033203,22.074377059936523,127.41999816894531
2013-10-18,140.52468872070312,75.85752868652344,22.201190948486328,126.8499984741211
2013-10-21,140.53273010253906,75.78711700439453,22.150463104248047,126.9800033569336
2013-10-22,141.3466339111328,76.0546875,22.125102996826172,129.33999633789062
2013-10-23,140.66973876953125,76.03355407714844,21.786928176879883,128.69000244140625
2013-10-24,141.13711547851562,76.00538635253906,21.795381546020508,129.89999389648438
2013-10-25,141.78175354003906,76.03355407714844,21.863018035888672,130.4600067138672
2013-10-28,142.00741577148438,75.99832153320312,21.947561264038086,130.55999755859375
2013-10-29,142.76478576660156,76.08988952636719,21.88838005065918,129.77000427246094
2013-10-30,142.05575561523438,75.94903564453125,21.956012725830078,129.60000610351562
2013-10-31,141.6528778076172,75.95611572265625,21.770015716552734,127.73999786376953
2013-11-01,141.99127197265625,75.77274322509766,21.499479293823242,126.94999694824219
2013-11-04,142.4909210205078,75.85037231445312,21.406478881835938,126.80999755859375
2013-11-05,142.03964233398438,75.6246566772461,21.34729766845703,126.55999755859375
2013-11-06,142.76478576660156,75.74456787109375,21.364208221435547,127.19999694824219
2013-11-07,140.95980834960938,75.80098724365234,21.2120304107666,126.16000366210938
2013-11-08,142.86154174804688,75.32847595214844,21.330392837524414,124.27999877929688
2013-11-11,142.8856964111328,75.28620147705078,21.42338752746582,123.87000274658203
2013-11-12,142.59564208984375,75.25794982910156,21.279664993286133,122.44999694824219
2013-11-13,143.73985290527344,75.45542907714844,21.372663497924805,122.8499984741211
2013-11-14,144.4570770263672,75.6881332397461,21.465662002563477,124.2699966430664
2013-11-15,145.08558654785156,75.70928955078125,21.43184471130371,124.31999969482422
2013-11-18,144.57786560058594,75.85738372802734,21.28812026977539,122.9000015258789
2013-11-19,144.26365661621094,75.65290832519531,21.25429916381836,122.94999694824219
2013-11-20,143.8124237060547,75.4413070678711,21.271209716796875,120.12000274658203
2013-11-21,144.97271728515625,75.51886749267578,21.541749954223633,119.94000244140625
2013-11-22,145.69793701171875,75.6246566772461,21.609386444091797,119.91999816894531
2013-11-25,145.55291748046875,75.68106842041016,21.584020614624023,120.45999908447266
2013-11-26,145.59323120117188,75.70226287841797,21.5755672454834,119.81999969482422
2013-11-27,145.94772338867188,75.73751068115234,21.5755672454834,119.45999908447266
2013-11-29,145.8511199951172,75.76570892333984,21.56711196899414,120.69999694824219
2013-12-02,145.47239685058594,75.4781494140625,21.541749954223633,117.58000183105469
2013-12-03,144.84381103515625,75.56998443603516,21.66856575012207,117.95999908447266
2013-12-04,144.8277130126953,75.3722152709961,21.710840225219727,119.95999908447266
2013-12-05,144.191162109375,75.20968627929688,21.685474395751953,118.30000305175781
2013-12-06,145.8027801513672,75.33683776855469,21.761564254760742,118.55000305175781
2013-12-09,146.1734161376953,75.4287109375,21.685474395751953,119.72000122070312
2013-12-10,145.64964294433594,75.54883575439453,21.75310707092285,121.81999969482422
2013-12-11,144.0138397216797,75.4287109375,21.75310707092285,120.86000061035156
2013-12-12,143.5384063720703,75.31562805175781,21.55020523071289,118.29000091552734
2013-12-13,143.5222625732422,75.35100555419922,21.465662002563477,119.37999725341797
2013-12-16,144.41676330566406,75.40750885009766,21.533296585083008,119.69000244140625
2013-12-17,143.95742797851562,75.53467559814453,21.43184471130371,118.6500015258789
2013-12-18,146.41517639160156,75.4993667602539,21.47411346435547,117.61000061035156
2013-12-19,146.24594116210938,75.3722152709961,21.52484130859375,114.81999969482422
2013-12-20,147.0966033935547,75.4993667602539,21.693931579589844,115.94000244140625
2013-12-23,147.88247680664062,75.46402740478516,21.693931579589844,115.56999969482422
2013-12-24,148.20654296875,75.35806274414062,21.761564254760742,116.0999984741211
2013-12-26,148.9600067138672,75.31558227539062,21.795381546020508,116.73999786376953
2013-12-27,148.9519805908203,75.34388732910156,21.854562759399414,117.12000274658203
2013-12-30,148.92762756347656,75.41462707519531,21.727745056152344,115.38999938964844
2013-12-31,149.63246154785156,75.34388732910156,21.693931579589844,116.12000274658203
2014-01-02,148.19847106933594,75.39346313476562,21.381118774414062,118.0
2014-01-03,148.17416381835938,75.42176818847656,21.245845794677734,119.29000091552734
2014-01-06,147.74481201171875,75.52085876464844,21.271209716796875,119.5
2014-01-07,148.65216064453125,75.55625915527344,21.25429916381836,118.81999969482422
2014-01-08,148.68463134765625,75.3297348022461,21.0513973236084,118.12000274658203
2014-01-09,148.7817840576172,75.43596649169922,20.88231086730957,118.45999908447266
2014-01-10,149.18692016601562,75.81819915771484,21.017578125,120.26000213623047
2014-01-13,147.201904296875,75.88899993896484,21.009124755859375,121.0199966430664
2014-01-14,148.8061065673828,75.77571105957031,21.009124755859375,119.88999938964844
2014-01-15,149.608154296875,75.71200561523438,21.06830596923828,119.66000366210938
2014-01-16,149.4137725830078,75.88899993896484,21.034486770629883,119.79000091552734
2014-01-17,148.7817840576172,75.92438507080078,21.059850692749023,120.93000030517578
2014-01-21,149.21932983398438,75.95976257324219,21.11057472229004,119.69999694824219
2014-01-22,149.3164825439453,75.79692840576172,21.2120304107666,119.19000244140625
2014-01-23,148.09317016601562,75.99518585205078,21.19512176513672,121.79000091552734
2014-01-24,144.9335174560547,76.15798950195312,21.20357322692871,122.29000091552734
2014-01-27,144.220458984375,75.99518585205078,21.059850692749023,120.95999908447266
2014-01-28,145.07931518554688,76.12257385253906,21.161304473876953,120.94999694824219
2014-01-29,143.685791015625,76.3491439819336,21.14439582824707,122.47000122070312
2014-01-30,145.20887756347656,76.36327362060547,21.059850692749023,119.7699966430664
2014-01-31,144.35824584960938,76.50492095947266,21.034486770629883,120.08999633789062
2014-02-03,141.10939025878906,76.76445770263672,21.034486770629883,121.31999969482422
2014-02-04,142.09780883789062,76.580078125,21.19512176513672,120.98999786376953
2014-02-05,141.91957092285156,76.38856506347656,21.237394332885742,121.29000091552734
2014-02-06,143.79107666015625,76.35308074951172,21.321935653686523,121.23999786376953
2014-02-07,145.573486328125,76.47367858886719,21.56711196899414,122.16999816894531
2014-02-10,145.8408660888672,76.55167388916016,21.448753356933594,122.91999816894531
2014-02-11,147.43692016601562,76.40279388427734,21.55866050720215,124.36000061035156
2014-02-12,147.5098114013672,76.27507019042969,21.600929260253906,124.43000030517578
2014-02-13,148.27139282226562,76.43818664550781,21.719289779663086,125.48999786376953
2014-02-14,149.08969116210938,76.43818664550781,21.795381546020508,127.1500015258789
2014-02-18,149.26791381835938,76.48785400390625,22.10819435119629,127.4000015258789
2014-02-19,148.279541015625,76.43109130859375,22.16737174987793,126.2699966430664
2014-02-20,149.1544952392578,76.38856506347656,22.209646224975586,127.5999984741211
2014-02-21,148.9843292236328,76.4594497680664,22.150463104248047,127.58000183105469
2014-02-24,149.8107452392578,76.38856506347656,22.24346160888672,128.99000549316406
2014-02-25,149.75401306152344,76.5942611694336,22.142011642456055,129.2100067138672
2014-02-26,149.7620849609375,76.75736236572266,22.08283042907715,128.11000061035156
2014-02-27,150.54800415039062,76.83537292480469,22.015195846557617,128.1999969482422
2014-02-28,150.9287872314453,76.79281616210938,22.09128189086914,127.62000274658203
2014-03-03,149.86741638183594,76.99179077148438,22.395641326904297,130.2899932861328
2014-03-04,151.9739532470703,76.70757293701172,22.311100006103516,128.67999267578125
2014-03-05,152.11160278320312,76.75020599365234,22.125102996826172,128.88999938964844
2014-03-06,152.46005249023438,76.5796890258789,22.328006744384766,130.1699981689453
2014-03-07,152.52479553222656,76.36647033691406,22.22655487060547,129.08999633789062
2014-03-10,152.44381713867188,76.36647033691406,22.040559768676758,129.1300048828125
2014-03-11,151.69033813476562,76.35939025878906,22.049013137817383,129.86000061035156
2014-03-12,151.7308349609375,76.52993774414062,21.98983383178711,131.75999450683594
2014-03-13,150.0294952392578,76.72889709472656,21.88838005065918,132.2100067138672
2014-03-14,149.608154296875,76.693359375,22.006742477416992,133.10000610351562
2014-03-17,150.96119689941406,76.65071105957031,21.761564254760742,131.63999938964844
2014-03-18,152.03872680664062,76.74312591552734,21.871471405029297,130.6199951171875
2014-03-19,151.22854614257812,76.4019546508789,21.863018035888672,128.08999633789062
2014-03-20,152.11160278320312,76.34516143798828,21.761564254760742,127.86000061035156
2014-03-21,151.52171325683594,76.45172119140625,21.778470993041992,128.47000122070312
2014-03-24,150.89505004882812,76.56548309326172,21.770015716552734,126.18000030517578
2014-03-25,151.6111602783203,76.48725128173828,21.91374397277832,126.41000366210938
2014-03-26,150.52073669433594,76.72889709472656,21.896835327148438,125.41000366210938
2014-03-27,150.20335388183594,76.78573608398438,22.09128189086914,124.58999633789062
2014-03-28,150.94390869140625,76.67204284667969,22.099735260009766,124.55999755859375
2014-03-31,152.1807861328125,76.67913818359375,22.08283042907715,123.61000061035156
2014-04-01,153.18983459472656,76.56169891357422,21.812288284301758,123.38999938964844
2014-04-02,153.7025604248047,76.43351745605469,21.761564254760742,124.31999969482422
2014-04-03,153.4990997314453,76.490478515625,21.93910789489746,123.91999816894531
2014-04-04,151.6844482421875,76.7325439453125,22.040559768676758,125.56999969482422
2014-04-07,150.00811767578125,76.84646606445312,21.98983383178711,124.91000366210938
2014-04-08,150.62657165527344,76.93902587890625,22.24346160888672,126.08999633789062
2014-04-09,152.24595642089844,76.9461441040039,22.302642822265625,126.31999969482422
2014-04-10,149.04783630371094,77.12409973144531,22.311100006103516,127.01000213623047
2014-04-11,147.70516967773438,77.19530487060547,22.209646224975586,126.93000030517578
2014-04-14,148.86883544921875,77.22379302978516,22.412551879882812,127.8499984741211
2014-04-15,149.8941650390625,77.23091125488281,22.429460525512695,125.48999786376953
2014-04-16,151.4647216796875,77.2735824584961,22.471729278564453,125.54000091552734
2014-04-17,151.6762237548828,77.02444458007812,22.522457122802734,124.75
2014-04-21,152.20523071289062,77.01732635498047,22.446367263793945,124.23999786376953
2014-04-22,152.89694213867188,77.00304412841797,22.437915802001953,123.77999877929688
2014-04-23,152.53887939453125,77.08135223388672,22.421005249023438,123.76000213623047
2014-04-24,152.84815979003906,77.15254211425781,22.5562744140625,124.55999755859375
2014-04-25,151.5948944091797,77.16678619384766,22.463275909423828,125.43000030517578
2014-04-28,152.0749969482422,77.11697387695312,22.387187957763672,124.87999725341797
2014-04-29,152.78297424316406,77.15254211425781,22.446367263793945,124.86000061035156
2014-04-30,153.2386932373047,77.30917358398438,22.328006744384766,124.22000122070312
2014-05-01,153.25497436523438,77.42190551757812,22.158920288085938,123.80000305175781
2014-05-02,153.03529357910156,77.51457214355469,22.218101501464844,125.05999755859375
2014-05-05,153.3282012939453,77.48611450195312,22.16737174987793,126.22000122070312
2014-05-06,151.9936981201172,77.54316711425781,22.184282302856445,125.9800033569336
2014-05-07,152.8887939453125,77.54316711425781,22.24346160888672,124.16999816894531
2014-05-08,152.72604370117188,77.59310913085938,22.17582893371582,124.16999816894531
2014-05-09,152.9539031982422,77.52173614501953,22.065921783447266,124.0999984741211
2014-05-12,154.4430694580078,77.45755004882812,22.11664581298828,124.94000244140625
2014-05-13,154.58139038085938,77.5859375,22.218101501464844,124.5999984741211
2014-05-14,153.8490447998047,77.80702209472656,22.31955337524414,125.80999755859375
2014-05-15,152.49818420410156,77.97105407714844,22.184282302856445,124.7699966430664
2014-05-16,153.0271759033203,77.8855209350586,22.209646224975586,124.5
2014-05-19,153.588623046875,77.8569564819336,22.192737579345703,124.58000183105469
2014-05-20,152.62025451660156,77.89262390136719,22.235008239746094,124.69000244140625
2014-05-21,153.90599060058594,77.86408233642578,22.277280807495117,124.38999938964844
2014-05-22,154.2803192138672,77.82844543457031,22.294191360473633,124.66999816894531
2014-05-23,154.8987579345703,77.90692138671875,22.34491539001465,124.51000213623047
2014-05-27,155.8508758544922,77.97821807861328,22.158920288085938,121.8499984741211
2014-05-28,155.73690795898438,78.19219207763672,22.16737174987793,121.19999694824219
2014-05-29,156.5425567626953,78.14937591552734,22.17582893371582,120.94000244140625
2014-05-30,156.79483032226562,78.22071075439453,22.006742477416992,120.43000030517578
2014-06-02,156.97386169433594,77.98274993896484,21.98137855529785,119.69999694824219
2014-06-03,156.8924560546875,77.77552032470703,21.964468002319336,120.01000213623047
2014-06-04,157.20982360839844,77.7469711303711,21.905284881591797,119.76000213623047
2014-06-05,158.23516845703125,77.84698486328125,21.930652618408203,120.66000366210938
2014-06-06,158.9920196533203,77.80411529541016,22.023649215698242,120.61000061035156
2014-06-09,159.1547393798828,77.73268127441406,22.11664581298828,120.6500015258789
2014-06-10,159.17100524902344,77.61833190917969,22.05746841430664,121.38999938964844
2014-06-11,158.61766052246094,77.67548370361328,21.9982852935791,121.41000366210938
2014-06-12,157.49465942382812,77.82559204101562,22.311100006103516,122.63999938964844
2014-06-13,157.97482299804688,77.80411529541016,22.311100006103516,122.95999908447266
2014-06-16,158.10494995117188,77.76124572753906,22.37873077392578,122.41999816894531
2014-06-17,158.54440307617188,77.61833190917969,22.404096603393555,122.27999877929688
2014-06-18,159.7080535888672,77.82559204101562,22.497095108032227,122.66999816894531
2014-06-19,159.8871307373047,77.71125030517578,22.716909408569336,126.94000244140625
2014-06-20,160.21170043945312,77.84698486328125,22.759180068969727,126.5
2014-06-23,160.16265869140625,77.77552032470703,22.674638748168945,126.8499984741211
2014-06-24,159.1978302001953,77.91130828857422,22.708454132080078,126.9800033569336
2014-06-25,159.9174041748047,78.01849365234375,22.742271423339844,126.98999786376953
2014-06-26,159.80288696289062,78.16857147216797,22.649272918701172,126.7300033569336
2014-06-27,160.11361694335938,78.16857147216797,22.60700035095215,126.66000366210938
2014-06-30,160.0318145751953,78.17567443847656,22.471729278564453,128.0399932861328
2014-07-01,161.10292053222656,78.07979583740234,22.404096603393555,127.69999694824219
2014-07-02,161.26646423339844,77.80776977539062,22.361825942993164,127.69999694824219
2014-07-03,162.0596160888672,77.75760650634766,22.31955337524414,127.16000366210938
2014-07-07,161.49542236328125,77.77910614013672,22.142011642456055,127.0199966430664
2014-07-08,160.45704650878906,77.93660736083984,22.08283042907715,127.06999969482422
2014-07-09,161.17654418945312,78.0009994506836,21.930652618408203,127.83999633789062
2014-07-10,160.5387725830078,78.03682708740234,21.964468002319336,128.5399932861328
2014-07-11,160.75950622558594,78.14423370361328,21.770015716552734,128.77999877929688
2014-07-14,161.5690460205078,78.07979583740234,21.854562759399414,125.72000122070312
2014-07-15,161.26646423339844,77.97953796386719,21.651657104492188,124.52999877929688
2014-07-16,161.8633575439453,78.04399871826172,21.685474395751953,124.97000122070312
2014-07-17,160.023681640625,78.27306365966797,21.73619842529297,127.08999633789062
2014-07-18,161.65892028808594,78.18716430664062,21.592477798461914,126.12999725341797
2014-07-21,161.35638427734375,78.2158203125,21.693931579589844,126.33999633789062
2014-07-22,162.0596160888672,78.34465026855469,21.600929260253906,125.73999786376953
2014-07-23,162.41937255859375,78.35894775390625,21.660114288330078,125.62000274658203
2014-07-24,162.42752075195312,78.11557006835938,21.634748458862305,124.3499984741211
2014-07-25,161.6671142578125,78.26591491699219,21.719289779663086,125.79000091552734
2014-07-28,161.73252868652344,78.28018188476562,21.677019119262695,125.58000183105469
2014-07-29,161.03750610351562,78.35894775390625,21.609386444091797,125.19999694824219
2014-07-30,161.06207275390625,78.07979583740234,21.516389846801758,124.83000183105469
2014-07-31,157.8814239501953,77.97953796386719,21.406478881835938,123.38999938964844
2014-08-01,157.3990020751953,78.27363586425781,21.237394332885742,124.37999725341797
2014-08-04,158.5355224609375,78.25926971435547,21.39802360534668,123.98999786376953
2014-08-05,156.99832153320312,78.25926971435547,21.296573638916016,123.87000274658203
2014-08-06,157.04733276367188,78.26643371582031,21.43184471130371,125.66999816894531
2014-08-07,156.197021484375,78.41705322265625,21.47411346435547,126.18000030517578
2014-08-08,158.0040283203125,78.44570922851562,21.372663497924805,126.19000244140625
2014-08-11,158.46192932128906,78.45292663574219,21.406478881835938,125.95999908447266
2014-08-12,158.24114990234375,78.41705322265625,21.271209716796875,125.98999786376953
2014-08-13,159.31228637695312,78.5748062133789,21.25429916381836,126.19999694824219
2014-08-14,160.06451416015625,78.6178970336914,21.000669479370117,126.30999755859375
2014-08-15,160.0318145751953,78.81148529052734,21.085214614868164,125.4800033569336
2014-08-18,161.37274169921875,78.646484375,20.907670974731445,124.95999908447266
2014-08-19,162.21493530273438,78.5389404296875,20.9499454498291,124.68000030517578
2014-08-20,162.6483612060547,78.45292663574219,21.009124755859375,124.22000122070312
2014-08-21,163.12255859375,78.58919525146484,21.059850692749023,122.87999725341797
2014-08-22,162.8690948486328,78.5748062133789,21.026031494140625,123.19000244140625
2014-08-25,163.69493103027344,78.6393814086914,21.059850692749023,122.73999786376953
2014-08-26,163.8012237548828,78.646484375,21.06830596923828,123.3499984741211
2014-08-27,163.73582458496094,78.74696350097656,21.102121353149414,123.31999969482422
2014-08-28,163.64588928222656,78.90475463867188,21.119029998779297,124.0
2014-08-29,164.11190795898438,78.87604522705078,21.161304473876953,123.86000061035156
2014-09-02,164.0301513671875,78.63539123535156,20.85694694519043,121.6500015258789
2014-09-03,163.94020080566406,78.7215805053711,20.94148826599121,122.1500015258789
2014-09-04,163.703125,78.6209716796875,20.85694694519043,121.4800033569336
2014-09-05,164.43899536132812,78.577880859375,20.82312774658203,122.05999755859375
2014-09-08,164.01380920410156,78.49890899658203,20.721675872802734,120.7300033569336
2014-09-09,162.97537231445312,78.39108276367188,20.552587509155273,120.87000274658203
2014-09-10,163.5885772705078,78.28331756591797,20.408864974975586,120.26000213623047
2014-09-11,163.77670288085938,78.20429992675781,20.30741310119629,119.47000122070312
2014-09-12,162.82000732421875,78.04621124267578,20.146778106689453,118.37999725341797
2014-09-15,162.6973876953125,78.03180694580078,20.172142028808594,118.63999938964844
2014-09-16,163.92385864257812,78.03180694580078,20.358139038085938,118.83000183105469
2014-09-17,164.14468383789062,77.94564056396484,20.273591995239258,117.54000091552734
2014-09-18,165.01954650878906,77.95283508300781,20.079143524169922,117.77999877929688
2014-09-19,164.87083435058594,78.0821304321289,20.019962310791016,117.08999633789062
2014-09-22,163.59759521484375,78.18989562988281,19.850873947143555,116.8499984741211
2014-09-23,162.6610870361328,78.26173400878906,19.850873947143555,117.5999984741211
2014-09-24,163.93443298339844,78.21147918701172,19.9354190826416,117.05000305175781
2014-09-25,161.28924560546875,78.36235046386719,19.89314842224121,117.38999938964844
2014-09-26,162.5706787109375,78.35516357421875,19.859331130981445,117.05999755859375
2014-09-29,162.27491760253906,78.44136047363281,19.977691650390625,117.02999877929688
2014-09-30,161.84779357910156,78.39108276367188,19.631061553955078,116.20999908447266
2014-10-01,159.65451049804688,78.8293685913086,19.563426971435547,116.7699966430664
2014-10-02,159.6791534423828,78.69983673095703,19.487337112426758,116.73999786376953
2014-10-03,161.43707275390625,78.663818359375,19.30133819580078,114.61000061035156
2014-10-06,161.24813842773438,78.73582458496094,19.54651641845703,116.02999877929688
2014-10-07,158.75904846191406,79.03810119628906,19.470428466796875,116.36000061035156
2014-10-08,161.53562927246094,79.26121520996094,19.394338607788086,117.47000122070312
2014-10-09,158.33187866210938,79.10285949707031,19.16607093811035,117.63999938964844
2014-10-10,156.5246124267578,79.16050720214844,19.09843635559082,117.58999633789062
2014-10-13,153.95347595214844,79.39075469970703,19.09843635559082,118.5199966430664
2014-10-14,154.19158935546875,79.57068634033203,18.810985565185547,118.58999633789062
2014-10-15,153.1483612060547,79.71459197998047,18.574262619018555,118.98999786376953
2014-10-16,153.01690673828125,79.64989471435547,18.76026153564453,119.22000122070312
2014-10-17,154.8241729736328,79.5418930053711,18.82789421081543,118.98999786376953
2014-10-20,156.3274688720703,79.63544464111328,18.692625045776367,119.80000305175781
2014-10-21,159.42446899414062,79.56349182128906,18.844804763793945,120.0199966430664
2014-10-22,158.29080200195312,79.5202865600586,18.633447647094727,119.33999633789062
2014-10-23,160.1309356689453,79.3331298828125,18.85325813293457,118.5199966430664
2014-10-24,161.36314392089844,79.36194610595703,18.73489761352539,118.3499984741211
2014-10-27,161.141357421875,79.39075469970703,18.684171676635742,118.05999755859375
2014-10-28,162.98968505859375,79.26838684082031,18.836349487304688,118.0999984741211
2014-10-29,162.74319458007812,79.09566497802734,19.056163787841797,116.41000366210938
2014-10-30,163.78648376464844,79.22517395019531,18.895530700683594,115.19000244140625
2014-10-31,165.65945434570312,79.22517395019531,18.870166778564453,112.66000366210938
2014-11-03,165.74981689453125,79.07524108886719,18.701082229614258,112.1500015258789
2014-11-04,165.17477416992188,79.08245849609375,18.430540084838867,112.22000122070312
2014-11-05,166.21807861328125,79.11133575439453,18.481266021728516,109.79000091552734
2014-11-06,166.8834686279297,78.9743423461914,18.498172760009766,109.87999725341797
2014-11-07,167.03955078125,79.24108123779297,18.582719802856445,112.97000122070312
2014-11-10,167.5653076171875,79.05364227294922,18.40517807006836,110.45999908447266
2014-11-11,167.7296142578125,79.0897216796875,18.498172760009766,112.04000091552734
2014-11-12,167.5489044189453,79.09691619873047,18.438993453979492,111.5
2014-11-13,167.73780822753906,79.1329116821289,18.100818634033203,111.66999816894531
2014-11-14,167.7788848876953,79.20502471923828,18.295269012451172,114.47000122070312
2014-11-17,167.8856964111328,79.11133575439453,18.219179153442383,114.05000305175781
2014-11-18,168.85498046875,79.18338775634766,18.12618064880371,115.05000305175781
2014-11-19,168.5839385986328,78.99594116210938,18.033184051513672,113.68000030517578
2014-11-20,168.87965393066406,79.14010620117188,18.18536376953125,114.86000061035156
2014-11-21,169.78330993652344,79.23387908935547,18.37981414794922,115.38999938964844
2014-11-24,170.25970458984375,79.2626953125,18.219179153442383,115.11000061035156
2014-11-25,170.136474609375,79.43572998046875,18.13463592529297,115.37999725341797
2014-11-26,170.57191467285156,79.50062561035156,18.092365264892578,115.16000366210938
2014-11-28,170.21044921875,79.74576568603516,17.263835906982422,112.11000061035156
2014-12-01,169.02755737304688,79.56652069091797,17.618919372558594,116.58000183105469
2014-12-02,170.1200714111328,79.40750122070312,17.24692726135254,115.13999938964844
2014-12-03,170.7772674560547,79.335205078125,17.145475387573242,116.33000183105469
2014-12-04,170.5883331298828,79.57372283935547,17.09474754333496,115.87999725341797
2014-12-05,170.86761474609375,79.23402404785156,17.052474975585938,114.43000030517578
2014-12-08,169.7257843017578,79.42916870117188,16.756572723388672,115.77999877929688
2014-12-09,169.61080932617188,79.55205535888672,16.87493324279785,118.19000244140625
2014-12-10,166.89169311523438,79.68936920166016,16.61284828186035,117.95999908447266
2014-12-11,167.73780822753906,79.66045379638672,16.460668563842773,117.69000244140625
2014-12-12,165.02694702148438,79.9134521484375,16.32539939880371,117.41000366210938
2014-12-15,163.89332580566406,79.69661712646484,16.06331443786621,114.38999938964844
2014-12-16,162.57894897460938,79.89176177978516,15.970316886901855,114.94999694824219
2014-12-17,165.7662811279297,79.7906265258789,16.06331443786621,114.2699966430664
2014-12-18,169.86541748046875,79.5809326171875,16.012588500976562,115.1500015258789
2014-12-19,170.5882110595703,79.71104431152344,16.249309539794922,114.7699966430664
2014-12-22,171.37294006347656,79.83394622802734,15.953409194946289,112.55000305175781
2014-12-23,171.60418701171875,79.46525573730469,16.11404037475586,112.73999786376953
2014-12-24,171.6207275390625,79.55159759521484,15.902681350708008,112.7699966430664
2014-12-26,172.17413330078125,79.587890625,15.885773658752441,114.83000183105469
2014-12-29,172.40541076660156,79.75469970703125,15.733593940734863,113.66999816894531
2014-12-30,171.4803009033203,79.84170532226562,15.716684341430664,115.19999694824219
2014-12-31,169.77870178222656,79.86346435546875,15.5983247756958,113.58000183105469
2015-01-02,169.68785095214844,80.08831024169922,15.41232681274414,114.08000183105469
2015-01-05,166.62327575683594,80.2623291015625,15.192512512207031,115.80000305175781
2015-01-06,165.05389404296875,80.46540832519531,15.048789978027344,117.12000274658203
2015-01-07,167.11070251464844,80.45087432861328,14.955792427062988,116.43000030517578
2015-01-08,170.07606506347656,80.32759094238281,15.014970779418945,115.94000244140625
2015-01-09,168.713134765625,80.52342987060547,14.989607810974121,117.26000213623047
2015-01-12,167.3915252685547,80.58869171142578,14.65988826751709,118.55999755859375
2015-01-13,166.920654296875,80.61046600341797,14.6007080078125,118.16000366210938
2015-01-14,165.9129638671875,80.8062744140625,14.76133918762207,117.97000122070312
2015-01-15,164.39312744140625,81.17615509033203,14.558433532714844,120.94000244140625
2015-01-16,166.54896545410156,80.86430358886719,14.837428092956543,122.5199966430664
2015-01-20,166.9041290283203,81.0020751953125,14.634525299072266,124.19999694824219
2015-01-21,167.74673461914062,80.85704040527344,14.727523803710938,124.2300033569336
2015-01-22,170.2412567138672,80.81348419189453,14.710613250732422,125.2300033569336
2015-01-23,169.30792236328125,81.0166015625,14.6176176071167,124.2300033569336
2015-01-26,169.70437622070312,80.98033142089844,14.566889762878418,122.98999786376953
2015-01-27,167.46585083007812,80.93683624267578,14.642979621887207,124.4000015258789
2015-01-28,165.31826782226562,81.27767181396484,14.431619644165039,123.41999816894531
2015-01-29,166.84637451171875,81.21243286132812,14.363984107971191,120.76000213623047
2015-01-30,164.74832153320312,81.50249481201172,14.710613250732422,123.44999694824219
2015-02-02,166.78854370117188,81.4996337890625,14.913516998291016,122.41999816894531
2015-02-03,169.20050048828125,81.18728637695312,15.327783584594727,121.05000305175781
2015-02-04,168.55621337890625,81.31070709228516,14.989607810974121,121.58000183105469
2015-02-05,170.25779724121094,81.14368438720703,15.192512512207031,121.79000091552734
2015-02-06,169.78692626953125,80.67152404785156,15.234785079956055,118.63999938964844
2015-02-09,169.02708435058594,80.65702819824219,15.386964797973633,119.16999816894531
2015-02-10,170.82777404785156,80.56982421875,15.192512512207031,118.47000122070312
2015-02-11,170.92694091796875,80.53350830078125,15.074151992797852,117.06999969482422
2015-02-12,172.5706024169922,80.54806518554688,15.302419662475586,117.33999633789062
2015-02-13,173.281005859375,80.45357513427734,15.471510887145996,117.9800033569336
2015-02-17,173.55360412597656,80.12677001953125,15.479961395263672,116.01000213623047
2015-02-18,173.57015991210938,80.3519515991211,15.293967247009277,116.33999633789062
2015-02-19,173.44622802734375,80.28656005859375,15.243241310119629,115.94000244140625
2015-02-20,174.4869842529297,80.30107116699219,15.184060096740723,115.27999877929688
2015-02-23,174.46217346191406,80.44637298583984,15.082606315612793,115.43000030517578
2015-02-24,174.95779418945312,80.80229949951172,15.091059684753418,115.26000213623047
2015-02-25,174.8091278076172,80.86041259765625,15.319331169128418,115.69999694824219
2015-02-26,174.60260009765625,80.56982421875,15.192512512207031,116.06999969482422
2015-02-27,174.00790405273438,80.7732162475586,15.36159896850586,116.16000366210938
2015-03-02,175.10650634765625,80.36286926269531,15.141786575317383,115.68000030517578
2015-03-03,174.38784790039062,80.26101684570312,15.234785079956055,115.47000122070312
2015-03-04,173.65272521972656,80.30465698242188,15.099516868591309,115.11000061035156
2015-03-05,173.8426971435547,80.34102630615234,15.040334701538086,115.0
2015-03-06,171.397705078125,79.81718444824219,14.854338645935059,111.86000061035156
2015-03-09,172.1080322265625,80.0208969116211,14.812067985534668,111.97000122070312
2015-03-10,169.31613159179688,80.21002960205078,14.6176176071167,111.41999816894531
2015-03-11,168.91969299316406,80.37016296386719,14.693705558776855,110.75
2015-03-12,171.0672607421875,80.43563842773438,14.626070022583008,110.72000122070312
2015-03-13,170.01828002929688,80.28282165527344,14.330167770385742,110.87999725341797
2015-03-16,172.28977966308594,80.45745849609375,14.313258171081543,110.80999755859375
2015-03-17,171.77767944335938,80.44290924072266,14.21180534362793,110.20999908447266
2015-03-18,173.8426971435547,81.03226470947266,14.6007080078125,112.37000274658203
2015-03-19,173.04971313476562,80.74848175048828,14.35552978515625,112.29000091552734
2015-03-20,174.5771942138672,80.99588012695312,14.549980163574219,113.56999969482422
2015-03-23,174.2370147705078,81.01040649414062,14.71906852722168,114.29000091552734
2015-03-24,173.25796508789062,81.22872161865234,14.6007080078125,114.56999969482422
2015-03-25,170.71910095214844,81.0759048461914,14.642979621887207,114.7300033569336
2015-03-26,170.31259155273438,80.78487396240234,14.82052230834961,115.4800033569336
2015-03-27,170.70252990722656,80.90126037597656,14.524618148803711,115.05999755859375
2015-03-30,172.78500366210938,80.93767547607422,14.6007080078125,113.75
2015-03-31,171.27496337890625,81.0759048461914,14.431619644165039,113.66000366210938
2015-04-01,170.66932678222656,81.33906555175781,14.693705558776855,115.5999984741211
2015-04-02,171.2833251953125,81.22969818115234,14.6176176071167,115.27999877929688
2015-04-06,172.43658447265625,81.2807388305664,14.80361270904541,116.69000244140625
2015-04-07,171.980224609375,81.29534912109375,14.879700660705566,116.11000061035156
2015-04-08,172.56105041503906,81.30264282226562,14.592252731323242,115.47000122070312
2015-04-09,173.3243408203125,81.0984878540039,14.592252731323242,114.66999816894531
2015-04-10,174.2702178955078,81.0984878540039,14.744433403015137,115.97000122070312
2015-04-13,173.48199462890625,81.18599700927734,14.676797866821289,115.13999938964844
2015-04-14,173.8138885498047,81.27347564697266,14.744433403015137,114.44000244140625
2015-04-15,174.59376525878906,81.38285064697266,15.040334701538086,115.43000030517578
2015-04-16,174.5440216064453,81.33906555175781,15.200967788696289,115.02999877929688
2015-04-17,172.53616333007812,81.40471649169922,15.16715145111084,115.5999984741211
2015-04-20,174.11257934570312,81.34637451171875,15.099516868591309,114.72000122070312
2015-04-21,173.90513610839844,81.25885772705078,14.989607810974121,115.37999725341797
2015-04-22,174.75973510742188,81.01834106445312,15.040334701538086,113.83000183105469
2015-04-23,175.19949340820312,81.14227294921875,15.226332664489746,114.66000366210938
2015-04-24,175.60604858398438,81.2807388305664,15.217877388000488,113.05000305175781
2015-04-27,174.8759307861328,81.30992126464844,15.217877388000488,115.33000183105469
2015-04-28,175.43179321289062,80.99646759033203,15.243241310119629,116.33000183105469
2015-04-29,174.70999145507812,80.814208984375,15.344693183898926,115.51000213623047
2015-04-30,172.95928955078125,80.814208984375,15.463054656982422,113.47000122070312
2015-05-01,174.8344268798828,80.58487701416016,15.446146965026855,113.08000183105469
2015-05-04,175.3321990966797,80.43148803710938,15.437690734863281,114.0999984741211
2015-05-05,173.3243408203125,80.35846710205078,15.564505577087402,114.41999816894531
2015-05-06,172.6107940673828,80.0882339477539,15.564505577087402,114.36000061035156
2015-05-07,173.2994842529297,80.2854232788086,15.319331169128418,113.41999816894531
2015-05-08,175.5811309814453,80.54835510253906,15.403873443603516,113.97000122070312
2015-05-11,174.74317932128906,80.03712463378906,15.336237907409668,113.52999877929688
2015-05-12,174.22044372558594,80.02982330322266,15.496871948242188,114.5
2015-05-13,174.253662109375,80.02250671386719,15.513777732849121,116.55000305175781
2015-05-14,176.07064819335938,80.14669799804688,15.606776237487793,117.18000030517578
2015-05-15,176.26144409179688,80.4826431274414,15.5983247756958,117.52999877929688
2015-05-18,176.80906677246094,80.1759033203125,15.556050300598145,117.5199966430664
2015-05-19,176.75099182128906,79.89830780029297,15.226332664489746,115.88999938964844
2015-05-20,176.6265411376953,80.02250671386719,15.192512512207031,116.08000183105469
2015-05-21,177.1409912109375,80.2708511352539,15.378509521484375,115.69000244140625
2015-05-22,176.71783447265625,80.18318176269531,15.20942211151123,115.5999984741211
2015-05-26,174.8178253173828,80.3803939819336,14.913516998291016,113.91000366210938
2015-05-27,176.47720336914062,80.4606704711914,14.710613250732422,113.88999938964844
2015-05-28,176.27809143066406,80.43148803710938,14.786703109741211,114.0199966430664
2015-05-29,175.18289184570312,80.4606704711914,14.972700119018555,114.0999984741211
2015-06-01,175.5396728515625,80.2382583618164,14.938882827758789,114.0
2015-06-02,175.36541748046875,79.92364501953125,15.116423606872559,114.45999908447266
2015-06-03,175.83009338378906,79.6090316772461,14.92197322845459,113.63999938964844
2015-06-04,174.34495544433594,79.77729797363281,14.786703109741211,112.83999633789062
2015-06-05,174.04620361328125,79.42607116699219,14.854338645935059,112.23999786376953
2015-06-08,172.97592163085938,79.54319763183594,14.862793922424316,112.56999969482422
2015-06-09,172.95098876953125,79.31640625,15.099516868591309,112.81999969482422
2015-06-10,175.02523803710938,79.1187973022461,15.158696174621582,113.77999877929688
2015-06-11,175.5894317626953,79.54319763183594,15.02342700958252,113.26000213623047
2015-06-12,174.24530029296875,79.44805908203125,14.871247291564941,113.2300033569336
2015-06-15,173.49862670898438,79.54319763183594,14.80361270904541,113.7300033569336
2015-06-16,174.44444274902344,79.67485046386719,14.845885276794434,113.31999969482422
2015-06-17,174.72654724121094,79.68218994140625,14.888155937194824,113.8499984741211
2015-06-18,176.54354858398438,79.6602554321289,14.888155937194824,115.31999969482422
2015-06-19,175.75987243652344,79.90901184082031,14.752886772155762,115.12000274658203
2015-06-22,176.66033935546875,79.513916015625,14.80361270904541,113.63999938964844
2015-06-23,176.785400390625,79.33097076416016,14.98115348815918,112.88999938964844
2015-06-24,175.50143432617188,79.45535278320312,14.879700660705566,112.58999633789062
2015-06-25,174.9678497314453,79.36756134033203,14.896610260009766,112.44000244140625
2015-06-26,174.93447875976562,79.17733001708984,14.964244842529297,112.55999755859375
2015-06-29,171.26608276367188,79.6456298828125,14.896610260009766,113.06999969482422
2015-06-30,171.62457275390625,79.59437561035156,15.217877388000488,112.37000274658203
2015-07-01,173.0001983642578,79.39350128173828,15.031882286071777,111.9800033569336
2015-07-02,172.84181213378906,79.50347900390625,15.006518363952637,111.76000213623047
2015-07-06,172.3499298095703,79.78942108154297,14.516161918640137,112.05999755859375
2015-07-07,173.43373107910156,79.8994140625,14.431619644165039,110.76000213623047
2015-07-08,170.52407836914062,80.09001159667969,14.363984107971191,111.08999633789062
2015-07-09,170.83248901367188,79.79669952392578,14.533072471618652,111.36000061035156
2015-07-10,172.98355102539062,79.45946502685547,14.6007080078125,111.48999786376953
2015-07-13,174.89276123046875,79.34214782714844,14.609162330627441,110.98999786376953
2015-07-14,175.65151977539062,79.47417449951172,14.558433532714844,110.73999786376953
2015-07-15,175.59315490722656,79.6867904663086,14.389348030090332,110.16000366210938
2015-07-16,177.0021514892578,79.75273132324219,14.3217134475708,109.76000213623047
2015-07-17,177.15220642089844,79.76008605957031,14.245624542236328,108.6500015258789
2015-07-20,177.24391174316406,79.62076568603516,14.017355918884277,105.69999694824219
2015-07-21,176.54354858398438,79.75273132324219,14.076536178588867,105.37000274658203
2015-07-22,176.22679138183594,79.78942108154297,13.873631477355957,104.80000305175781
2015-07-23,175.23463439941406,80.01667785644531,13.755270004272461,104.33000183105469
2015-07-24,173.41709899902344,80.00199127197266,13.645362854003906,105.3499984741211
2015-07-27,172.4082794189453,80.10472106933594,13.383277893066406,104.86000061035156
2015-07-28,174.52593994140625,80.02406311035156,13.493184089660645,105.0199966430664
2015-07-29,175.7265167236328,79.95806121826172,13.535456657409668,105.16999816894531
2015-07-30,175.76820373535156,79.96532440185547,13.484729766845703,104.2699966430664
2015-07-31,175.50143432617188,80.28063201904297,13.29873275756836,104.93000030517578
2015-08-03,174.90948486328125,80.36363983154297,13.078919410705566,104.0999984741211
2015-08-04,174.5676727294922,80.12857818603516,13.155009269714355,104.30999755859375
2015-08-05,175.1428985595703,79.98162841796875,13.10428237915039,103.93000030517578
2015-08-06,173.70884704589844,80.07713317871094,13.095829010009766,104.38999938964844
2015-08-07,173.3754119873047,80.2166519165039,13.0451021194458,104.6500015258789
2015-08-10,175.559814453125,80.1138916015625,13.3240966796875,105.72000122070312
2015-08-11,173.9756622314453,80.37830352783203,13.146554946899414,106.26000213623047
2015-08-12,174.18411254882812,80.32689666748047,13.10428237915039,107.75
2015-08-13,173.96739196777344,80.15791320800781,13.0451021194458,106.86000061035156
2015-08-14,174.60096740722656,80.12117767333984,12.96055793762207,106.8499984741211
2015-08-17,175.5764617919922,80.2608413696289,12.909832954406738,107.12999725341797
2015-08-18,175.06788635253906,80.1138916015625,12.842196464538574,107.11000061035156
2015-08-19,173.683837890625,80.36363983154297,12.69847297668457,108.55000305175781
2015-08-20,170.05709838867188,80.48851776123047,12.732291221618652,110.44000244140625
2015-08-21,164.9379425048828,80.62808990478516,12.520930290222168,111.12999725341797
2015-08-24,157.9929962158203,80.59873962402344,12.208118438720703,110.52999877929688
2015-08-25,156.13372802734375,80.40768432617188,12.258845329284668,109.16000366210938
2015-08-26,162.12831115722656,80.03308868408203,12.182755470275879,107.66999816894531
2015-08-27,166.1385955810547,80.14327239990234,12.622384071350098,107.7300033569336
2015-08-28,166.1469268798828,80.0698013305664,12.952103614807129,108.69999694824219
2015-08-31,164.80458068847656,80.01103973388672,13.264915466308594,108.81999969482422
2015-09-01,159.88552856445312,80.24803161621094,12.825288772583008,109.19999694824219
2015-09-02,162.92034912109375,80.14497375488281,12.935194969177246,108.62000274658203
2015-09-03,163.03709411621094,80.26276397705078,13.019739151000977,107.83999633789062
2015-09-04,160.56922912597656,80.43207550048828,12.85910701751709,107.48999786376953
2015-09-08,164.60450744628906,80.24070739746094,12.952103614807129,107.5199966430664
2015-09-09,162.40342712402344,80.27011108398438,12.7830171585083,106.12999725341797
2015-09-10,163.28720092773438,80.1817855834961,12.892923355102539,106.37999725341797
2015-09-11,164.0292205810547,80.27750396728516,12.87601375579834,106.16000366210938
2015-09-14,163.4205322265625,80.29954528808594,12.715380668640137,106.22000122070312
2015-09-15,165.4632110595703,79.9388656616211,12.757654190063477,105.9000015258789
2015-09-16,166.89732360839844,79.8726577758789,12.969012260437012,107.30999755859375
2015-09-17,166.52207946777344,80.37316131591797,12.884469032287598,108.41000366210938
2015-09-18,163.8008270263672,80.43946075439453,12.690017700195312,109.20999908447266
2015-09-21,164.64732360839844,80.22595977783203,12.833744049072266,108.52999877929688
2015-09-22,162.51019287109375,80.41736602783203,12.757654190063477,107.79000091552734
2015-09-23,162.25045776367188,80.3510971069336,12.656201362609863,108.22000122070312
2015-09-24,161.66378784179688,80.45411682128906,12.732291221618652,110.48999786376953
2015-09-25,161.62191772460938,80.31432342529297,12.808380126953125,109.80999755859375
2015-09-28,157.56561279296875,80.50566864013672,12.630837440490723,108.41999816894531
2015-09-29,157.65780639648438,80.63082122802734,12.715380668640137,107.9800033569336
2015-09-30,160.59942626953125,80.66024780273438,12.808380126953125,106.86000061035156
2015-10-01,161.01846313476562,80.72293853759766,12.723835945129395,106.7300033569336
2015-10-02,163.4237518310547,80.96632385253906,12.808380126953125,108.98999786376953
2015-10-05,166.33181762695312,80.66393280029297,12.977468490600586,108.7699966430664
2015-10-06,165.76194763183594,80.86307525634766,13.231098175048828,109.86000061035156
2015-10-07,167.11965942382812,80.80406188964844,13.205735206604004,109.69999694824219
2015-10-08,168.62815856933594,80.69345092773438,13.264915466308594,109.13999938964844
2015-10-09,168.72869873046875,80.62706756591797,13.3240966796875,110.87000274658203
2015-10-12,168.88796997070312,80.83354187011719,13.112737655639648,111.30999755859375
2015-10-13,167.8236083984375,80.8409423828125,13.028192520141602,111.86000061035156
2015-10-14,167.01910400390625,81.14325714111328,13.062010765075684,113.80999755859375
2015-10-15,169.58355712890625,81.03268432617188,13.028192520141602,113.29000091552734
2015-10-16,170.35458374023438,80.9515609741211,13.03664779663086,112.48999786376953
2015-10-19,170.43833923339844,81.03268432617188,12.799925804138184,112.0199966430664
2015-10-20,170.2205352783203,80.87039947509766,12.825288772583008,112.7300033569336
2015-10-21,169.1645050048828,81.0621337890625,12.715380668640137,111.7300033569336
2015-10-22,172.02232360839844,81.0769271850586,12.757654190063477,111.69000244140625
2015-10-23,173.9080047607422,80.93680572509766,12.681562423706055,111.5
2015-10-26,173.4805908203125,80.97368621826172,12.647747993469238,111.43000030517578
2015-10-27,173.14535522460938,81.09166717529297,12.588565826416016,111.68000030517578
2015-10-28,175.1148223876953,80.84831237792969,12.799925804138184,110.77999877929688
2015-10-29,175.0142822265625,80.501708984375,12.723835945129395,109.72000122070312
2015-10-30,174.2599639892578,80.7155532836914,12.850651741027832,109.30000305175781
2015-11-02,176.32164001464844,80.55672454833984,12.7830171585083,108.58999633789062
2015-11-03,176.83285522460938,80.40889739990234,13.011284828186035,106.9800033569336
2015-11-04,176.29647827148438,80.40889739990234,12.791471481323242,105.97000122070312
2015-11-05,176.12049865722656,80.37196350097656,12.690017700195312,105.63999938964844
2015-11-06,176.02830505371094,79.98772430419922,12.61392879486084,104.0999984741211
2015-11-09,174.38571166992188,79.93600463867188,12.504021644592285,104.4000015258789
2015-11-10,174.7879638671875,80.08378601074219,12.478659629821777,104.18000030517578
2015-11-11,174.10073852539062,79.98033142089844,12.351841926574707,103.83000183105469
2015-11-12,171.67044067382812,80.05421447753906,12.174300193786621,103.8499984741211
2015-11-13,169.74278259277344,80.20941925048828,12.081304550170898,103.55999755859375
2015-11-16,172.32400512695312,80.27590942382812,12.140482902526855,103.70999908447266
2015-11-17,172.19833374023438,80.33499145507812,11.954487800598145,102.33999633789062
2015-11-18,174.93043518066406,80.27590942382812,12.005213737487793,102.43000030517578
2015-11-19,174.77964782714844,80.31291198730469,12.005213737487793,103.55999755859375
2015-11-20,175.41650390625,80.2611083984375,11.98830509185791,103.08999633789062
2015-11-23,175.21539306640625,80.28330993652344,12.081304550170898,102.26000213623047
2015-11-24,175.4500274658203,80.35717010498047,12.275754928588867,102.94000244140625
2015-11-25,175.42495727539062,80.39417266845703,12.258845329284668,102.45999908447266
2015-11-27,175.62611389160156,80.37196350097656,12.07284927368164,101.25
2015-11-30,174.8968963623047,80.40154266357422,11.996760368347168,101.91999816894531
2015-12-01,176.56463623046875,80.68325805664062,12.13202953338623,102.27999877929688
2015-12-02,174.76280212402344,80.58695220947266,11.878397941589355,100.69000244140625
2015-12-03,172.31564331054688,79.99372100830078,12.013668060302734,101.76000213623047
2015-12-04,175.67630004882812,80.25322723388672,11.996760368347168,104.0199966430664
2015-12-07,174.61195373535156,80.37187957763672,11.650130271911621,102.66999816894531
2015-12-08,173.43869018554688,80.40150451660156,11.590949058532715,102.83999633789062
2015-12-09,172.08938598632812,80.40150451660156,11.599404335021973,102.63999938964844
2015-12-10,172.53355407714844,80.38673400878906,11.557132720947266,102.55000305175781
2015-12-11,169.18966674804688,80.58695220947266,11.438770294189453,103.11000061035156
2015-12-14,170.04446411132812,80.20875549316406,11.362680435180664,101.79000091552734
2015-12-15,171.82960510253906,80.2162094116211,11.337319374084473,101.5199966430664
2015-12-16,174.34376525878906,80.0752944946289,11.286592483520508,102.75
2015-12-17,171.6870880126953,80.18650817871094,11.168231010437012,100.5
2015-12-18,168.6284942626953,80.3570327758789,11.218957901000977,102.04000091552734
2015-12-21,170.01953125,80.28289794921875,11.168231010437012,103.1500015258789
2015-12-22,171.56236267089844,80.22358703613281,11.117504119873047,102.61000061035156
2015-12-23,173.68685913085938,80.20875549316406,11.32041072845459,102.30999755859375
2015-12-24,173.4001922607422,80.24738311767578,11.32041072845459,103.05000305175781
2015-12-28,173.0039520263672,80.24738311767578,11.15977668762207,102.2699966430664
2015-12-29,174.85025024414062,80.04679107666016,11.34577465057373,102.19999694824219
2015-12-30,173.61094665527344,80.03191375732422,11.235864639282227,101.41999816894531
2015-12-31,171.87428283691406,80.24738311767578,11.29504680633545,101.45999908447266
2016-01-04,169.47157287597656,80.21766662597656,11.210502624511719,102.88999938964844
2016-01-05,169.75814819335938,80.25485229492188,11.100595474243164,103.18000030517578
2016-01-06,167.61680603027344,80.5594253540039,10.923053741455078,104.66999816894531
2016-01-07,163.59544372558594,80.552001953125,10.872326850891113,106.1500015258789
2016-01-08,161.79969787597656,80.73030090332031,10.821601867675781,105.68000030517578
2016-01-11,161.95986938476562,80.49999237060547,10.5256986618042,104.73999786376953
2016-01-12,163.26666259765625,80.67835998535156,10.458064079284668,104.20999908447266
2016-01-13,159.19467163085938,80.8640365600586,10.398881912231445,104.72000122070312
2016-01-14,161.80812072753906,80.8343505859375,10.42424488067627,103.0199966430664
2016-01-15,158.33474731445312,80.9309310913086,10.204432487487793,104.08000183105469
2016-01-19,158.5454864501953,80.84917449951172,10.119889259338379,103.9800033569336
2016-01-20,156.5137176513672,80.91608428955078,10.043798446655273,105.37000274658203
2016-01-21,157.39053344726562,80.80463409423828,10.179069519042969,105.48999786376953
2016-01-22,160.61944580078125,80.8640365600586,10.483427047729492,105.0
2016-01-25,158.19143676757812,80.81942749023438,10.255157470703125,106.08000183105469
2016-01-26,160.3496551513672,80.92350006103516,10.458064079284668,107.29000091552734
2016-01-27,158.6045379638672,80.9383544921875,10.584878921508789,107.69000244140625
2016-01-28,159.43075561523438,81.00520324707031,10.703239440917969,106.54000091552734
2016-01-29,163.3172149658203,81.24296569824219,10.804693222045898,106.94999694824219
2016-02-01,163.25819396972656,81.1446533203125,10.601786613464355,108.05000305175781
2016-02-02,160.31593322753906,81.39032745361328,10.415790557861328,108.08999633789062
2016-02-03,161.27699279785156,81.3829345703125,10.677876472473145,109.25
2016-02-04,161.5299530029297,81.46484375,10.660967826843262,110.56999969482422
2016-02-05,158.4527587890625,81.39032745361328,10.593332290649414,112.31999969482422
2016-02-08,156.31980895996094,81.70310974121094,10.542607307434082,113.83000183105469
2016-02-09,156.3282470703125,81.69562530517578,10.272067070007324,113.58000183105469
2016-02-10,156.19337463378906,81.89663696289062,10.288975715637207,114.45999908447266
2016-02-11,154.1616668701172,81.94878387451172,10.415790557861328,119.05999755859375
2016-02-12,157.3399200439453,81.72539520263672,10.567970275878906,118.36000061035156
2016-02-16,159.99554443359375,81.5243911743164,10.44960880279541,114.7699966430664
2016-02-17,162.6090545654297,81.47972869873047,10.66942310333252,115.4800033569336
2016-02-18,161.94302368164062,81.72539520263672,10.610241889953613,118.29000091552734
2016-02-19,161.86717224121094,81.74029541015625,10.517243385314941,117.58000183105469
2016-02-22,164.21084594726562,81.76261138916016,10.677876472473145,115.48999786376953
2016-02-23,162.136962890625,81.77751922607422,10.53415298461914,117.22000122070312
2016-02-24,162.8788299560547,81.80731964111328,10.66942310333252,117.61000061035156
2016-02-25,164.85165405273438,82.01577758789062,10.660967826843262,117.91999816894531
2016-02-26,164.47225952148438,81.86687469482422,10.644060134887695,117.11000061035156
2016-02-29,163.18234252929688,81.96366882324219,10.779330253601074,118.63999938964844
2016-03-01,167.01824951171875,81.71822357177734,10.7877836227417,117.7699966430664
2016-03-02,167.76856994628906,81.62869262695312,10.846965789794922,118.68000030517578
2016-03-03,168.42616271972656,81.7257080078125,10.906144142150879,120.7300033569336
2016-03-04,168.97412109375,81.59884643554688,11.117504119873047,120.54000091552734
2016-03-07,169.10903930664062,81.57642364501953,11.32041072845459,121.13999938964844
2016-03-08,167.2627410888672,81.77791595458984,11.168231010437012,120.58000183105469
2016-03-09,168.08897399902344,81.74057006835938,11.337319374084473,119.58000183105469
2016-03-10,168.22386169433594,81.77791595458984,11.32041072845459,121.5
2016-03-11,170.93850708007812,81.62869262695312,11.362680435180664,119.41000366210938
2016-03-14,170.71929931640625,81.6734390258789,11.261228561401367,117.87000274658203
2016-03-15,170.4410400390625,81.59884643554688,11.168231010437012,117.95999908447266
2016-03-16,171.42742919921875,81.94950103759766,11.362680435180664,120.58999633789062
2016-03-17,172.5149688720703,82.12103271484375,11.489496231079102,120.12999725341797
2016-03-18,173.1929473876953,82.18824005126953,11.481042861938477,119.80000305175781
2016-03-21,173.43869018554688,82.00918579101562,11.514860153198242,118.95999908447266
2016-03-22,173.34544372558594,81.95693969726562,11.599404335021973,119.30999755859375
2016-03-23,172.20144653320312,82.13592529296875,11.354227066040039,116.61000061035156
2016-03-24,172.12518310546875,82.14344787597656,11.286592483520508,116.33000183105469
2016-03-28,172.2268524169922,82.20311737060547,11.32041072845459,116.5999984741211
2016-03-29,173.8200225830078,82.44930267333984,11.29504680633545,118.76000213623047
2016-03-30,174.58265686035156,82.41946411132812,11.252774238586426,117.0999984741211
2016-03-31,174.1589813232422,82.68055725097656,11.235864639282227,117.63999938964844
2016-04-01,175.3453369140625,82.60729217529297,11.041415214538574,116.93000030517578
2016-04-04,174.77755737304688,82.68954467773438,10.889235496520996,116.1500015258789
2016-04-05,173.03192138671875,82.8016357421875,10.863872528076172,117.66000366210938
2016-04-06,174.9215850830078,82.78667449951172,10.982234001159668,116.94000244140625
2016-04-07,172.82852172851562,82.96613311767578,10.948417663574219,118.61000061035156
2016-04-08,173.29458618164062,82.88389587402344,11.210502624511719,118.43000030517578
2016-04-11,172.88783264160156,82.94366455078125,11.29504680633545,120.02999877929688
2016-04-12,174.4979248046875,82.80912780761719,11.54022216796875,120.05000305175781
2016-04-13,176.26051330566406,82.84651184082031,11.599404335021973,118.7699966430664
2016-04-14,176.26898193359375,82.70445251464844,11.506406784057617,117.11000061035156
2016-04-15,176.0740966796875,82.93621063232422,11.464134216308594,117.91999816894531
2016-04-18,177.31134033203125,82.92874908447266,11.514860153198242,117.73999786376953
2016-04-19,177.8705596923828,82.9212417602539,11.760037422180176,119.58000183105469
2016-04-20,178.0401153564453,82.71942901611328,11.98830509185791,118.97000122070312
2016-04-21,177.08250427246094,82.60729217529297,11.937579154968262,119.41999816894531
2016-04-22,177.08250427246094,82.61478424072266,11.886852264404297,117.88999938964844
2016-04-25,176.77745056152344,82.52505493164062,11.878397941589355,118.2300033569336
2016-04-26,177.04013061523438,82.4876708984375,12.030576705932617,118.69999694824219
2016-04-27,177.40451049804688,82.73440551757812,12.140482902526855,119.04000091552734
2016-04-28,175.79446411132812,82.89883422851562,12.208118438720703,121.29000091552734
2016-04-29,174.84535217285156,82.89134979248047,12.326480865478516,123.6500015258789
2016-05-02,176.235107421875,82.83517456054688,12.157393455505371,123.23999786376953
2016-05-03,174.70130920410156,82.9849624633789,11.971396446228027,122.95999908447266
2016-05-04,173.7267608642578,83.0224380493164,11.979849815368652,122.20999908447266
2016-05-05,173.69290161132812,83.23210906982422,11.861489295959473,122.06999969482422
2016-05-06,174.3284454345703,83.10482788085938,11.937579154968262,123.18000030517578
2016-05-09,174.47247314453125,83.15721893310547,11.675494194030762,120.6500015258789
2016-05-10,176.64183044433594,83.19466400146484,11.96294116973877,120.9800033569336
2016-05-11,174.9894256591797,83.19466400146484,12.241935729980469,122.12000274658203
2016-05-12,175.04026794433594,83.11978149414062,12.258845329284668,121.16000366210938
2016-05-13,173.51492309570312,83.27705383300781,12.241935729980469,121.70999908447266
2016-05-16,175.22671508789062,83.13475799560547,12.377205848693848,121.80000305175781
2016-05-17,173.59120178222656,83.0224380493164,12.470205307006836,122.22000122070312
2016-05-18,173.64208984375,82.67789459228516,12.377205848693848,120.0999984741211
2016-05-19,173.04037475585938,82.73036193847656,12.343388557434082,119.87000274658203
2016-05-20,174.13351440429688,82.7827377319336,12.394115447998047,119.70999908447266
2016-05-23,173.8963165283203,82.76780700683594,12.326480865478516,119.37000274658203
2016-05-24,176.15036010742188,82.7228775024414,12.326480865478516,117.30000305175781
2016-05-25,177.34523010253906,82.73783111572266,12.470205307006836,116.9800033569336
2016-05-26,177.39608764648438,82.8651123046875,12.461750984191895,116.58000183105469
2016-05-27,178.15867614746094,82.85015869140625,12.512476921081543,115.62000274658203
2016-05-31,177.81979370117188,82.90260314941406,12.43638801574707,116.05999755859375
2016-06-01,178.18417358398438,82.85607147216797,12.563201904296875,115.94000244140625
2016-06-02,178.72647094726562,83.06621551513672,12.588565826416016,115.66999816894531
2016-06-03,178.19259643554688,83.51640319824219,12.673110008239746,118.87999725341797
2016-06-06,179.09934997558594,83.4038314819336,12.825288772583008,118.91999816894531
2016-06-07,179.37899780273438,83.4788818359375,12.952103614807129,118.81999969482422
2016-06-08,179.9636993408203,83.50889587402344,13.171917915344238,120.58000183105469
2016-06-09,179.71795654296875,83.56892395019531,13.146554946899414,121.25
2016-06-10,178.01461791992188,83.68148803710938,12.985921859741211,121.73999786376953
2016-06-13,176.64183044433594,83.74903106689453,12.985921859741211,122.63999938964844
2016-06-14,176.29444885253906,83.71148681640625,12.90137767791748,122.7699966430664
2016-06-15,176.04864501953125,83.89155578613281,12.833744049072266,123.68000030517578
2016-06-16,176.57406616210938,83.9441146850586,12.61392879486084,122.37999725341797
2016-06-17,175.91650390625,83.88410949707031,12.909832954406738,123.94999694824219
2016-06-20,177.0493621826172,83.65145874023438,13.028192520141602,123.20999908447266
2016-06-21,177.55198669433594,83.5914306640625,12.926740646362305,120.83999633789062
2016-06-22,177.26229858398438,83.64397430419922,12.850651741027832,120.9000015258789
2016-06-23,179.5707550048828,83.50142669677734,12.952103614807129,120.11000061035156
2016-06-24,173.12246704101562,83.95165252685547,12.690017700195312,126.0
2016-06-27,170.02194213867188,84.2892837524414,12.664654731750488,126.68000030517578
2016-06-28,173.08840942382812,84.39435577392578,12.867559432983398,125.31999969482422
2016-06-29,176.03575134277344,84.33433532714844,13.053555488586426,125.83999633789062
2016-06-30,178.4378204345703,84.50689697265625,12.977468490600586,126.47000122070312
2016-07-01,178.81260681152344,84.68882751464844,13.138101577758789,128.41000366210938
2016-07-05,177.5263671875,84.91436767578125,12.766108512878418,129.47000122070312
2016-07-06,178.59117126464844,85.07220458984375,12.816834449768066,130.22999572753906
2016-07-07,178.4804229736328,85.01210021972656,12.453295707702637,129.74000549316406
2016-07-08,181.13812255859375,85.13990020751953,12.580111503601074,130.52000427246094
2016-07-11,181.7769317626953,84.91436767578125,12.529383659362793,129.2899932861328
2016-07-12,183.0972900390625,84.65875244140625,12.766108512878418,127.1500015258789
2016-07-13,183.07171630859375,84.77902221679688,12.605474472045898,128.32000732421875
2016-07-14,184.0937957763672,84.70387268066406,12.656201362609863,127.33000183105469
2016-07-15,183.84689331054688,84.3956527709961,12.622384071350098,126.83999633789062
2016-07-18,184.3408966064453,84.41068267822266,12.563201904296875,127.04000091552734
2016-07-19,184.1534881591797,84.58358001708984,12.487115859985352,127.20999908447266
2016-07-20,184.92010498046875,84.50838470458984,12.402569770812988,125.38999938964844
2016-07-21,184.22164916992188,84.58358001708984,12.33493423461914,127.30000305175781
2016-07-22,185.0479278564453,84.59862518310547,12.309572219848633,126.3499984741211
2016-07-25,184.54534912109375,84.50086212158203,12.174300193786621,125.47000122070312
2016-07-26,184.63052368164062,84.50086212158203,12.123576164245605,126.0
2016-07-27,184.43458557128906,84.74896240234375,12.005213737487793,128.02999877929688
2016-07-28,184.64756774902344,84.74144744873047,11.971396446228027,127.66000366210938
2016-07-29,184.94570922851562,84.96695709228516,12.07284927368164,128.97999572753906
2016-08-01,184.79238891601562,84.76891326904297,11.861489295959473,129.22000122070312
2016-08-02,183.6083221435547,84.52037048339844,11.84458065032959,130.27000427246094
2016-08-03,184.14501953125,84.61073303222656,12.039031028747559,129.64999389648438
2016-08-04,184.3408966064453,84.76891326904297,12.08975887298584,129.8699951171875
2016-08-05,185.8486328125,84.48270416259766,12.140482902526855,127.55000305175781
2016-08-08,185.73785400390625,84.5353775024414,12.208118438720703,127.44000244140625
2016-08-09,185.8486328125,84.75381469726562,12.174300193786621,127.95999908447266
2016-08-10,185.38865661621094,84.85173797607422,12.030576705932617,128.55999755859375
2016-08-11,186.2489776611328,84.62582397460938,12.216571807861328,127.66999816894531
2016-08-12,186.08712768554688,84.82917785644531,12.309572219848633,127.4000015258789
2016-08-15,186.62376403808594,84.67852020263672,12.512476921081543,127.83999633789062
2016-08-16,185.66123962402344,84.62582397460938,12.61392879486084,128.47000122070312
2016-08-17,186.01048278808594,84.78397369384766,12.664654731750488,128.5
2016-08-18,186.42787170410156,84.90446472167969,12.825288772583008,129.11000061035156
2016-08-19,186.1552734375,84.71620178222656,12.7830171585083,127.97000122070312
2016-08-22,186.14678955078125,84.84420776367188,12.664654731750488,127.77999877929688
2016-08-23,186.5215301513672,84.86679077148438,12.715380668640137,127.76000213623047
2016-08-24,185.56747436523438,84.8366928100586,12.563201904296875,126.33999633789062
2016-08-25,185.43972778320312,84.74629211425781,12.61392879486084,126.2300033569336
2016-08-26,185.0904998779297,84.61073303222656,12.571657180786133,126.05000305175781
2016-08-29,186.00193786621094,84.84420776367188,12.520930290222168,126.30000305175781
2016-08-30,185.6952362060547,84.79903411865234,12.402569770812988,125.02999877929688
2016-08-31,185.1671600341797,84.78397369384766,12.165846824645996,124.77999877929688
2016-09-01,185.17568969726562,84.85787200927734,12.030576705932617,125.29000091552734
2016-09-02,186.01048278808594,84.74471282958984,12.165846824645996,126.56999969482422
2016-09-06,186.57266235351562,84.92582702636719,12.250391006469727,128.7100067138672
2016-09-07,186.5556182861328,84.97107696533203,12.360297203063965,128.27000427246094
2016-09-08,186.12973022460938,84.67686462402344,12.580111503601074,127.58999633789062
2016-09-09,181.67471313476562,84.30709075927734,12.385660171508789,126.75
2016-09-12,184.28125,84.37496185302734,12.385660171508789,126.58999633789062
2016-09-13,181.63211059570312,84.14105224609375,12.225027084350586,125.75
2016-09-14,181.56393432617188,84.2467041015625,12.13202953338623,126.18000030517578
2016-09-15,183.3783721923828,84.29955291748047,12.191208839416504,125.37000274658203
2016-09-16,182.66954040527344,84.35990905761719,12.208118438720703,125.05999755859375
2016-09-19,182.70370483398438,84.29199981689453,12.199664115905762,125.31999969482422
2016-09-20,182.71224975585938,84.32220458984375,12.241935729980469,125.44000244140625
2016-09-21,184.76695251464844,84.53347778320312,12.394115447998047,127.2699966430664
2016-09-22,185.93130493164062,84.70700073242188,12.461750984191895,127.56999969482422
2016-09-23,184.9125518798828,84.68438720703125,12.318025588989258,127.6500015258789
2016-09-26,183.414306640625,84.78997039794922,12.402569770812988,127.55000305175781
2016-09-27,184.55291748046875,84.89562225341797,12.284208297729492,126.62000274658203
2016-09-28,185.46896362304688,84.91827392578125,12.571657180786133,126.22000122070312
2016-09-29,183.79098510742188,84.91827392578125,12.647747993469238,126.06999969482422
2016-09-30,185.17794799804688,84.82774353027344,12.690017700195312,125.63999938964844
2016-10-03,184.73275756835938,84.73175048828125,12.799925804138184,125.31999969482422
2016-10-04,183.79098510742188,84.44448852539062,12.766108512878418,120.97000122070312
2016-10-05,184.60433959960938,84.33106994628906,12.842196464538574,120.77999877929688
2016-10-06,184.73275756835938,84.33106994628906,12.867559432983398,119.66000366210938
2016-10-07,184.0992431640625,84.3462142944336,12.833744049072266,119.73999786376953
2016-10-10,185.05801391601562,84.30838775634766,12.977468490600586,120.16000366210938
2016-10-11,182.72084045410156,84.17990112304688,12.90137767791748,119.55000305175781
2016-10-12,182.96055603027344,84.21015167236328,12.808380126953125,119.73999786376953
2016-10-13,182.36129760742188,84.33106994628906,12.892923355102539,120.02999877929688
2016-10-14,182.4554443359375,84.18749237060547,12.90137767791748,119.36000061035156
2016-10-17,181.82192993164062,84.33106994628906,12.918285369873047,119.68000030517578
2016-10-18,182.96055603027344,84.46717071533203,12.943649291992188,120.41999816894531
2016-10-19,183.44851684570312,84.51251220703125,13.028192520141602,121.11000061035156
2016-10-20,183.1061248779297,84.48224639892578,12.909832954406738,120.73999786376953
2016-10-21,183.19168090820312,84.5351791381836,12.96055793762207,120.83000183105469
2016-10-24,183.9707794189453,84.40667724609375,12.969012260437012,120.55999755859375
2016-10-25,183.3543701171875,84.40667724609375,12.909832954406738,121.47000122070312
2016-10-26,182.98623657226562,84.24039459228516,12.825288772583008,120.79000091552734
2016-10-27,182.4982147216797,84.02871704101562,12.90137767791748,121.01000213623047
2016-10-28,181.9589080810547,84.02871704101562,12.816834449768066,121.58000183105469
2016-10-31,181.9674530029297,84.13450622558594,12.647747993469238,121.94000244140625
2016-11-01,180.64903259277344,84.08906555175781,12.706926345825195,122.7300033569336
2016-11-02,179.56178283691406,84.18757629394531,12.554747581481934,123.63999938964844
2016-11-03,178.73992919921875,84.0739974975586,12.512476921081543,124.30000305175781
2016-11-04,178.54299926757812,84.24811553955078,12.427932739257812,124.38999938964844
2016-11-07,182.4811248779297,84.14970397949219,12.478659629821777,122.1500015258789
2016-11-08,183.30299377441406,84.01335906982422,12.461750984191895,121.63999938964844
2016-11-09,185.2464141845703,83.23333740234375,12.520930290222168,121.55999755859375
2016-11-10,185.70870971679688,82.89247131347656,12.419479370117188,119.75
2016-11-11,185.28057861328125,82.74103546142578,12.182755470275879,117.0999984741211
2016-11-14,185.4261932373047,82.40782165527344,12.157393455505371,116.11000061035156
2016-11-15,186.87303161621094,82.46834564208984,12.427932739257812,117.12000274658203
2016-11-16,186.52198791503906,82.6501693725586,12.275754928588867,116.7699966430664
2016-11-17,187.4808349609375,82.33960723876953,12.301117897033691,116.16999816894531
2016-11-18,187.0613555908203,82.07453918457031,12.402569770812988,115.1500015258789
2016-11-21,188.47396850585938,82.14271545410156,12.749198913574219,115.58000183105469
2016-11-22,188.84210205078125,82.21843719482422,12.732291221618652,115.54000091552734
2016-11-23,188.94483947753906,81.93062591552734,12.7830171585083,113.25
2016-11-25,189.64683532714844,81.92310333251953,12.690017700195312,112.61000061035156
2016-11-28,188.75643920898438,82.21086883544922,12.732291221618652,113.80000305175781
2016-11-29,189.12457275390625,82.30172729492188,12.478659629821777,113.2699966430664
2016-11-30,188.67083740234375,81.97611236572266,12.85910701751709,111.75
2016-12-01,187.97738647460938,81.70597839355469,13.095829010009766,111.54000091552734
2016-12-02,188.07156372070312,81.96392822265625,13.188827514648438,112.13999938964844
2016-12-05,189.20166015625,82.03228759765625,13.256462097167969,111.54000091552734
2016-12-06,189.80091857910156,82.01705169677734,13.197280883789062,111.43000030517578
2016-12-07,192.28366088867188,82.22950744628906,13.095829010009766,111.83000183105469
2016-12-08,192.7545166015625,82.07777404785156,13.12119197845459,111.56999969482422
2016-12-09,193.91880798339844,81.82734680175781,13.188827514648438,110.4000015258789
2016-12-12,193.69625854492188,81.7514877319336,13.273370742797852,110.81999969482422
2016-12-13,194.989013671875,81.85772705078125,13.307188034057617,110.44999694824219
2016-12-14,193.37950134277344,81.41004180908203,13.18037223815918,108.83000183105469
2016-12-15,194.1757049560547,81.31140899658203,13.163463592529297,107.33999633789062
2016-12-16,193.79586791992188,81.364501953125,13.22264575958252,108.05000305175781
2016-12-19,194.2178955078125,81.57695007324219,13.146554946899414,108.58999633789062
2016-12-20,194.9670867919922,81.50111389160156,13.205735206604004,107.79000091552734
2016-12-21,194.42457580566406,81.67561340332031,13.129645347595215,107.8499984741211
2016-12-22,194.08871459960938,81.6748275756836,13.112737655639648,107.58999633789062
2016-12-23,194.37289428710938,81.69766235351562,13.138101577758789,107.93000030517578
2016-12-27,194.8551025390625,81.63681030273438,13.341004371643066,108.55999755859375
2016-12-28,193.2447509765625,81.76611328125,13.349459648132324,108.86000061035156
2016-12-29,193.2017059326172,82.0170669555664,13.366368293762207,110.29000091552734
2016-12-30,192.49557495117188,82.1843490600586,13.391732215881348,109.61000061035156
2017-01-03,193.9681396484375,82.26809692382812,13.231098175048828,110.47000122070312
2017-01-04,195.1220703125,82.2908706665039,13.332550048828125,110.86000061035156
2017-01-05,194.9670867919922,82.63312530517578,13.400186538696289,112.58000183105469
2017-01-06,195.66461181640625,82.35936737060547,13.383277893066406,111.75
2017-01-09,195.018798828125,82.49620819091797,13.18037223815918,112.66999816894531
2017-01-10,195.018798828125,82.473388671875,13.12119197845459,113.1500015258789
2017-01-11,195.5699005126953,82.5722885131836,13.264915466308594,113.5
2017-01-12,195.07904052734375,82.60269927978516,13.459366798400879,113.91000366210938
2017-01-13,195.52682495117188,82.45817565917969,13.434003829956055,114.20999908447266
2017-01-17,194.8379364013672,82.73959350585938,13.425548553466797,115.8499984741211
2017-01-18,195.26853942871094,82.38214874267578,13.307188034057617,114.87000274658203
2017-01-19,194.54513549804688,82.16919708251953,13.264915466308594,114.7699966430664
2017-01-20,195.25985717773438,82.1996078491211,13.417094230651855,115.05000305175781
2017-01-23,194.75184631347656,82.42777252197266,13.417094230651855,115.79000091552734
2017-01-24,196.00050354003906,82.29851531982422,13.450911521911621,115.2699966430664
2017-01-25,197.69696044921875,82.0779037475586,13.366368293762207,114.31999969482422
2017-01-26,197.49029541015625,82.13117980957031,13.425548553466797,113.26000213623047
2017-01-27,197.18028259277344,82.1996078491211,13.315641403198242,113.48999786376953
2017-01-30,195.95745849609375,82.16157531738281,13.23955249786377,113.97000122070312
2017-01-31,195.940185546875,82.35936737060547,13.315641403198242,115.55000305175781
2017-02-01,196.01768493652344,82.24345397949219,13.459366798400879,115.19999694824219
2017-02-02,196.14691162109375,82.28923034667969,13.459366798400879,115.83999633789062
2017-02-03,197.4989471435547,82.31205749511719,13.450911521911621,116.12999725341797
2017-02-06,197.14581298828125,82.54833221435547,13.366368293762207,117.69999694824219
2017-02-07,197.15447998046875,82.63214874267578,13.307188034057617,117.45999908447266
2017-02-08,197.412841796875,82.86841583251953,13.35791301727295,118.19000244140625
2017-02-09,198.5839385986328,82.67024993896484,13.425548553466797,117.29000091552734
2017-02-10,199.3676300048828,82.655029296875,13.569272994995117,117.5999984741211
2017-02-13,200.4526824951172,82.53306579589844,13.417094230651855,116.80000305175781
2017-02-14,201.25360107421875,82.35015106201172,13.434003829956055,116.93000030517578
2017-02-15,202.30416870117188,82.2206039428711,13.450911521911621,117.44999694824219
2017-02-16,202.13198852539062,82.39588928222656,13.366368293762207,118.08000183105469
2017-02-17,202.45057678222656,82.57880401611328,13.341004371643066,117.68000030517578
2017-02-21,203.6562042236328,82.57122802734375,13.3240966796875,117.75
2017-02-22,203.47537231445312,82.62451171875,13.256462097167969,117.91000366210938
2017-02-23,203.61317443847656,82.76170349121094,13.29873275756836,118.94000244140625
2017-02-24,203.87158203125,83.06651306152344,13.273370742797852,119.69999694824219
2017-02-27,204.1901092529297,82.91416931152344,13.23955249786377,119.12000274658203
2017-02-28,203.63897705078125,82.89129638671875,13.290278434753418,119.2300033569336
2017-03-01,206.4894561767578,82.5018081665039,13.349459648132324,119.05999755859375
2017-03-02,205.18907165527344,82.34906005859375,13.138101577758789,117.58000183105469
2017-03-03,205.31826782226562,82.41015625,13.205735206604004,117.51000213623047
2017-03-06,204.7068328857422,82.37200164794922,13.188827514648438,116.72000122070312
2017-03-07,204.09544372558594,82.26509857177734,13.129645347595215,115.77999877929688
2017-03-08,203.71649169921875,82.0665512084961,12.833744049072266,115.05999755859375
2017-03-09,203.974853515625,81.81458282470703,12.723835945129395,114.47000122070312
2017-03-10,204.6896514892578,81.936767578125,12.605474472045898,114.72000122070312
2017-03-13,204.79295349121094,81.79924774169922,12.588565826416016,114.73999786376953
2017-03-14,204.00927734375,81.8298568725586,12.53783893585205,114.12000274658203
2017-03-15,205.77467346191406,82.30327606201172,12.647747993469238,116.25
2017-03-16,205.369873046875,82.21165466308594,12.630837440490723,116.7300033569336
2017-03-17,205.00927734375,82.38727569580078,12.673110008239746,116.98999786376953
2017-03-20,204.78436279296875,82.50946044921875,12.664654731750488,117.51000213623047
2017-03-21,202.15505981445312,82.67748260498047,12.597020149230957,118.54000091552734
2017-03-22,202.6308135986328,82.7919692993164,12.588565826416016,118.83000183105469
2017-03-23,202.41453552246094,82.81488037109375,12.563201904296875,118.66999816894531
2017-03-24,202.2675018310547,82.74617767333984,12.605474472045898,118.86000061035156
2017-03-27,202.0598907470703,82.9447021484375,12.588565826416016,119.52999877929688
2017-03-28,203.53030395507812,82.75383758544922,12.664654731750488,119.04000091552734
2017-03-29,203.72056579589844,82.93709564208984,12.7830171585083,119.33000183105469
2017-03-30,204.36923217773438,82.78437042236328,12.833744049072266,118.47000122070312
2017-03-31,203.8935546875,82.84545135498047,12.85910701751709,118.72000122070312
2017-04-03,203.53890991210938,83.15304565429688,12.808380126953125,119.3499984741211
2017-04-04,203.66868591308594,83.07654571533203,12.935194969177246,119.62000274658203
2017-04-05,203.06321716308594,83.1683578491211,12.96055793762207,119.62000274658203
2017-04-06,203.63406372070312,83.16068267822266,12.994375228881836,119.18000030517578
2017-04-07,203.42649841308594,82.97705841064453,13.028192520141602,119.45999908447266
2017-04-10,203.54754638671875,83.0842056274414,13.129645347595215,119.45999908447266
2017-04-11,203.305419921875,83.32134246826172,13.155009269714355,121.19000244140625
2017-04-12,202.41453552246094,83.50507354736328,13.155009269714355,122.0199966430664
2017-04-13,201.099853515625,83.61214447021484,13.197280883789062,122.5999984741211
2017-04-17,202.88162231445312,83.56629943847656,13.12119197845459,122.23999786376953
2017-04-18,202.276123046875,83.90294647216797,13.070466041564941,122.81999969482422
2017-04-19,201.90426635742188,83.77287292480469,12.842196464538574,121.7300033569336
2017-04-20,203.54754638671875,83.64276885986328,12.791471481323242,121.95999908447266
2017-04-21,202.89891052246094,83.66570281982422,12.664654731750488,122.30999755859375
2017-04-24,205.13034057617188,83.54332733154297,12.622384071350098,121.4800033569336
2017-04-25,206.323974609375,83.2677993774414,12.681562423706055,120.25
2017-04-26,206.1941680908203,83.37496185302734,12.61392879486084,120.83999633789062
2017-04-27,206.36717224121094,83.45149230957031,12.546293258666992,120.38999938964844
2017-04-28,205.91741943359375,83.59687805175781,12.512476921081543,120.7699966430664
2017-05-01,206.43637084960938,83.38140106201172,12.53783893585205,119.66999816894531
2017-05-02,206.5142364501953,83.49642944335938,12.402569770812988,119.6500015258789
2017-05-03,206.2633819580078,83.41207885742188,12.351841926574707,117.9800033569336
2017-05-04,206.50555419921875,83.3430404663086,12.055940628051758,116.79000091552734
2017-05-05,207.3185272216797,83.3583755493164,12.225027084350586,117.01000213623047
2017-05-08,207.28399658203125,83.19731140136719,12.174300193786621,116.75
2017-05-09,207.09365844726562,83.20500946044922,12.115121841430664,116.05000305175781
2017-05-10,207.4656219482422,83.22796630859375,12.309572219848633,116.04000091552734
2017-05-11,207.04180908203125,83.2203369140625,12.360297203063965,116.5
2017-05-12,206.69581604003906,83.52711486816406,12.360297203063965,116.83000183105469
2017-05-15,207.83755493164062,83.49642944335938,12.427932739257812,117.13999938964844
2017-05-16,207.647216796875,83.60375213623047,12.444842338562012,117.6500015258789
2017-05-17,203.9627227783203,84.033203125,12.529383659362793,119.79000091552734
2017-05-18,204.78436279296875,83.9871826171875,12.49556827545166,118.80999755859375
2017-05-19,206.1163330078125,83.9871826171875,12.740744590759277,119.4000015258789
2017-05-22,207.16287231445312,83.93352508544922,12.825288772583008,119.9000015258789
2017-05-23,207.6212921142578,83.7724838256836,12.7830171585083,119.13999938964844
2017-05-24,208.10560607910156,83.918212890625,12.757654190063477,119.61000061035156
2017-05-25,209.1002655029297,83.95655059814453,12.478659629821777,119.4800033569336
2017-05-26,209.0570526123047,83.92586517333984,12.571657180786133,120.54000091552734
2017-05-30,208.87538146972656,84.08685302734375,12.470205307006836,120.13999938964844
2017-05-31,208.82351684570312,84.17125701904297,12.33493423461914,120.62000274658203
2017-06-01,210.484130859375,84.1328353881836,12.250391006469727,120.72000122070312
2017-06-02,211.18472290039062,84.40946197509766,12.191208839416504,121.61000061035156
2017-06-05,211.02903747558594,84.27881622314453,12.123576164245605,121.7300033569336
2017-06-06,210.35440063476562,84.44786834716797,12.208118438720703,123.0999984741211
2017-06-07,210.7436065673828,84.34799194335938,12.039031028747559,122.44999694824219
2017-06-08,210.8473663330078,84.263427734375,12.039031028747559,121.6500015258789
2017-06-09,210.52737426757812,84.1943130493164,12.106667518615723,120.54000091552734
2017-06-12,210.484130859375,84.1943130493164,11.996760368347168,120.36000061035156
2017-06-13,211.51336669921875,84.21734619140625,12.047486305236816,120.4800033569336
2017-06-14,211.24522399902344,84.486328125,11.836127281188965,119.81999969482422
2017-06-15,210.83868408203125,84.43254852294922,11.886852264404297,119.31999969482422
2017-06-16,210.884765625,84.486328125,11.937579154968262,119.33999633789062
2017-06-19,212.6404571533203,84.37104034423828,11.861489295959473,118.43000030517578
2017-06-20,211.20639038085938,84.5016860961914,11.743128776550293,118.18000030517578
2017-06-21,211.1542205810547,84.51705169677734,11.616312026977539,118.5199966430664
2017-06-22,211.05860900878906,84.55549621582031,11.633221626281738,118.91999816894531
2017-06-23,211.31069946289062,84.57081604003906,11.683947563171387,119.43000030517578
2017-06-26,211.44973754882812,84.64768981933594,11.709311485290527,118.36000061035156
2017-06-27,209.74624633789062,84.39409637451172,11.84458065032959,118.80999755859375
2017-06-28,211.62353515625,84.42479705810547,11.920671463012695,118.9000015258789
2017-06-29,209.7636260986328,84.263427734375,11.971396446228027,118.31999969482422
2017-06-30,210.1547393798828,84.1558837890625,12.216571807861328,118.0199966430664
2017-07-03,210.51112365722656,84.00572204589844,12.343388557434082,116.08999633789062
2017-07-05,210.99783325195312,84.05191802978516,12.157393455505371,116.5199966430664
2017-07-06,209.06834411621094,83.89022064208984,12.165846824645996,116.47000122070312
2017-07-07,210.42420959472656,83.8593521118164,12.047486305236816,115.27999877929688
2017-07-10,210.65013122558594,83.89793395996094,12.098213195800781,115.47000122070312
2017-07-11,210.4936981201172,83.97491455078125,12.216571807861328,115.62000274658203
2017-07-12,212.07550048828125,84.22904205322266,12.157393455505371,116.02999877929688
2017-07-13,212.43185424804688,84.13664245605469,12.148937225341797,115.81999969482422
2017-07-14,213.4226837158203,84.22134399414062,12.284208297729492,116.7699966430664
2017-07-17,213.39657592773438,84.25985717773438,12.241935729980469,117.29000091552734
2017-07-18,213.50955200195312,84.45236206054688,12.292662620544434,118.11000061035156
2017-07-19,214.66549682617188,84.47542572021484,12.402569770812988,118.08000183105469
2017-07-20,214.76113891601562,84.49858856201172,12.385660171508789,118.23999786376953
2017-07-21,214.56991577148438,84.64482879638672,12.216571807861328,119.26000213623047
2017-07-24,214.5177459716797,84.5678482055664,12.241935729980469,119.30999755859375
2017-07-25,215.03921508789062,84.26757049560547,12.377205848693848,118.91999816894531
2017-07-26,215.04791259765625,84.42926025390625,12.49556827545166,119.87999725341797
2017-07-27,214.84799194335938,84.30606079101562,12.571657180786133,119.79000091552734
2017-07-28,214.59593200683594,84.47542572021484,12.639291763305664,120.69000244140625
2017-07-31,214.47427368164062,84.43692779541016,12.715380668640137,120.75
2017-08-01,214.9523162841797,84.66844177246094,12.571657180786133,120.6500015258789
2017-08-02,215.056640625,84.60675811767578,12.597020149230957,120.4000015258789
2017-08-03,214.6394500732422,84.7764663696289,12.504021644592285,120.58999633789062
2017-08-04,215.03054809570312,84.6375732421875,12.529383659362793,119.6500015258789
2017-08-07,215.4303436279297,84.62986755371094,12.554747581481934,119.51000213623047
2017-08-08,214.90017700195312,84.55268096923828,12.563201904296875,119.86000061035156
2017-08-09,214.8914794921875,84.62986755371094,12.647747993469238,121.30999755859375
2017-08-10,211.85818481445312,84.7147445678711,12.453295707702637,122.20999908447266
2017-08-11,212.17108154296875,84.78423309326172,12.49556827545166,122.79000091552734
2017-08-14,214.27442932128906,84.74561309814453,12.385660171508789,121.91999816894531
2017-08-15,214.24832153320312,84.62212371826172,12.326480865478516,120.9800033569336
2017-08-16,214.62203979492188,84.7764663696289,12.292662620544434,121.87000274658203
2017-08-17,211.2759246826172,84.89994812011719,12.326480865478516,122.48999786376953
2017-08-18,210.94564819335938,84.84593963623047,12.546293258666992,122.30000305175781
2017-08-21,211.11073303222656,84.9076919555664,12.394115447998047,122.76000213623047
2017-08-22,213.318359375,84.83049774169922,12.427932739257812,122.20999908447266
2017-08-23,212.55349731445312,85.02346801757812,12.53783893585205,122.66999816894531
2017-08-24,212.0581512451172,84.91539001464844,12.529383659362793,122.29000091552734
2017-08-25,212.55349731445312,84.97713470458984,12.504021644592285,122.73999786376953
2017-08-28,212.562255859375,85.00800323486328,12.512476921081543,124.69000244140625
2017-08-29,212.80560302734375,85.13143157958984,12.512476921081543,124.41999816894531
2017-08-30,213.81375122070312,85.11601257324219,12.419479370117188,124.36000061035156
2017-08-31,215.10009765625,85.23178100585938,12.766108512878418,125.81999969482422
2017-09-01,215.40428161621094,85.03846740722656,12.7830171585083,126.05999755859375
2017-09-05,213.85723876953125,85.38645935058594,12.808380126953125,127.45999908447266
2017-09-06,214.58726501464844,85.29365539550781,12.935194969177246,126.80999755859375
2017-09-07,214.56121826171875,85.50244903564453,12.926740646362305,128.1300048828125
2017-09-08,214.3092041015625,85.40190124511719,12.7830171585083,127.97000122070312
2017-09-11,216.59495544433594,85.1698989868164,12.808380126953125,126.19000244140625
2017-09-12,217.32510375976562,85.04618835449219,12.842196464538574,126.55999755859375
2017-09-13,217.42929077148438,84.96115112304688,12.90137767791748,125.61000061035156
2017-09-14,217.3597869873047,85.00752258300781,12.909832954406738,126.16000366210938
2017-09-15,217.6524200439453,84.9920883178711,12.969012260437012,125.52999877929688
2017-09-18,218.11532592773438,84.95338439941406,12.952103614807129,124.36000061035156
2017-09-19,218.33367919921875,84.90702056884766,12.926740646362305,124.62000274658203
2017-09-20,218.41232299804688,84.83741760253906,13.03664779663086,123.62000274658203
2017-09-21,217.82713317871094,84.8219223022461,12.985921859741211,122.68000030517578
2017-09-22,217.8707733154297,84.8837890625,13.03664779663086,123.23999786376953
2017-09-25,217.42529296875,85.0848617553711,13.256462097167969,124.52999877929688
2017-09-26,217.5563201904297,85.05391693115234,13.138101577758789,123.13999938964844
2017-09-27,218.403564453125,84.80646514892578,13.087373733520508,121.9800033569336
2017-09-28,218.6656036376953,84.81420135498047,13.087373733520508,122.20999908447266
2017-09-29,219.4342041015625,84.74459838867188,13.019739151000977,121.58000183105469
2017-10-02,220.38629150390625,84.79656982421875,12.909832954406738,120.7699966430664
2017-10-03,220.8578643798828,84.86627197265625,12.918285369873047,120.83000183105469
2017-10-04,221.1199493408203,84.84300994873047,12.935194969177246,121.16999816894531
2017-10-05,222.43017578125,84.8043212890625,13.078919410705566,120.5199966430664
2017-10-06,222.1768341064453,84.68030548095703,12.87601375579834,121.08999633789062
2017-10-09,221.80996704101562,84.79656982421875,12.884469032287598,122.08000183105469
2017-10-10,222.3951873779297,84.8043212890625,13.03664779663086,122.4000015258789
2017-10-11,222.74452209472656,84.81976318359375,13.062010765075684,122.79000091552734
2017-10-12,222.4126739501953,84.92051696777344,13.0451021194458,122.88999938964844
2017-10-13,222.68344116210938,85.12970733642578,13.171917915344238,123.81999969482422
2017-10-16,222.9803924560547,85.04451751708984,13.205735206604004,122.97000122070312
2017-10-17,223.1376190185547,85.0135269165039,13.188827514648438,122.12999725341797
2017-10-18,223.3560028076172,84.88177490234375,13.18037223815918,121.66999816894531
2017-10-19,223.41709899902344,84.9437484741211,13.12119197845459,122.38999938964844
2017-10-20,224.5700225830078,84.6957778930664,13.188827514648438,121.61000061035156
2017-10-23,223.69659423828125,84.7887954711914,13.188827514648438,121.80000305175781
2017-10-24,224.0896759033203,84.61055755615234,13.3240966796875,121.33000183105469
2017-10-25,222.9803924560547,84.55633544921875,13.341004371643066,121.3499984741211
2017-10-26,223.26856994628906,84.46333312988281,13.400186538696289,120.33000183105469
2017-10-27,225.0940704345703,84.64928436279297,13.467822074890137,120.9000015258789
2017-10-30,224.255615234375,84.88177490234375,13.501638412475586,121.12999725341797
2017-10-31,224.60496520996094,84.8275375366211,13.535456657409668,120.66999816894531
2017-11-01,224.90196228027344,84.86482238769531,13.543910026550293,121.11000061035156
2017-11-02,224.98928833007812,84.91139221191406,13.62845516204834,121.19000244140625
2017-11-03,225.74044799804688,84.98905944824219,13.712997436523438,120.62000274658203
2017-11-06,226.08982849121094,85.06671142578125,13.97508430480957,121.6500015258789
2017-11-07,225.93267822265625,85.09000396728516,13.890541076660156,121.20999908447266
2017-11-08,226.31690979003906,85.03560638427734,13.865177154541016,121.62999725341797
2017-11-09,225.4958953857422,84.97354888916016,13.890541076660156,122.12999725341797
2017-11-10,225.426025390625,84.6318359375,13.865177154541016,121.12999725341797
2017-11-13,225.63568115234375,84.6318359375,13.822904586791992,121.30999755859375
2017-11-14,225.11155700683594,84.71726989746094,13.636908531188965,121.55999755859375
2017-11-15,223.98484802246094,84.88033294677734,13.619999885559082,121.41000366210938
2017-11-16,225.8889617919922,84.78716278076172,13.577728271484375,121.4000015258789
2017-11-17,225.22512817382812,84.88033294677734,13.797541618347168,122.86000061035156
2017-11-20,225.60943603515625,84.833740234375,13.687634468078613,121.30999755859375
2017-11-21,227.08554077148438,84.91913604736328,13.780631065368652,121.51000213623047
2017-11-22,226.88467407226562,85.06671142578125,13.856720924377441,122.62999725341797
2017-11-24,227.4087677001953,85.0511703491211,13.898995399475098,122.31999969482422
2017-11-27,227.295166015625,85.0511703491211,13.873631477355957,122.83000183105469
2017-11-28,229.6010284423828,85.0511703491211,13.814449310302734,122.80999755859375
2017-11-29,229.4612274169922,84.84150695800781,13.721452713012695,122.04000091552734
2017-11-30,231.4702606201172,84.7017822265625,13.662271499633789,121.0999984741211
2017-12-01,230.9897918701172,84.9437255859375,13.780631065368652,121.58999633789062
2017-12-04,230.71035766601562,84.93595123291016,13.61154556274414,121.18000030517578
2017-12-05,229.8805389404297,85.02156829833984,13.61154556274414,120.31999969482422
2017-12-06,229.92420959472656,85.10716247558594,13.383277893066406,120.06999969482422
2017-12-07,230.6492156982422,84.99820709228516,13.425548553466797,118.48999786376953
2017-12-08,231.90692138671875,84.96707916259766,13.493184089660645,118.4800033569336
2017-12-11,232.60565185546875,84.93595123291016,13.52700138092041,118.01000213623047
2017-12-12,233.0161895751953,84.89705657958984,13.40864086151123,118.1500015258789
2017-12-13,232.9900360107422,85.13827514648438,13.349459648132324,119.16999816894531
2017-12-14,232.03797912597656,85.16160583496094,13.391732215881348,118.93000030517578
2017-12-15,233.97030639648438,85.1849365234375,13.391732215881348,119.18000030517578
2017-12-18,235.4539031982422,85.07603454589844,13.450911521911621,119.7300033569336
2017-12-19,234.54965209960938,84.8270263671875,13.552366256713867,119.81999969482422
2017-12-20,234.4266815185547,84.63248443603516,13.62845516204834,120.13999938964844
2017-12-21,234.9096221923828,84.7071762084961,13.636908531188965,120.30999755859375
2017-12-22,234.84815979003906,84.74608612060547,13.696088790893555,120.94000244140625
2017-12-26,234.56719970703125,84.816162109375,13.898995399475098,121.7699966430664
2017-12-27,234.6813507080078,85.08085632324219,13.932811737060547,122.2300033569336
2017-12-28,235.1641387939453,85.01856231689453,14.000446319580078,122.8499984741211
2017-12-29,234.27752685546875,85.10418701171875,14.042720794677734,123.6500015258789
2018-01-02,235.95423889160156,84.97965240478516,14.110353469848633,125.1500015258789
2018-01-03,237.44676208496094,84.98745727539062,14.194897651672363,124.81999969482422
2018-01-04,238.4475555419922,84.93295288085938,14.177988052368164,125.45999908447266
2018-01-05,240.03660583496094,84.87845611572266,14.127262115478516,125.33000183105469
2018-01-08,240.47544860839844,84.8551025390625,14.11880874633789,125.30999755859375
2018-01-09,241.01986694335938,84.62157440185547,14.21180534362793,124.7300033569336
2018-01-10,240.65113830566406,84.62157440185547,14.262533187866211,125.02999877929688
2018-01-11,242.4068145751953,84.66046905517578,14.25407886505127,125.44000244140625
2018-01-12,243.98707580566406,84.64494323730469,14.347075462341309,126.95999908447266
2018-01-16,243.1531524658203,84.66826629638672,14.279440879821777,127.16999816894531
2018-01-17,245.47076416015625,84.57488250732422,14.296350479125977,126.13999938964844
2018-01-18,245.05813598632812,84.38806915283203,14.296350479125977,125.86000061035156
2018-01-19,246.17315673828125,84.2090072631836,14.270986557006836,126.41999816894531
2018-01-22,248.17469787597656,84.17784118652344,14.304804801940918,126.6500015258789
2018-01-23,248.70143127441406,84.38030242919922,14.406257629394531,127.27999877929688
2018-01-24,248.6048583984375,84.29460906982422,14.558433532714844,128.8300018310547
2018-01-25,248.71017456054688,84.5125961303711,14.473892211914062,127.97000122070312
2018-01-26,251.58978271484375,84.35691833496094,14.5837984085083,128.07000732421875
2018-01-29,249.9217987060547,84.2090072631836,14.541525840759277,127.3499984741211
2018-01-30,247.35824584960938,84.07669067382812,14.44007396697998,126.80000305175781
2018-01-31,247.48121643066406,84.146728515625,14.456982612609863,127.6500015258789
2018-02-01,247.20025634765625,83.88306427001953,14.6007080078125,128.07000732421875
2018-02-02,241.8186492919922,83.63336944580078,14.363984107971191,126.38999938964844
2018-02-05,231.70523071289062,83.9688491821289,14.228714942932129,126.70999908447266
2018-02-06,236.27037048339844,83.72698974609375,14.144170761108398,125.37999725341797
2018-02-07,234.98861694335938,83.53977966308594,13.983537673950195,124.79000091552734
2018-02-08,226.1744842529297,83.39935302734375,13.839813232421875,124.9800033569336
2018-02-09,229.57191467285156,83.29012298583984,13.636908531188965,124.7699966430664
2018-02-12,232.94308471679688,83.31356048583984,13.721452713012695,125.37000274658203
2018-02-13,233.52244567871094,83.3369369506836,13.746816635131836,126.08000183105469
2018-02-14,236.6741943359375,83.05606079101562,13.958175659179688,128.22999572753906
2018-02-15,239.6941680908203,83.15750885009766,13.983537673950195,128.3800048828125
2018-02-16,239.76437377929688,83.32132720947266,14.008899688720703,127.95999908447266
2018-02-20,238.2632598876953,83.23551177978516,14.05117416381836,126.23999786376953
2018-02-21,237.07801818847656,82.97021484375,14.034263610839844,125.66000366210938
2018-02-22,237.38525390625,82.97806549072266,14.161078453063965,126.30000305175781
2018-02-23,241.1689453125,83.18865966796875,14.25407886505127,126.13999938964844
2018-02-26,243.96951293945312,83.25112915039062,14.330167770385742,126.44999694824219
2018-02-27,240.92324829101562,83.0716781616211,14.186442375183105,125.12999725341797
2018-02-28,238.48260498046875,83.2979507446289,14.034263610839844,125.0
2018-03-01,235.0149688720703,83.37218475341797,14.059625625610352,124.72000122070312
2018-03-02,236.2264404296875,83.23929595947266,14.059625625610352,125.38999938964844
2018-03-05,238.95669555664062,83.19237518310547,14.144170761108398,125.18000030517578
2018-03-06,239.5624542236328,83.20803833007812,14.194897651672363,126.52999877929688
2018-03-07,239.4746856689453,83.19237518310547,14.042720794677734,125.72000122070312
2018-03-08,240.6334686279297,83.32532501220703,13.958175659179688,125.41999816894531
2018-03-09,244.82119750976562,83.1689224243164,14.093445777893066,125.54000091552734
2018-03-12,244.5138397216797,83.2158203125,14.068081855773926,125.54000091552734
2018-03-13,242.93362426757812,83.32532501220703,14.025810241699219,125.77999877929688
2018-03-14,241.68704223632812,83.4660415649414,14.025810241699219,125.69999694824219
2018-03-15,241.42364501953125,83.47384643554688,14.017355918884277,124.9000015258789
2018-03-16,241.68544006347656,83.42696380615234,14.068081855773926,124.5999984741211
2018-03-19,238.4153289794922,83.3409194946289,13.97508430480957,124.87000274658203
2018-03-20,238.82078552246094,83.20803833007812,14.068081855773926,124.30999755859375
2018-03-21,238.36244201660156,83.2001953125,14.3217134475708,126.4800033569336
2018-03-22,232.40408325195312,83.35659790039062,14.21180534362793,125.9800033569336
2018-03-23,227.45046997070312,83.35659790039062,14.338619232177734,127.61000061035156
2018-03-26,233.67335510253906,83.32532501220703,14.347075462341309,128.27999877929688
2018-03-27,229.69810485839844,83.56768035888672,14.287895202636719,127.48999786376953
2018-03-28,229.01942443847656,83.61458587646484,14.228714942932129,125.7300033569336
2018-03-29,231.9457244873047,83.85698699951172,14.35552978515625,125.79000091552734
2018-04-02,226.9392852783203,83.77312469482422,14.161078453063965,127.26000213623047
2018-04-03,229.84796142578125,83.67909240722656,14.23716926574707,126.30000305175781
2018-04-04,232.30709838867188,83.71041107177734,14.177988052368164,126.44999694824219
2018-04-05,234.14048767089844,83.59283447265625,14.245624542236328,125.80000305175781
2018-04-06,228.92245483398438,83.78095245361328,14.144170761108398,126.38999938964844
2018-04-09,230.05067443847656,83.85150909423828,14.3217134475708,126.81999969482422
2018-04-10,233.70855712890625,83.78881072998047,14.566889762878418,127.12000274658203
2018-04-11,232.48338317871094,83.85932922363281,14.676797866821289,128.11000061035156
2018-04-12,234.39608764648438,83.67127227783203,14.6176176071167,126.62000274658203
2018-04-13,233.70855712890625,83.69478607177734,14.626070022583008,127.44999694824219
2018-04-16,235.63006591796875,83.71041107177734,14.575343132019043,127.62999725341797
2018-04-17,238.15093994140625,83.73394775390625,14.5837984085083,127.75
2018-04-18,238.32720947265625,83.49889373779297,14.854338645935059,127.8499984741211
2018-04-19,237.0050811767578,83.29508209228516,14.795160293579102,127.5999984741211
2018-04-20,234.99546813964844,83.06780242919922,14.769794464111328,126.62999725341797
2018-04-23,234.96014404296875,83.02867889404297,14.76133918762207,125.62000274658203
2018-04-24,231.7958984375,82.9189224243164,14.68525218963623,126.2300033569336
2018-04-25,232.36883544921875,82.80924224853516,14.710613250732422,125.41000366210938
2018-04-26,234.7310333251953,82.9502944946289,14.786703109741211,124.97000122070312
2018-04-27,234.9513702392578,83.05219268798828,14.778249740600586,125.5
2018-04-30,233.14443969726562,83.06780242919922,14.845885276794434,124.58999633789062
2018-05-01,233.55873107910156,82.99715423583984,14.76133918762207,123.70999908447266
2018-05-02,231.98980712890625,82.99715423583984,14.76133918762207,123.6500015258789
2018-05-03,231.47853088378906,83.09140014648438,14.854338645935059,124.27999877929688
2018-05-04,234.4753875732422,83.14637756347656,14.955792427062988,124.54000091552734
2018-05-07,235.26870727539062,83.10710906982422,14.94733715057373,124.56999969482422
2018-05-08,235.26870727539062,83.01282501220703,14.989607810974121,124.58999633789062
2018-05-09,237.542724609375,82.9185791015625,15.124878883361816,124.33000183105469
2018-05-10,239.76390075683594,83.10710906982422,15.200967788696289,125.18000030517578
2018-05-11,240.4954376220703,83.14637756347656,15.107970237731934,125.0
2018-05-14,240.61007690429688,83.06780242919922,15.217877388000488,124.48999786376953
2018-05-15,238.95306396484375,82.69868469238281,15.234785079956055,122.4800033569336
2018-05-16,239.9578094482422,82.60443115234375,15.319331169128418,122.29000091552734
2018-05-17,239.7551727294922,82.49449920654297,15.336237907409668,122.36000061035156
2018-05-18,239.15579223632812,82.70655059814453,15.344693183898926,122.41000366210938
2018-05-21,240.95382690429688,82.71436309814453,15.463054656982422,122.4800033569336
2018-05-22,240.28396606445312,82.71436309814453,15.479961395263672,122.41000366210938
2018-05-23,240.94500732421875,82.942138671875,15.564505577087402,122.54000091552734
2018-05-24,240.4514923095703,83.16996002197266,15.463054656982422,123.58999633789062
2018-05-25,239.87843322753906,83.35059356689453,15.234785079956055,123.20999908447266
2018-05-29,237.1196746826172,83.90039825439453,15.091059684753418,123.19000244140625
2018-05-30,240.28396606445312,83.6883316040039,15.285510063171387,123.37000274658203
2018-05-31,238.8119659423828,83.61764526367188,15.243241310119629,123.0999984741211
2018-06-01,241.156494140625,83.51453399658203,15.141786575317383,122.48999786376953
2018-06-04,242.30245971679688,83.31769561767578,14.964244842529297,122.37000274658203
2018-06-05,242.47872924804688,83.38064575195312,14.989607810974121,122.8499984741211
2018-06-06,244.50601196289062,83.19171142578125,15.040334701538086,122.91999816894531
2018-06-07,244.47947692871094,83.372802734375,15.099516868591309,122.86000061035156
2018-06-08,245.20225524902344,83.25472259521484,15.091059684753418,123.01000213623047
2018-06-11,245.5283966064453,83.16810607910156,15.082606315612793,123.2300033569336
2018-06-12,245.84573364257812,83.19171142578125,15.074151992797852,122.81999969482422
2018-06-13,245.06126403808594,83.11299133300781,15.133333206176758,123.19000244140625
2018-06-14,245.6782684326172,83.32556915283203,14.964244842529297,123.37999725341797
2018-06-15,245.36476135253906,83.35704040527344,14.6007080078125,121.33999633789062
2018-06-18,244.8601837158203,83.372802734375,14.727523803710938,121.11000061035156
2018-06-19,243.9216766357422,83.4593734741211,14.575343132019043,120.80000305175781
2018-06-20,244.3377685546875,83.30195617675781,14.558433532714844,120.26000213623047
2018-06-21,242.80609130859375,83.32556915283203,14.448529243469238,120.05000305175781
2018-06-22,243.24884033203125,83.40428924560547,14.735976219177246,120.33999633789062
2018-06-25,239.93753051757812,83.35704040527344,14.566889762878418,119.88999938964844
2018-06-26,240.4687042236328,83.49087524414062,14.710613250732422,119.26000213623047
2018-06-27,238.4765625,83.64047241210938,14.786703109741211,118.58000183105469
2018-06-28,239.84011840820312,83.632568359375,14.778249740600586,118.22000122070312
2018-06-29,240.1854248046875,83.70343780517578,14.94733715057373,118.6500015258789
2018-07-02,240.69883728027344,83.62379455566406,14.634525299072266,117.45999908447266
2018-07-03,239.8489990234375,83.79736328125,14.6176176071167,118.6500015258789
2018-07-05,241.80557250976562,83.87628936767578,14.702160835266113,119.05000305175781
2018-07-06,243.85081481933594,83.96304321289062,14.769794464111328,118.86000061035156
2018-07-09,246.04656982421875,83.88412475585938,14.845885276794434,119.1500015258789
2018-07-10,246.93199157714844,83.82102966308594,14.812067985534668,118.93000030517578
2018-07-11,245.125732421875,83.85252380371094,14.296350479125977,117.63999938964844
2018-07-12,247.34808349609375,83.95512390136719,14.372440338134766,118.12999725341797
2018-07-13,247.54281616210938,84.03404998779297,14.397804260253906,117.61000061035156
2018-07-16,247.32151794433594,83.93936157226562,14.093445777893066,117.55000305175781
2018-07-17,248.32199096679688,83.90779113769531,14.110353469848633,116.27999877929688
2018-07-18,248.84434509277344,83.88412475585938,14.23716926574707,116.30999755859375
2018-07-19,247.9058074951172,84.01036071777344,14.220260620117188,115.80999755859375
2018-07-20,247.62249755859375,83.84468841552734,14.3217134475708,116.55999755859375
2018-07-23,248.08291625976562,83.55278015136719,14.372440338134766,116.0
2018-07-24,249.33131408691406,83.67111206054688,14.448529243469238,116.04000091552734
2018-07-25,251.45631408691406,83.67901611328125,14.642979621887207,116.68000030517578
2018-07-26,250.86309814453125,83.63167572021484,14.642979621887207,115.7699966430664
2018-07-27,249.1631622314453,83.69479370117188,14.5837984085083,115.83000183105469
2018-07-30,247.8616485595703,83.60797882080078,14.668344497680664,115.6500015258789
2018-07-31,249.0834197998047,83.67901611328125,14.5837984085083,115.98999786376953
2018-08-01,248.66725158691406,83.5927963256836,14.372440338134766,115.13999938964844
2018-08-02,250.02186584472656,83.62442016601562,14.456982612609863,114.5199966430664
2018-08-03,251.09324645996094,83.80631256103516,14.507708549499512,114.91999816894531
2018-08-06,252.0139923095703,83.8616943359375,14.533072471618652,114.33000183105469
2018-08-07,252.8462677001953,83.7114028930664,14.642979621887207,114.58999633789062
2018-08-08,252.7399444580078,83.7114028930664,14.465436935424805,114.91000366210938
2018-08-09,252.39471435546875,83.83007049560547,14.406257629394531,114.73999786376953
2018-08-10,250.7036895751953,84.0119857788086,14.406257629394531,114.69000244140625
2018-08-13,249.76516723632812,84.05936431884766,14.330167770385742,112.95999908447266
2018-08-14,251.3587646484375,83.98030090332031,14.35552978515625,113.06999969482422
2018-08-15,249.48184204101562,84.09895324707031,14.042720794677734,111.19000244140625
2018-08-16,251.50051879882812,84.14640045166016,14.152624130249023,111.0999984741211
2018-08-17,252.3859100341797,84.1938247680664,14.21180534362793,112.12999725341797
2018-08-20,252.926025390625,84.35990905761719,14.23716926574707,112.69000244140625
2018-08-21,253.51918029785156,84.28874969482422,14.262533187866211,113.0199966430664
2018-08-22,253.36865234375,84.35990905761719,14.465436935424805,113.2699966430664
2018-08-23,253.0322265625,84.31249237060547,14.44007396697998,112.19999694824219
2018-08-24,254.55494689941406,84.40737915039062,14.549980163574219,114.16000366210938
2018-08-27,256.56488037109375,84.29666137695312,14.6007080078125,114.58999633789062
2018-08-28,256.68878173828125,84.13848114013672,14.541525840759277,113.68000030517578
2018-08-29,258.0699462890625,84.1226577758789,14.702160835266113,114.19999694824219
2018-08-30,257.0252380371094,84.16222381591797,14.676797866821289,113.63999938964844
2018-08-31,257.0341491699219,84.15428161621094,14.693705558776855,113.51000213623047
2018-09-04,256.5914611816406,84.06078338623047,14.609162330627441,112.93000030517578
2018-09-05,255.90086364746094,84.02114868164062,14.549980163574219,113.31999969482422
2018-09-06,255.1305694580078,84.16383361816406,14.465436935424805,113.54000091552734
2018-09-07,254.63470458984375,83.86266326904297,14.49925422668457,113.2300033569336
2018-09-10,255.07748413085938,83.94187927246094,14.549980163574219,113.1500015258789
2018-09-11,255.9185333251953,83.7992172241211,14.693705558776855,113.22000122070312
2018-09-12,255.98052978515625,83.85466003417969,14.795160293579102,114.16999816894531
2018-09-13,257.49444580078125,83.91016387939453,14.634525299072266,113.76000213623047
2018-09-14,257.53875732421875,83.75166320800781,14.541525840759277,113.0199966430664
2018-09-17,256.1753234863281,83.75166320800781,14.524618148803711,113.61000061035156
2018-09-18,257.5653381347656,83.56938934326172,14.65988826751709,113.44000244140625
2018-09-19,257.8398132324219,83.4108657836914,14.752886772155762,113.87999725341797
2018-09-20,259.92926025390625,83.52178192138672,14.752886772155762,114.2699966430664
2018-09-21,259.69183349609375,83.58524322509766,14.786703109741211,113.48999786376953
2018-09-24,258.82916259765625,83.5060043334961,15.006518363952637,113.47000122070312
2018-09-25,258.5889892578125,83.46632385253906,15.040334701538086,113.6500015258789
2018-09-26,257.81524658203125,83.66446685791016,14.972700119018555,113.05000305175781
2018-09-27,258.53564453125,83.7199478149414,15.040334701538086,112.05000305175781
2018-09-28,258.56231689453125,83.63275146484375,15.192512512207031,112.76000213623047
2018-10-01,259.4605407714844,83.61054229736328,15.479961395263672,112.56999969482422
2018-10-02,259.3094482421875,83.70587921142578,15.53068733215332,113.87000274658203
2018-10-03,259.45172119140625,83.30866241455078,15.674415588378906,113.41999816894531
2018-10-04,257.4239196777344,83.07028198242188,15.505328178405762,113.4800033569336
2018-10-05,255.9830780029297,82.88756561279297,15.471510887145996,113.80000305175781
2018-10-08,255.9830780029297,82.85575103759766,15.429237365722656,112.54000091552734
2018-10-09,255.6094970703125,82.9749526977539,15.539140701293945,112.5999984741211
2018-10-10,247.51608276367188,82.95111846923828,15.234785079956055,112.87999725341797
2018-10-11,242.0641632080078,83.19742584228516,15.006518363952637,115.77999877929688
2018-10-12,245.42608642578125,83.22123718261719,15.124878883361816,115.2300033569336
2018-10-15,244.04757690429688,83.16564178466797,15.158696174621582,116.0
2018-10-16,249.38392639160156,83.21329498291016,15.226332664489746,115.80000305175781
2018-10-17,249.4282684326172,83.04644012451172,15.091059684753418,115.79000091552734
2018-10-18,245.82635498046875,82.9908218383789,14.92197322845459,115.91999816894531
2018-10-19,245.69293212890625,82.91932678222656,15.006518363952637,116.01000213623047
2018-10-22,244.5900115966797,82.9034423828125,15.02342700958252,115.70999908447266
2018-10-23,243.3448944091797,83.00669860839844,14.693705558776855,116.38999938964844
2018-10-24,235.97190856933594,83.22123718261719,14.592252731323242,116.66000366210938
2018-10-25,240.2053680419922,83.14972686767578,14.651434898376465,116.4000015258789
2018-10-26,235.98081970214844,83.34044647216797,14.76133918762207,116.7699966430664
2018-10-29,234.6734161376953,83.25297546386719,14.609162330627441,116.30999755859375
2018-10-30,238.15089416503906,83.13385772705078,14.533072471618652,115.80000305175781
2018-10-31,240.69454956054688,83.09412384033203,14.338619232177734,115.1500015258789
2018-11-01,243.25601196289062,83.3040771484375,14.23716926574707,116.62999725341797
2018-11-02,241.81517028808594,83.05661010742188,14.203351020812988,116.6500015258789
2018-11-05,243.14932250976562,83.11248016357422,14.194897651672363,116.37000274658203
2018-11-06,244.68792724609375,83.12045288085938,14.135716438293457,116.04000091552734
2018-11-07,249.92640686035156,83.19232177734375,14.101899147033691,116.02999877929688
2018-11-08,249.4728240966797,83.0406265258789,14.017355918884277,115.77999877929688
2018-11-09,247.035888671875,83.1444091796875,13.865177154541016,114.4800033569336
2018-11-12,242.41995239257812,83.28019714355469,13.831358909606934,113.66000366210938
2018-11-13,241.96640014648438,83.31209564208984,13.450911521911621,113.69999694824219
2018-11-14,240.3121795654297,83.320068359375,13.569272994995117,114.63999938964844
2018-11-15,242.82017517089844,83.42385864257812,13.543910026550293,114.7699966430664
2018-11-16,243.45164489746094,83.55958557128906,13.62845516204834,115.62000274658203
2018-11-19,239.3338165283203,83.5516128540039,13.62845516204834,115.66999816894531
2018-11-20,234.90469360351562,83.5196762084961,13.214189529418945,115.66999816894531
2018-11-21,235.7051239013672,83.5755615234375,13.3240966796875,115.86000061035156
2018-11-23,234.13084411621094,83.5516128540039,12.935194969177246,115.7699966430664
2018-11-26,237.9107666015625,83.53563690185547,12.994375228881836,115.63999938964844
2018-11-27,238.71116638183594,83.55958557128906,12.943649291992188,114.94999694824219
2018-11-28,244.20762634277344,83.71928405761719,12.90137767791748,115.37999725341797
2018-11-29,243.67405700683594,83.7591781616211,12.985921859741211,115.73999786376953
2018-11-30,245.15924072265625,83.73519897460938,12.926740646362305,115.54000091552734
2018-12-03,248.4054718017578,83.87208557128906,13.22264575958252,116.41000366210938
2018-12-04,240.3566131591797,84.09615325927734,13.231098175048828,117.12000274658203
2018-12-06,239.99183654785156,84.30426025390625,13.12119197845459,117.13999938964844
2018-12-07,234.4154510498047,84.41629791259766,13.273370742797852,118.08999633789062
2018-12-10,234.86013793945312,84.47227478027344,13.062010765075684,117.68000030517578
2018-12-11,234.91360473632812,84.49630737304688,13.138101577758789,117.54000091552734
2018-12-12,236.0963897705078,84.43229675292969,13.095829010009766,117.79000091552734
2018-12-13,236.016357421875,84.4563217163086,13.264915466308594,117.52999877929688
2018-12-14,231.65838623046875,84.48030853271484,13.062010765075684,117.05999755859375
2018-12-17,227.11363220214844,84.62432098388672,12.909832954406738,117.87000274658203
2018-12-18,226.86459350585938,84.87295532226562,12.639291763305664,118.1500015258789
2018-12-19,223.46714782714844,84.95315551757812,12.690017700195312,117.43000030517578
2018-12-20,219.82957458496094,84.87295532226562,12.571657180786133,119.23999786376953
2018-12-21,215.32537841796875,84.83284759521484,12.461750984191895,118.72000122070312
2018-12-24,209.6358184814453,84.8890151977539,12.323867797851562,120.0199966430664
2018-12-26,220.22767639160156,84.72860717773438,12.597921371459961,119.66000366210938
2018-12-27,221.9184112548828,84.86495208740234,12.478021621704102,120.56999969482422
2018-12-28,221.63214111328125,85.17768096923828,12.375250816345215,121.05999755859375
2018-12-31,223.57333374023438,85.39418029785156,12.40950870513916,121.25
2019-01-02,223.80596923828125,85.45834350585938,12.443765640258789,121.33000183105469
2019-01-03,218.46531677246094,85.81117248535156,12.54653549194336,122.43000030517578
2019-01-04,225.78302001953125,85.5545883178711,12.717819213867188,121.44000244140625
2019-01-07,227.56320190429688,85.41027069091797,12.812026977539062,121.86000061035156
2019-01-08,229.70118713378906,85.34611511230469,12.940488815307617,121.52999877929688
2019-01-09,230.77471923828125,85.4182357788086,13.19741439819336,122.30999755859375
2019-01-10,231.5887908935547,85.3220443725586,13.163156509399414,121.58999633789062
2019-01-11,231.6782989501953,85.4422836303711,13.120336532592773,121.80000305175781
2019-01-14,230.26480102539062,85.3220443725586,13.009001731872559,122.08999633789062
2019-01-15,232.9038848876953,85.33807373046875,13.111772537231445,121.87999725341797
2019-01-16,233.46743774414062,85.41027069091797,13.180286407470703,122.2699966430664
2019-01-17,235.2386932373047,85.34611511230469,13.188850402832031,122.11000061035156
2019-01-18,238.36968994140625,85.28189849853516,13.32587718963623,121.0199966430664
2019-01-22,235.14913940429688,85.35411071777344,13.231671333312988,121.44999694824219
2019-01-23,235.64122009277344,85.4422836303711,13.214542388916016,121.27999877929688
2019-01-24,235.76646423339844,85.58663177490234,13.248799324035645,121.08999633789062
2019-01-25,237.76136779785156,85.54656982421875,13.317313194274902,122.86000061035156
2019-01-28,235.954345703125,85.49846649169922,13.13746452331543,123.29000091552734
2019-01-29,235.64122009277344,85.72296905517578,13.265928268432617,123.9800033569336
2019-01-30,239.37161254882812,85.9154281616211,13.36013412475586,124.69000244140625
2019-01-31,241.47389221191406,86.17202758789062,13.291621208190918,124.75
2019-02-01,241.59024047851562,85.99359130859375,13.411519050598145,124.5
2019-02-04,243.2898712158203,85.92120361328125,13.420083045959473,123.95999908447266
2019-02-05,244.3097381591797,86.10614776611328,13.36013412475586,124.27999877929688
2019-02-06,243.9876251220703,86.0578842163086,13.377262115478516,123.44000244140625
2019-02-07,241.66177368164062,86.09808349609375,13.248799324035645,123.73999786376953
2019-02-08,241.95703125,86.29103088378906,13.265928268432617,124.20999908447266
2019-02-11,242.09121704101562,86.20259094238281,13.188850402832031,123.5999984741211
2019-02-12,245.20431518554688,86.21866607666016,13.265928268432617,123.86000061035156
2019-02-13,246.0005340576172,86.0658950805664,13.343005180358887,123.37000274658203
2019-02-14,245.45472717285156,86.19451904296875,13.377262115478516,124.05999755859375
2019-02-15,248.12957763671875,86.25887298583984,13.62562370300293,124.80000305175781
2019-02-19,248.5589141845703,86.30709838867188,13.659880638122559,126.69999694824219
2019-02-20,249.05992126464844,86.31513977050781,13.7027006149292,126.4800033569336
2019-02-21,248.17434692382812,86.1221923828125,13.745521545410156,125.05000305175781
2019-02-22,249.71298217773438,86.33926391601562,13.779778480529785,125.5
2019-02-25,250.05291748046875,86.31513977050781,13.574239730834961,125.37000274658203
2019-02-26,249.87411499023438,86.4116439819336,13.634187698364258,125.58000183105469
2019-02-27,249.76670837402344,86.22669219970703,13.7027006149292,124.69000244140625
2019-02-28,249.3014373779297,86.07394409179688,13.66844367980957,123.98999786376953
2019-03-01,250.8580780029297,85.93453216552734,13.514288902282715,121.87999725341797
2019-03-04,249.94552612304688,86.0392837524414,13.557110786437988,121.55999755859375
2019-03-05,249.60556030273438,86.09571075439453,13.62562370300293,121.72000122070312
2019-03-06,248.09378051757812,86.22467803955078,13.548545837402344,121.61000061035156
2019-03-07,246.01840209960938,86.46644592285156,13.514288902282715,121.51000213623047
2019-03-08,245.52639770507812,86.57926940917969,13.505724906921387,122.83999633789062
2019-03-11,249.0867462158203,86.58731842041016,13.522852897644043,122.23999786376953
2019-03-12,250.0260772705078,86.74854278564453,13.608495712280273,122.9800033569336
2019-03-13,251.6810302734375,86.70821380615234,13.694136619567871,123.83999633789062
2019-03-14,251.5200653076172,86.57926940917969,13.634187698364258,122.41000366210938
2019-03-15,252.76272583007812,86.79688262939453,13.634187698364258,122.97000122070312
2019-03-18,253.67913818359375,86.7807388305664,13.7027006149292,123.04000091552734
2019-03-19,253.74203491210938,86.73240661621094,13.736959457397461,123.37999725341797
2019-03-20,252.97833251953125,87.08698272705078,13.839728355407715,124.18000030517578
2019-03-21,255.83570861816406,87.10311889648438,13.771214485168457,123.68000030517578
2019-03-22,250.9117431640625,87.53829193115234,13.65131664276123,123.97000122070312
2019-03-25,250.72305297851562,87.6994857788086,13.7027006149292,124.91999816894531
2019-03-26,252.59188842773438,87.71560668945312,13.728395462036133,124.30000305175781
2019-03-27,251.2711944580078,87.90096282958984,13.65131664276123,123.6500015258789
2019-03-28,252.22352600097656,87.90901947021484,13.608495712280273,121.9000015258789
2019-03-29,253.81399536132812,87.90096282958984,13.617058753967285,122.01000213623047
2019-04-01,256.823974609375,87.4986572265625,13.745521545410156,121.52999877929688
2019-04-02,256.9498291015625,87.5955810546875,13.779778480529785,121.9800033569336
2019-04-03,257.35418701171875,87.43401336669922,13.796907424926758,121.80000305175781
2019-04-04,258.0369567871094,87.4986572265625,13.805472373962402,122.11000061035156
2019-04-05,259.28594970703125,87.56326293945312,13.848291397094727,121.9800033569336
2019-04-08,259.483642578125,87.52290344238281,13.899678230285645,122.51000213623047
2019-04-09,258.1538391113281,87.57138061523438,13.873985290527344,123.1500015258789
2019-04-10,259.0342712402344,87.74103546142578,13.993882179260254,123.52999877929688
2019-04-11,258.9623718261719,87.63597106933594,13.925371170043945,121.94999694824219
2019-04-12,260.714599609375,87.46634674072266,13.96819019317627,121.83000183105469
2019-04-15,260.5438537597656,87.45018005371094,13.942499160766602,121.5999984741211
2019-04-16,260.714599609375,87.29668426513672,13.89111328125,120.51000213623047
2019-04-17,260.07666015625,87.28864288330078,13.839728355407715,120.27999877929688
2019-04-18,260.5887756347656,87.40174102783203,13.882548332214355,120.37000274658203
2019-04-22,260.8134460449219,87.29668426513672,13.951065063476562,120.37000274658203
2019-04-23,263.15850830078125,87.45018005371094,13.96819019317627,120.12000274658203
2019-04-24,262.5745544433594,87.65215301513672,13.916807174682617,120.47000122070312
2019-04-25,262.412841796875,87.64408111572266,13.89111328125,120.56999969482422
2019-04-26,263.6348876953125,87.82180786132812,13.728395462036133,121.37000274658203
2019-04-29,264.0481262207031,87.66830444335938,13.736959457397461,120.83000183105469
2019-04-30,264.18280029296875,87.72486114501953,13.779778480529785,121.19999694824219
2019-05-01,262.1971740722656,87.78155517578125,13.736959457397461,120.4000015258789
2019-05-02,261.6310729980469,87.58719635009766,13.582803726196289,119.94000244140625
2019-05-03,264.19189453125,87.73296356201172,13.5913667678833,120.6500015258789
2019-05-06,263.1046142578125,87.84630584716797,13.634187698364258,120.80999755859375
2019-05-07,258.7109375,87.95162200927734,13.46290397644043,121.20999908447266
2019-05-08,258.3515625,87.93540954589844,13.480032920837402,120.91000366210938
2019-05-09,257.5697326660156,87.98397064208984,13.411519050598145,121.19999694824219
2019-05-10,258.8636474609375,88.00019073486328,13.437211036682129,121.43000030517578
2019-05-13,252.3583221435547,88.14593505859375,13.368698120117188,122.66999816894531
2019-05-14,254.6406707763672,88.21882629394531,13.548545837402344,122.45999908447266
2019-05-15,256.1320495605469,88.3726806640625,13.66844367980957,122.38999938964844
2019-05-16,258.50421142578125,88.26744079589844,13.745521545410156,121.51000213623047
2019-05-17,256.8330078125,88.29166412353516,13.617058753967285,120.6500015258789
2019-05-20,255.13482666015625,88.17023468017578,13.677008628845215,120.63999938964844
2019-05-21,257.4350891113281,88.16213989257812,13.685572624206543,120.36000061035156
2019-05-22,256.64434814453125,88.3078842163086,13.488595962524414,120.23999786376953
2019-05-23,253.5084228515625,88.56706237792969,13.205978393554688,121.16999816894531
2019-05-24,254.08348083496094,88.59943389892578,13.385826110839844,121.30000305175781
2019-05-28,251.72044372558594,88.72901916503906,13.497160911560059,120.83000183105469
2019-05-29,250.03123474121094,88.75330352783203,13.445775985717773,120.87000274658203
2019-05-30,250.71397399902344,88.98810577392578,13.308749198913574,121.69000244140625
2019-05-31,247.3356170654297,89.4011459350586,12.957616806030273,123.33000183105469
2019-06-03,246.70672607421875,89.61219787597656,12.914795875549316,125.11000061035156
2019-06-04,252.06187438964844,89.53099060058594,12.991873741149902,125.1500015258789
2019-06-05,254.24522399902344,89.48228454589844,12.726384162902832,125.47000122070312
2019-06-06,255.89846801757812,89.46602630615234,12.949052810668945,125.87999725341797
2019-06-07,258.45928955078125,89.71768188476562,12.991873741149902,126.58999633789062
2019-06-10,259.6453857421875,89.48228454589844,12.957616806030273,125.33000183105469
2019-06-11,259.5824890136719,89.46602630615234,13.043257713317871,125.18000030517578
2019-06-12,259.124267578125,89.57970428466797,12.863410949707031,125.83000183105469
2019-06-13,260.1934814453125,89.77452087402344,13.026130676269531,126.5999984741211
2019-06-14,259.90594482421875,89.75016021728516,13.077516555786133,126.55999755859375
2019-06-17,260.0047607421875,89.72581481933594,13.017566680908203,126.4800033569336
2019-06-18,262.7273254394531,89.96929931640625,13.171721458435059,127.12000274658203
2019-06-19,263.32037353515625,90.27777099609375,13.14603042602539,127.88999938964844
2019-06-20,265.836181640625,90.43199920654297,13.411519050598145,131.11000061035156
2019-06-21,265.44970703125,90.19658660888672,13.445775985717773,131.97999572753906
2019-06-24,265.1247253417969,90.3589096069336,13.505724906921387,133.94000244140625
2019-06-25,262.5243835449219,90.37516021728516,13.548545837402344,134.1999969482422
2019-06-26,262.262451171875,90.17223358154297,13.617058753967285,132.97000122070312
2019-06-27,263.1925354003906,90.42389678955078,13.617058753967285,132.83999633789062
2019-06-28,264.5469055175781,90.3832778930664,13.471467971801758,133.1999969482422
2019-07-01,266.94854736328125,90.44999694824219,13.46290397644043,130.6199951171875
2019-07-02,267.6437072753906,90.61270904541016,13.240235328674316,133.41000366210938
2019-07-03,269.7835693359375,90.7591323852539,13.368698120117188,133.6300048828125
2019-07-05,269.4765319824219,90.37677764892578,13.394392013549805,132.13999938964844
2019-07-08,267.9959411621094,90.32795715332031,13.377262115478516,131.2899932861328
2019-07-09,268.3299255371094,90.30353546142578,13.420083045959473,131.75
2019-07-10,269.612060546875,90.36862182617188,13.711265563964844,133.8300018310547
2019-07-11,270.2440185546875,90.03507232666016,13.719829559326172,132.6999969482422
2019-07-12,271.45391845703125,90.13267517089844,13.7540864944458,133.52999877929688
2019-07-15,271.5442199707031,90.26290130615234,13.608495712280273,133.52999877929688
2019-07-16,270.66845703125,90.16524505615234,13.46290397644043,132.39999389648438
2019-07-17,268.82647705078125,90.40116882324219,13.343005180358887,134.5800018310547
2019-07-18,269.8107604980469,90.54761505126953,13.248799324035645,136.47999572753906
2019-07-19,268.3118591308594,90.44184112548828,13.32587718963623,134.47000122070312
2019-07-22,268.97100830078125,90.5557632446289,13.283056259155273,134.4499969482422
2019-07-23,270.8941345214844,90.46627807617188,13.368698120117188,133.69000244140625
2019-07-24,272.16717529296875,90.59642028808594,13.308749198913574,134.3699951171875
2019-07-25,270.8670349121094,90.4581298828125,13.257363319396973,133.4199981689453
2019-07-26,272.6819152832031,90.47441101074219,13.274491310119629,133.63999938964844
2019-07-29,272.185302734375,90.51504516601562,13.32587718963623,134.52999877929688
2019-07-30,271.5171203613281,90.50696563720703,13.4029541015625,134.97999572753906
2019-07-31,268.546630859375,90.54761505126953,13.317313194274902,133.2100067138672
2019-08-01,266.2081604003906,91.25707244873047,12.949052810668945,136.41000366210938
2019-08-02,264.20379638671875,91.28968048095703,12.966181755065918,135.88999938964844
2019-08-05,256.25836181640625,91.68927001953125,12.854846000671387,137.7899932861328
2019-08-06,259.851806640625,91.93390655517578,12.786334037780762,138.91000366210938
2019-08-07,260.00531005859375,91.88495635986328,12.623613357543945,141.02000427246094
2019-08-08,265.1065368652344,91.97464752197266,12.692126274108887,141.72999572753906
2019-08-09,263.3009033203125,91.85233306884766,12.803461074829102,141.25999450683594
2019-08-12,260.0956115722656,92.1866683959961,12.70925521850586,142.6300048828125
2019-08-13,264.14056396484375,92.05618286132812,13.009001731872559,141.77999877929688
2019-08-14,256.3304748535156,92.34160614013672,12.812026977539062,142.75
2019-08-15,257.0077209472656,92.76563262939453,12.70925521850586,143.6999969482422
2019-08-16,260.7998352050781,92.69226837158203,12.700690269470215,142.77999877929688
2019-08-19,263.94195556640625,92.44762420654297,12.760641098022461,141.11000061035156
2019-08-20,261.9194030761719,92.70040893554688,12.794897079467773,142.2100067138672
2019-08-21,264.05029296875,92.65150451660156,12.83771800994873,141.75999450683594
2019-08-22,263.968994140625,92.40685272216797,12.777769088745117,141.39999389648438
2019-08-23,257.18817138671875,92.78196716308594,12.683563232421875,144.1699981689453
2019-08-26,260.03240966796875,92.74119567871094,12.67499828338623,144.19000244140625
2019-08-27,259.0121154785156,93.03472900390625,12.760641098022461,145.57000732421875
2019-08-28,260.8359680175781,93.04289245605469,12.87197494506836,145.16000366210938
2019-08-29,264.16766357421875,92.98579406738281,12.906231880187988,144.1199951171875
2019-08-30,264.05029296875,93.06737518310547,12.700690269470215,143.75
2019-09-03,262.5063171386719,93.04529571533203,12.63217830657959,145.75
2019-09-04,265.4857482910156,93.20873260498047,12.931924819946289,146.66000366210938
2019-09-05,268.8988037109375,92.80824279785156,12.914795875549316,143.13999938964844
2019-09-06,269.10638427734375,92.9063491821289,12.949052810668945,141.9199981689453
2019-09-09,269.241943359375,92.5140380859375,13.068951606750488,141.38999938964844
2019-09-10,269.1787109375,92.01544189453125,13.086079597473145,140.17999267578125
2019-09-11,271.09283447265625,92.03182220458984,12.991873741149902,141.02999877929688
2019-09-12,272.0318908691406,91.88468170166016,12.940488815307617,141.32000732421875
2019-09-13,271.8512878417969,91.33707427978516,12.940488815307617,140.14999389648438
2019-09-16,271.01153564453125,91.58226013183594,13.514288902282715,141.32000732421875
2019-09-17,271.69781494140625,91.7212142944336,13.257363319396973,141.60000610351562
2019-09-18,271.8602600097656,91.82742309570312,13.171721458435059,140.7100067138672
2019-09-19,271.8421325683594,91.9582290649414,13.240235328674316,141.27999877929688
2019-09-20,270.5577392578125,92.2933349609375,13.257363319396973,142.9499969482422
2019-09-23,270.4942321777344,92.334228515625,13.291621208190918,143.75
2019-09-24,268.3717956542969,92.58760833740234,13.13746452331543,144.50999450683594
2019-09-25,269.95916748046875,92.20343780517578,13.060386657714844,141.8300018310547
2019-09-26,269.3967590332031,92.35873413085938,13.060386657714844,141.7899932861328
2019-09-27,267.9454345703125,92.47313690185547,13.009001731872559,141.05999755859375
2019-09-30,269.1881103515625,92.4976806640625,12.880537986755371,138.8699951171875
2019-10-01,265.9861755371094,92.66561889648438,12.87197494506836,139.6300048828125
2019-10-02,261.28765869140625,92.73113250732422,12.760641098022461,141.25999450683594
2019-10-03,263.4283447265625,93.09159088134766,12.743512153625488,141.89999389648438
2019-10-04,266.9930725097656,93.23900604248047,12.846281051635742,141.89999389648438
2019-10-07,265.841064453125,92.9851303100586,12.829154014587402,140.69000244140625
2019-10-08,261.7138977050781,93.0178451538086,12.82059097290039,141.9199981689453
2019-10-09,264.19921875,92.96871948242188,12.854846000671387,142.0500030517578
2019-10-10,265.9861755371094,92.64921569824219,12.940488815307617,140.80999755859375
2019-10-11,268.74359130859375,92.34613037109375,13.094643592834473,140.02999877929688
2019-10-14,268.4443664550781,92.50174713134766,13.034693717956543,140.58999633789062
2019-10-15,271.1020202636719,92.19866943359375,13.000438690185547,139.61000061035156
2019-10-16,270.6665344238281,92.36251831054688,13.017566680908203,140.41000366210938
2019-10-17,271.46484375,92.33792877197266,13.068951606750488,140.61000061035156
2019-10-18,270.276611328125,92.40348052978516,13.060386657714844,140.4600067138672
2019-10-21,272.10882568359375,92.14954376220703,13.043257713317871,139.7899932861328
2019-10-22,271.21990966796875,92.28878021240234,13.060386657714844,140.1999969482422
2019-10-23,272.0090026855469,92.36251831054688,13.223106384277344,140.52999877929688
2019-10-24,272.45355224609375,92.38707733154297,13.291621208190918,141.52999877929688
2019-10-25,273.5692138671875,92.25604248046875,13.368698120117188,141.86000061035156
2019-10-28,275.11114501953125,92.05940246582031,13.317313194274902,140.63999938964844
2019-10-29,275.0295104980469,92.06758880615234,13.291621208190918,140.25
2019-10-30,275.87322998046875,92.32975006103516,13.205978393554688,141.02000427246094
2019-10-31,275.138427734375,92.69021606445312,13.128900527954102,142.42999267578125
2019-11-01,277.6872863769531,92.71564483642578,13.368698120117188,142.55999755859375
2019-11-04,278.8029479980469,92.48574829101562,13.454339027404785,142.14999389648438
2019-11-05,278.49456787109375,92.14091491699219,13.488595962524414,139.85000610351562
2019-11-06,278.5579833984375,92.28055572509766,13.343005180358887,140.4499969482422
2019-11-07,279.53759765625,91.84537506103516,13.334441184997559,138.27000427246094
2019-11-08,280.22705078125,91.79611206054688,13.368698120117188,137.38999938964844
2019-11-11,279.6918640136719,91.81250762939453,13.283056259155273,137.05999755859375
2019-11-12,280.2815246582031,91.91104888916016,13.291621208190918,137.42999267578125
2019-11-13,280.3721923828125,92.07525634765625,13.317313194274902,137.97999572753906
2019-11-14,280.7802734375,92.33796691894531,13.274491310119629,138.55999755859375
2019-11-15,282.8121337890625,92.28871154785156,13.343005180358887,138.2100067138672
2019-11-18,283.0208435058594,92.46112823486328,13.205978393554688,138.6199951171875
2019-11-19,282.9392395019531,92.52681732177734,13.086079597473145,138.69000244140625
2019-11-20,281.88690185546875,92.74848937988281,13.257363319396973,138.75999450683594
2019-11-21,281.4334716796875,92.61710357666016,13.377262115478516,138.0
2019-11-22,282.0592956542969,92.6663589477539,13.368698120117188,137.74000549316406
2019-11-25,284.2453308105469,92.75667572021484,13.368698120117188,137.0800018310547
2019-11-26,284.88934326171875,92.88802337646484,13.445775985717773,137.74000549316406
2019-11-27,286.1591491699219,92.77312469482422,13.377262115478516,137.00999450683594
2019-11-29,285.0979309082031,92.65817260742188,13.111772537231445,137.86000061035156
2019-12-02,282.67608642578125,92.5561294555664,13.094643592834473,137.7899932861328
2019-12-03,280.7802734375,92.97577667236328,13.103208541870117,139.11000061035156
2019-12-04,282.5128479003906,92.81939697265625,13.308749198913574,138.9199981689453
2019-12-05,283.0208435058594,92.71248626708984,13.334441184997559,139.0
2019-12-06,285.60589599609375,92.58084869384766,13.420083045959473,137.6199951171875
2019-12-09,284.7079162597656,92.63021087646484,13.4029541015625,137.5800018310547
2019-12-10,284.3904113769531,92.59725952148438,13.46290397644043,137.97000122070312
2019-12-11,285.1977844238281,92.84413146972656,13.4029541015625,138.9199981689453
2019-12-12,287.6559143066406,92.44918060302734,13.522852897644043,138.42999267578125
2019-12-13,287.8282165527344,92.81939697265625,13.5913667678833,139.0500030517578
2019-12-16,289.80560302734375,92.63021087646484,13.685572624206543,139.0399932861328
2019-12-17,289.8690490722656,92.63843536376953,13.745521545410156,139.00999450683594
2019-12-18,289.88726806640625,92.45742797851562,13.7540864944458,139.02000427246094
2019-12-19,291.07550048828125,92.55712890625,13.814035415649414,139.3800048828125
2019-12-20,292.35162353515625,92.5736312866211,13.796907424926758,139.52000427246094
2019-12-23,292.7982177734375,92.50770568847656,13.80038833618164,139.9499969482422
2019-12-24,292.80731201171875,92.62307739257812,13.861297607421875,141.27000427246094
2019-12-26,294.3660888671875,92.70548248291016,13.965714454650879,142.3800048828125
2019-12-27,294.2931213378906,92.8291015625,13.99181842803955,142.3300018310547
2019-12-30,292.67059326171875,92.8291015625,13.965714454650879,142.6300048828125
2019-12-31,293.3817443847656,92.6148452758789,13.878700256347656,142.89999389648438
2020-01-02,296.12530517578125,92.8703384399414,13.896102905273438,143.9499969482422
2020-01-03,293.88299560546875,93.14229583740234,14.061429023742676,145.86000061035156
2020-01-06,295.00408935546875,93.0681381225586,14.087533950805664,147.38999938964844
2020-01-07,294.17474365234375,92.96923065185547,14.078831672668457,147.97000122070312
2020-01-08,295.7424621582031,92.86213684082031,13.869998931884766,146.86000061035156
2020-01-09,297.747802734375,92.96099090576172,13.809090614318848,146.02999877929688
2020-01-10,296.890869140625,93.1175765991211,13.809090614318848,146.91000366210938
2020-01-13,298.9327087402344,93.05988311767578,13.704673767089844,145.82000732421875
2020-01-14,298.4770202636719,93.14229583740234,13.765582084655762,145.69000244140625
2020-01-15,299.1515197753906,93.28242492675781,13.695971488952637,146.5399932861328
2020-01-16,301.63995361328125,93.28242492675781,13.678568840026855,146.30999755859375
2020-01-17,302.578857421875,93.17529296875,13.722076416015625,146.5800018310547
2020-01-21,301.9863586425781,93.43902587890625,13.643763542175293,146.74000549316406
2020-01-22,302.0227966308594,93.48844146728516,13.461034774780273,146.7899932861328
2020-01-23,302.36920166015625,93.61209106445312,13.347916603088379,147.1199951171875
2020-01-24,299.6802062988281,93.78520202636719,13.147784233093262,147.97999572753906
2020-01-27,294.87640380859375,94.07363891601562,12.904145240783691,148.99000549316406
2020-01-28,297.9666442871094,93.99124908447266,12.965055465698242,147.66000366210938
2020-01-29,297.7204895019531,94.20551300048828,12.904145240783691,148.4600067138672
2020-01-30,298.6866455078125,94.21375274658203,12.791028022766113,148.47000122070312
2020-01-31,293.26318359375,94.49398040771484,12.68661117553711,149.3300018310547
2020-02-03,295.4416198730469,94.46340942382812,12.451674461364746,148.36000061035156
2020-02-04,299.9446105957031,94.14957427978516,12.469077110290527,146.42999267578125
2020-02-05,303.4082946777344,94.00914001464844,12.660506248474121,146.61000061035156
2020-02-06,304.42919921875,94.06697845458984,12.712716102600098,147.39999389648438
2020-02-07,302.8067321777344,94.33956146240234,12.643104553222656,147.7899932861328
2020-02-10,305.06732177734375,94.44692993164062,12.529986381530762,148.1699981689453
2020-02-11,305.5960998535156,94.3312759399414,12.573493957519531,147.66000366210938
2020-02-12,307.56494140625,94.23217010498047,12.74752140045166,147.5399932861328
2020-02-13,307.2367248535156,94.2982177734375,12.756223678588867,148.3800048828125
2020-02-14,307.7288818359375,94.3973388671875,12.74752140045166,149.0
2020-02-18,306.9359130859375,94.52124786376953,12.843235969543457,150.91000366210938
2020-02-19,308.4034423828125,94.49649047851562,12.965055465698242,151.7899932861328
2020-02-20,307.136474609375,94.71123504638672,12.912847518920898,152.41000366210938
2020-02-21,303.9734802246094,94.90118408203125,12.860640525817871,154.6999969482422
2020-02-24,293.89208984375,95.2067642211914,12.6170015335083,156.08999633789062
2020-02-25,284.98651123046875,95.37197875976562,12.382061958312988,153.3000030517578
2020-02-26,283.938232421875,95.27285766601562,12.260244369506836,153.97000122070312
2020-02-27,271.18609619140625,95.28936767578125,12.051411628723145,154.0
2020-02-28,270.0467834472656,95.99142456054688,11.842577934265137,148.3800048828125
2020-03-02,281.7414855957031,95.95745849609375,12.112320899963379,149.1999969482422
2020-03-03,273.67449951171875,96.61136627197266,12.138423919677734,153.88999938964844
2020-03-04,285.17791748046875,96.53681945800781,12.147126197814941,154.16000366210938
2020-03-05,275.6981506347656,96.8348159790039,12.016605377197266,157.49000549316406
2020-03-06,271.1405029296875,97.54656219482422,11.625043869018555,157.5500030517578
2020-03-09,249.9660186767578,97.42243957519531,10.720099449157715,157.80999755859375
2020-03-10,262.9005126953125,96.32167053222656,11.059453964233398,154.47999572753906
2020-03-11,250.0844268798828,94.94775390625,10.859322547912598,153.92999267578125
2020-03-12,226.1570281982422,91.14884185791016,10.4242525100708,147.7899932861328
2020-03-13,245.4904327392578,92.5806884765625,10.537371635437012,143.27999877929688
2020-03-16,218.62794494628906,94.12841033935547,9.90217113494873,141.63999938964844
2020-03-17,230.4320526123047,91.69511413574219,9.745545387268066,143.55999755859375
2020-03-18,218.76458740234375,88.20244598388672,9.42359447479248,140.6999969482422
2020-03-19,219.2295379638672,90.17225646972656,9.623726844787598,138.0399932861328
2020-03-20,209.781982421875,91.06610870361328,9.519309043884277,140.11000061035156
2020-03-23,204.4182586669922,93.22624206542969,9.632427215576172,146.3000030517578
2020-03-24,222.93922424316406,93.99595642089844,9.84126091003418,153.39999389648438
2020-03-25,226.27662658691406,94.9560317993164,10.006587028503418,151.3000030517578
2020-03-26,239.48887634277344,95.24571990966797,9.971781730651855,153.24000549316406
2020-03-27,232.35552978515625,95.6512451171875,9.936975479125977,152.25
2020-03-30,239.90150451660156,95.74231719970703,9.910872459411621,152.9199981689453
2020-03-31,236.32569885253906,95.48572540283203,9.789052963256836,148.0500030517578
2020-04-01,225.68984985351562,95.16142272949219,9.510607719421387,149.4499969482422
2020-04-02,230.89768981933594,95.30244445800781,9.693337440490723,151.89999389648438
2020-04-03,227.560302734375,95.36878204345703,9.936975479125977,152.64999389648438
2020-04-06,242.8446807861328,95.83323669433594,9.98918342590332,156.8800048828125
2020-04-07,243.09226989746094,95.9659652709961,10.058794975280762,156.0399932861328
2020-04-08,251.25244140625,96.05720520019531,10.032690048217773,154.64999389648438
2020-04-09,255.0758056640625,97.25161743164062,10.058794975280762,158.69000244140625
2020-04-13,252.74691772460938,96.79537963867188,10.232823371887207,161.41000366210938
2020-04-14,260.20123291015625,96.84519958496094,10.145808219909668,162.67999267578125
2020-04-15,254.6724090576172,97.24332427978516,9.936975479125977,161.85000610351562
2020-04-16,255.9009246826172,97.36775207519531,9.910872459411621,161.7100067138672
2020-04-17,262.81427001953125,97.25161743164062,9.954377174377441,158.57000732421875
2020-04-20,258.18402099609375,97.11060333251953,9.789052963256836,159.6999969482422
2020-04-21,250.34474182128906,97.1603775024414,9.327878952026367,158.61000061035156
2020-04-22,255.9009246826172,97.1603775024414,9.45840072631836,161.72999572753906
2020-04-23,255.88262939453125,97.3926010131836,9.432295799255371,163.33999633789062
2020-04-24,259.44940185546875,97.34281921386719,9.310476303100586,162.63999938964844
2020-04-27,263.1902770996094,96.89497375488281,9.136449813842773,161.55999755859375
2020-04-28,261.9799499511719,97.27650451660156,9.145150184631348,160.83999633789062
2020-04-29,268.83819580078125,97.34281921386719,9.310476303100586,161.72999572753906
2020-04-30,266.3351135253906,97.12721252441406,9.484503746032715,158.8000030517578
2020-05-01,259.2842712402344,97.1322021484375,9.362685203552246,159.77999877929688
2020-05-04,259.9994812011719,97.21527862548828,9.475802421569824,160.33999633789062
2020-05-05,262.40167236328125,97.14045715332031,9.719440460205078,161.02000427246094
2020-05-06,260.6228942871094,96.74984741210938,9.528010368347168,158.9499969482422
2020-05-07,263.767822265625,97.04907989501953,9.588920593261719,161.38999938964844
2020-05-08,268.1322937011719,96.79142761230469,9.789052963256836,160.4199981689453
2020-05-11,268.18731689453125,96.50054931640625,9.65853214263916,159.4199981689453
2020-05-12,262.84185791015625,96.74984741210938,9.580219268798828,160.0399932861328
2020-05-13,258.19317626953125,96.90779876708984,9.484503746032715,161.5800018310547
2020-05-14,261.2830505371094,97.20698547363281,9.649829864501953,163.00999450683594
2020-05-15,262.4842224121094,97.26512908935547,9.745545387268066,163.92999267578125
2020-05-18,270.47943115234375,97.12384033203125,10.0239896774292,162.69000244140625
2020-05-19,267.7012939453125,97.23192596435547,9.997884750366211,164.25999450683594
2020-05-20,272.2489318847656,97.48125457763672,10.17191219329834,164.64999389648438
2020-05-21,270.3694152832031,97.55603790283203,10.128406524658203,162.25
2020-05-22,270.8828125,97.60592651367188,10.050093650817871,163.2100067138672
2020-05-26,274.22027587890625,97.44801330566406,10.154509544372559,160.88999938964844
2020-05-27,278.3003234863281,97.58930206298828,10.0239896774292,161.17999267578125
2020-05-28,277.7868957519531,97.52281951904297,10.076197624206543,161.72000122070312
2020-05-29,279.02459716796875,97.78050231933594,10.250225067138672,162.91000366210938
2020-06-01,280.1524963378906,97.72549438476562,10.311135292053223,163.66000366210938
2020-06-02,282.4721374511719,97.80875396728516,10.4242525100708,162.60000610351562
2020-06-03,286.2314147949219,97.56731414794922,10.4242525100708,159.60000610351562
2020-06-04,285.47955322265625,97.27588653564453,10.511266708374023,161.27999877929688
2020-06-05,292.79632568359375,97.33413696289062,10.720099449157715,158.00999450683594
2020-06-08,296.33544921875,97.44239807128906,10.65048885345459,159.72000122070312
2020-06-09,294.1257019042969,97.56731414794922,10.685294151306152,161.25999450683594
2020-06-10,292.4845275878906,97.96697235107422,10.754905700683594,163.57000732421875
2020-06-11,275.6230163574219,97.80042266845703,10.406850814819336,162.38999938964844
2020-06-12,278.92388916015625,97.90035247802734,10.450357437133789,162.6199951171875
2020-06-15,281.5278015136719,98.2250747680664,10.546072959899902,162.3300018310547
2020-06-16,286.9465637207031,98.03353881835938,10.633086204528809,162.25
2020-06-17,285.7546691894531,97.95033264160156,10.580877304077148,162.55999755859375
2020-06-18,285.8646240234375,98.05023193359375,10.641786575317383,162.24000549316406
2020-06-19,284.2310485839844,98.08354187011719,10.728800773620605,164.02999877929688
2020-06-22,286.0543518066406,98.05854034423828,10.8419189453125,165.08999633789062
2020-06-23,287.37115478515625,98.04190826416016,10.789710998535156,166.47999572753906
2020-06-24,280.040771484375,98.02526092529297,10.519968032836914,165.89999389648438
2020-06-25,283.04290771484375,98.14179229736328,10.615683555603027,165.8000030517578
2020-06-26,276.3203430175781,98.25835418701172,10.485161781311035,166.5399932861328
2020-06-29,280.3815002441406,98.34162139892578,10.659189224243164,166.6300048828125
2020-06-30,283.97308349609375,98.42489624023438,10.71139907836914,167.3699951171875
2020-07-01,285.9622497558594,98.47747039794922,10.79841136932373,166.6199951171875
2020-07-02,287.5370178222656,98.59425354003906,10.8419189453125,166.97999572753906
2020-07-06,291.9758605957031,98.5859146118164,10.928933143615723,167.97999572753906
2020-07-07,288.9643859863281,98.73604583740234,10.937633514404297,169.0399932861328
2020-07-08,291.1746520996094,98.70269012451172,11.076855659484863,170.08999633789062
2020-07-09,289.5169677734375,98.96131896972656,10.946334838867188,169.6300048828125
2020-07-10,292.4731750488281,98.84451293945312,11.015946388244629,169.19000244140625
2020-07-13,289.9405822753906,98.83616638183594,10.902828216552734,169.39999389648438
2020-07-14,293.6979675292969,98.99466705322266,10.955037117004395,170.19000244140625
2020-07-15,296.3962097167969,99.00299835205078,11.085556983947754,170.33999633789062
2020-07-16,295.419921875,99.06975555419922,10.99854564666748,168.72999572753906
2020-07-17,296.2764587402344,99.16986083984375,11.015946388244629,170.1199951171875
2020-07-20,298.6708679199219,99.27827453613281,11.007245063781738,170.94000244140625
2020-07-21,299.3062744140625,99.33670043945312,11.163870811462402,173.0
2020-07-22,301.01007080078125,99.42008972167969,11.233480453491211,175.6300048828125
2020-07-23,297.4184265136719,99.53690338134766,11.207377433776855,177.17999267578125
2020-07-24,295.5028991699219,99.5035171508789,11.224780082702637,178.6999969482422
2020-07-27,297.6579284667969,99.43681335449219,11.32919692993164,182.22999572753906
2020-07-28,295.77001953125,99.5035171508789,11.268285751342773,183.75
2020-07-29,299.4076843261719,99.62029266357422,11.32919692993164,185.1300048828125
2020-07-30,298.3393859863281,99.69537353515625,11.198676109313965,183.75999450683594
2020-07-31,300.6968994140625,99.7370834350586,11.259584426879883,185.42999267578125
2020-08-03,302.7873229980469,99.77632904052734,11.372702598571777,185.63999938964844
2020-08-04,303.9569091796875,99.96857452392578,11.433612823486328,189.58999633789062
2020-08-05,305.8447570800781,99.77632904052734,11.529328346252441,191.35000610351562
2020-08-06,307.8892517089844,99.91842651367188,11.616342544555664,193.88999938964844
2020-08-07,308.1102600097656,99.80143737792969,11.459717750549316,190.80999755859375
2020-08-10,309.0312805175781,99.70952606201172,11.52062702178955,190.14999389648438
2020-08-11,306.4802551269531,99.4337387084961,11.337897300720215,179.94000244140625
2020-08-12,310.7532958984375,99.23320007324219,11.459717750549316,179.10000610351562
2020-08-13,310.1914367675781,98.86552429199219,11.52062702178955,183.3300018310547
2020-08-14,310.20062255859375,98.77359008789062,11.52062702178955,182.5399932861328
2020-08-17,311.1860656738281,98.90729522705078,11.712056159973145,186.5
2020-08-18,311.8583068847656,99.0493392944336,11.738161087036133,188.17999267578125
2020-08-19,310.55987548828125,98.89893341064453,11.70335578918457,182.24000549316406
2020-08-20,311.5268249511719,99.07444763183594,11.685953140258789,183.5
2020-08-21,312.6319274902344,99.17471313476562,11.572834014892578,182.02999877929688
2020-08-24,315.7999267578125,99.13294982910156,11.633745193481445,181.0
2020-08-25,316.9049987792969,98.9240493774414,11.729459762573242,181.22000122070312
2020-08-26,320.0821533203125,98.90729522705078,11.755563735961914,183.36000061035156
2020-08-27,320.7820739746094,98.56468963623047,11.712056159973145,181.24000549316406
2020-08-28,322.8540954589844,98.6983871459961,11.790369033813477,184.38999938964844
2020-08-31,321.6845397949219,98.9156723022461,11.781667709350586,184.8300018310547
2020-09-01,324.7144470214844,99.12071990966797,11.799071311950684,185.0500030517578
2020-09-02,329.41094970703125,99.32160186767578,11.642446517944336,182.6199951171875
2020-09-03,318.07464599609375,99.34673309326172,11.538029670715332,181.13999938964844
2020-09-04,315.47760009765625,98.85289764404297,11.433612823486328,181.63999938964844
2020-09-08,306.8577880859375,98.96172332763672,11.155168533325195,181.2899932861328
2020-09-09,312.91741943359375,98.95332336425781,11.259584426879883,183.0500030517578
2020-09-10,307.4840393066406,98.96172332763672,11.146467208862305,182.4600067138672
2020-09-11,307.6406555175781,99.07887268066406,11.224780082702637,182.4499969482422
2020-09-14,311.6925964355469,99.08724975585938,11.233480453491211,183.88999938964844
2020-09-15,313.2674255371094,99.09558868408203,11.294389724731445,183.4499969482422
2020-09-16,312.02410888671875,99.04541015625,11.50322437286377,183.97000122070312
2020-09-17,309.27984619140625,99.07048797607422,11.633745193481445,182.9600067138672
2020-09-18,305.71917724609375,98.95332336425781,11.685953140258789,183.1999969482422
2020-09-21,302.3166809082031,98.97003173828125,11.398807525634766,179.52000427246094
2020-09-22,305.3955383300781,99.04541015625,11.346598625183105,178.64999389648438
2020-09-23,298.3131103515625,98.83614349365234,11.216078758239746,174.7899932861328
2020-09-24,299.1083068847656,98.84451293945312,11.268285751342773,175.44000244140625
2020-09-25,303.9439392089844,98.87799835205078,11.268285751342773,174.94000244140625
2020-09-28,308.9922180175781,98.96172332763672,11.364002227783203,176.6999969482422
2020-09-29,307.3094482421875,98.97842407226562,11.233480453491211,178.19000244140625
2020-09-30,309.6394348144531,98.81938171386719,11.364002227783203,177.1199951171875
2020-10-01,311.6273498535156,98.95523834228516,11.224780082702637,178.6999969482422
2020-10-02,308.6685791015625,98.8546142578125,11.085556983947754,178.5399932861328
2020-10-05,314.142333984375,98.5359878540039,11.372702598571777,179.41000366210938
2020-10-06,309.6764221191406,98.61982727050781,11.416210174560547,177.3000030517578
2020-10-07,315.06689453125,98.55278015136719,11.459717750549316,177.22000122070312
2020-10-08,317.8591003417969,98.67855072021484,11.572834014892578,177.85000610351562
2020-10-09,320.69769287109375,98.70368957519531,11.607640266418457,181.0800018310547
2020-10-12,325.85699462890625,98.89654541015625,11.485821723937988,180.55999755859375
2020-10-13,323.7303771972656,98.92168426513672,11.511924743652344,177.72000122070312
2020-10-14,321.6962585449219,98.98037719726562,11.59023666381836,178.27000427246094
2020-10-15,321.2987365722656,98.89654541015625,11.625043869018555,178.9199981689453
2020-10-16,321.1045227050781,98.84623718261719,11.546731948852539,178.3000030517578
2020-10-19,316.2226257324219,98.72882080078125,11.555432319641113,178.38999938964844
2020-10-20,317.4892578125,98.64500427246094,11.685953140258789,179.25
2020-10-21,316.8883361816406,98.52763366699219,11.59023666381836,180.60000610351562
2020-10-22,318.6265869140625,98.35153198242188,11.625043869018555,178.8300018310547
2020-10-23,319.7083740234375,98.49403381347656,11.538029670715332,178.63999938964844
2020-10-26,313.8002014160156,98.62821197509766,11.372702598571777,178.5500030517578
2020-10-27,312.7183532714844,98.8546142578125,11.451014518737793,179.02000427246094
2020-10-28,302.0300598144531,98.71207427978516,11.146467208862305,176.1300048828125
2020-10-29,305.099609375,98.5359878540039,11.007245063781738,175.39999389648438
2020-10-30,301.9190673828125,98.2677001953125,11.007245063781738,176.1999969482422
2020-11-02,305.30316162109375,98.44573974609375,11.207377433776855,177.91000366210938
2020-11-03,310.6935119628906,98.40375518798828,11.27698802947998,178.9199981689453
2020-11-04,317.6372985839844,99.05883026123047,11.398807525634766,178.82000732421875
2020-11-05,323.83209228515625,99.15118408203125,11.451014518737793,182.92999267578125
2020-11-06,323.7580871582031,98.93284606933594,11.40750789642334,183.19000244140625
2020-11-09,327.8263854980469,98.4709701538086,11.546731948852539,175.0800018310547
2020-11-10,327.3455505371094,98.31137084960938,11.772967338562012,175.66000366210938
2020-11-11,329.77728271484375,98.37016296386719,11.764266014099121,174.89999389648438
2020-11-12,326.57818603515625,98.78165435791016,11.668550491333008,175.9600067138672
2020-11-13,331.0995178222656,98.79847717285156,11.616342544555664,177.16000366210938
2020-11-16,335.23248291015625,98.79005432128906,11.720758438110352,177.14999389648438
2020-11-17,333.429443359375,98.99164581298828,11.755563735961914,176.5
2020-11-18,329.4166259765625,99.05883026123047,11.772967338562012,175.49000549316406
2020-11-19,330.8036193847656,99.24356079101562,11.772967338562012,175.16000366210938
2020-11-20,328.5382385253906,99.34435272216797,11.833876609802246,175.69000244140625
2020-11-23,330.50762939453125,99.31916046142578,11.868682861328125,172.22999572753906
2020-11-24,335.8334045410156,99.184814453125,12.12102222442627,169.58999633789062
2020-11-25,335.31561279296875,99.15118408203125,12.225438117980957,169.50999450683594
2020-11-27,336.24951171875,99.31916046142578,12.199334144592285,167.7899932861328
2020-11-30,334.76080322265625,99.45354461669922,12.129722595214844,166.6699981689453
2020-12-01,338.4222412109375,99.1388931274414,12.094918251037598,170.17999267578125
2020-12-02,339.1342468261719,99.02952575683594,12.147126197814941,171.4600067138672
2020-12-03,339.041748046875,99.19776153564453,12.164528846740723,172.80999755859375
2020-12-04,341.96337890625,98.92853546142578,12.216736793518066,172.32000732421875
2020-12-07,341.26080322265625,99.07998657226562,12.216736793518066,174.88999938964844
2020-12-08,342.2593994140625,99.0884017944336,12.234140396118164,175.5
2020-12-09,339.189697265625,98.94541931152344,12.242840766906738,172.5
2020-12-10,339.0787658691406,99.18936920166016,12.425570487976074,172.1699981689453
2020-12-11,338.6811828613281,99.29874420166016,12.390765190124512,172.49000549316406
2020-12-14,337.1648254394531,99.23986053466797,12.425570487976074,171.5399932861328
2020-12-15,341.7231140136719,99.29874420166016,12.521285057067871,173.94000244140625
2020-12-16,342.2593994140625,99.25669860839844,12.590896606445312,174.89999389648438
2020-12-17,344.1732482910156,99.25247192382812,12.738821029663086,176.74000549316406
2020-12-18,342.799072265625,99.20195007324219,12.782325744628906,176.44000244140625
2020-12-21,341.57330322265625,99.20195007324219,12.651805877685547,175.8800048828125
2020-12-22,340.9977111816406,99.3451156616211,12.512584686279297,174.49000549316406
2020-12-23,341.3040771484375,99.2777099609375,12.669208526611328,175.64999389648438
2020-12-24,342.63189697265625,99.37041473388672,12.704014778137207,176.35000610351562
2020-12-28,345.5754089355469,99.38722229003906,12.625701904296875,175.7100067138672
2020-12-29,344.9161376953125,99.40406036376953,12.660506248474121,176.35000610351562
2020-12-30,345.40826416015625,99.46302032470703,12.738821029663086,177.6999969482422
2020-12-31,347.1632080078125,99.53880310058594,12.791028022766113,178.36000061035156
2021-01-04,342.4369201660156,99.4124984741211,12.721417427062988,182.3300018310547
2021-01-05,344.7954406738281,99.31141662597656,13.078173637390137,182.8699951171875
2021-01-06,346.8567810058594,98.82295989990234,13.095576286315918,179.89999389648438
2021-01-07,352.01019287109375,98.72188568115234,13.156485557556152,179.47999572753906
2021-01-08,354.015869140625,98.60395812988281,13.260902404785156,173.33999633789062
2021-01-11,351.6294860839844,98.44396209716797,13.165186882019043,173.0
2021-01-12,351.7037048339844,98.5281982421875,13.41752815246582,174.1199951171875
2021-01-13,352.65087890625,98.83979797363281,13.382722854614258,173.3699951171875
2021-01-14,351.4158935546875,98.64608001708984,13.504542350769043,173.27999877929688
2021-01-15,348.85321044921875,98.74713897705078,13.3131103515625,171.1300048828125
2021-01-19,351.5923156738281,98.88187408447266,13.356618881225586,172.5800018310547
2021-01-20,356.45794677734375,98.89031982421875,13.36531925201416,175.38999938964844
2021-01-21,356.78289794921875,98.74713897705078,13.356618881225586,175.27999877929688
2021-01-22,355.52008056640625,98.74713897705078,13.13038158416748,173.89999389648438
2021-01-25,356.92218017578125,98.99980926513672,13.269603729248047,174.0500030517578
2021-01-26,356.36505126953125,98.96614074707031,13.295707702636719,173.6199951171875
2021-01-27,347.6553039550781,98.97453308105469,13.260902404785156,172.52000427246094
2021-01-28,350.64520263671875,98.90716552734375,13.199993133544922,172.67999267578125
2021-01-29,343.6254577636719,98.79765319824219,13.217395782470703,172.61000061035156
2021-02-01,349.34521484375,98.89216613769531,13.469734191894531,174.22999572753906
2021-02-02,354.28509521484375,98.74028015136719,13.574151992797852,172.11000061035156
2021-02-03,354.5636901855469,98.62220764160156,13.669867515563965,171.85000610351562
2021-02-04,358.5935363769531,98.58004760742188,13.739479064941406,168.14999389648438
2021-02-05,360.0048828125,98.45352935791016,13.809090614318848,169.80999755859375
2021-02-08,362.6048583984375,98.55475616455078,14.02662467956543,171.52000427246094
2021-02-09,362.3634033203125,98.59687805175781,14.078831672668457,172.0800018310547
2021-02-10,362.20556640625,98.6897201538086,14.052728652954102,172.7100067138672
2021-02-11,362.7905578613281,98.57158660888672,14.02662467956543,171.2100067138672
2021-02-12,364.5826416015625,98.34383392333984,14.200651168823242,170.69000244140625
2021-02-16,364.2669372558594,97.87989807128906,14.392083168029785,168.24000549316406
2021-02-17,364.35052490234375,98.07390594482422,14.435589790344238,166.3300018310547
2021-02-18,362.7998352050781,98.02327728271484,14.383380889892578,166.32000732421875
2021-02-19,362.1592102050781,97.71958923339844,14.374680519104004,167.00999450683594
2021-02-22,359.37353515625,97.4159164428711,14.696629524230957,169.50999450683594
2021-02-23,359.8099365234375,97.44116973876953,14.766240119934082,169.1199951171875
2021-02-24,363.7748107910156,97.40747833251953,14.992477416992188,169.0
2021-02-25,355.0093994140625,96.51329040527344,14.870657920837402,165.82000732421875
2021-02-26,353.18017578125,97.29779815673828,14.55740737915039,161.80999755859375
2021-03-01,361.7413330078125,97.24710845947266,14.435589790344238,161.52999877929688
2021-03-02,358.9185791015625,97.26402282714844,14.496499061584473,162.41000366210938
2021-03-03,354.1644287109375,96.90913391113281,14.583513259887695,160.6199951171875
2021-03-04,349.7816467285156,96.6302719116211,14.809749603271484,159.0399932861328
2021-03-05,356.2164306640625,96.56267547607422,15.114295959472656,159.13999938964844
2021-03-08,354.44293212890625,96.1824722290039,14.905463218688965,157.49000549316406
2021-03-09,359.5035400390625,96.5457992553711,14.905463218688965,160.83999633789062
2021-03-10,361.7413330078125,96.70633697509766,15.001178741455078,161.66000366210938
2021-03-11,365.4090270996094,96.6978759765625,15.22741413116455,161.52000427246094
2021-03-12,365.9012145996094,96.1486587524414,15.157803535461426,161.49000549316406
2021-03-15,368.083251953125,96.25005340576172,15.105595588684082,162.1999969482422
2021-03-16,367.61895751953125,96.21624755859375,15.044686317443848,162.35000610351562
2021-03-17,368.8725280761719,96.20777893066406,15.044686317443848,163.50999450683594
2021-03-18,363.50555419921875,95.83602142333984,14.331171989440918,162.55999755859375
2021-03-19,362.8329162597656,95.91207885742188,14.644421577453613,163.24000549316406
2021-03-22,365.7301330566406,96.09796905517578,14.618318557739258,163.0
2021-03-23,362.85162353515625,96.3429946899414,14.209352493286133,161.80999755859375
2021-03-24,361.0069885253906,96.4613037109375,14.583513259887695,162.3699951171875
2021-03-25,363.037841796875,96.41057586669922,14.252859115600586,161.77999877929688
2021-03-26,368.8882751464844,96.25005340576172,14.592214584350586,162.24000549316406
2021-03-29,368.7019348144531,96.08953094482422,14.609618186950684,160.30999755859375
2021-03-30,367.7237548828125,96.16555786132812,14.374680519104004,157.57000732421875
2021-03-31,369.2142333984375,96.1824722290039,14.45299243927002,159.9600067138672
2021-04-01,373.2014465332031,96.50569915771484,14.696629524230957,161.97999572753906
2021-04-05,378.5580139160156,96.31111145019531,14.479095458984375,161.9199981689453
2021-04-06,378.3345031738281,96.64958190917969,14.531304359436035,163.22000122070312
2021-04-07,378.7724304199219,96.49725341796875,14.574811935424805,162.75999450683594
2021-04-08,380.5703125,96.73416137695312,14.65312385559082,164.50999450683594
2021-04-09,383.33709716796875,96.62419128417969,14.600915908813477,163.27000427246094
2021-04-12,383.4768371582031,96.5987777709961,14.609618186950684,162.27999877929688
2021-04-13,384.61334228515625,96.87808990478516,14.766240119934082,163.42999267578125
2021-04-14,383.2998352050781,96.80191040039062,15.105595588684082,162.72000122070312
2021-04-15,387.4174499511719,97.18274688720703,15.201309204101562,165.35000610351562
2021-04-16,388.7122497558594,96.92884826660156,15.17520523071289,166.35000610351562
2021-04-19,386.80255126953125,96.85266876220703,15.192607879638672,165.88999938964844
2021-04-20,383.9705810546875,97.0050048828125,15.166504859924316,166.47999572753906
2021-04-21,387.6037292480469,97.0980453491211,15.105595588684082,168.1300048828125
2021-04-22,384.0637512207031,97.12347412109375,15.22741413116455,167.0399932861328
2021-04-23,388.2278747558594,97.10653686523438,15.349233627319336,166.39999389648438
2021-04-26,389.03839111328125,97.02190399169922,15.453651428222656,166.83999633789062
2021-04-27,388.9544982910156,96.78497314453125,15.584172248840332,166.4199981689453
2021-04-28,388.8427734375,96.83570861816406,15.610276222229004,166.91000366210938
2021-04-29,391.3207092285156,96.78497314453125,15.714690208435059,166.22000122070312
2021-04-30,388.74957275390625,96.88655090332031,15.584172248840332,165.66000366210938
2021-05-03,389.5880126953125,96.9483871459961,15.758200645446777,167.80999755859375
2021-05-04,387.1844787597656,97.06704711914062,16.0018367767334,166.5800018310547
2021-05-05,387.30560302734375,97.14334106445312,16.062747955322266,167.27000427246094
2021-05-06,390.39849853515625,97.16026306152344,16.14105796813965,170.05999755859375
2021-05-07,393.2398681640625,97.13484191894531,16.297683715820312,171.58999633789062
2021-05-10,389.3457946777344,96.98226165771484,16.184566497802734,172.11000061035156
2021-05-11,385.8709716796875,96.77043914794922,16.358591079711914,172.13999938964844
2021-05-12,377.6730651855469,96.4314193725586,16.341190338134766,170.42999267578125
2021-05-13,382.20989990234375,96.6517562866211,15.888720512390137,171.1300048828125
2021-05-14,388.0788879394531,96.87212371826172,16.01923942565918,172.69000244140625
2021-05-17,387.09136962890625,96.78734588623047,16.219371795654297,174.6999969482422
2021-05-18,383.75628662109375,96.66871643066406,16.14105796813965,175.0399932861328
2021-05-19,382.7502136230469,96.53314208984375,15.810406684875488,175.16000366210938
2021-05-20,386.8677062988281,96.86361694335938,15.645079612731934,175.9600067138672
2021-05-21,386.551025390625,96.906005859375,15.793004035949707,176.0399932861328
2021-05-24,390.4916076660156,96.99923706054688,16.01053810119629,176.35000610351562
2021-05-25,389.6253662109375,97.23655700683594,15.958330154418945,177.9499969482422
2021-05-26,390.39849853515625,97.20264434814453,15.984435081481934,177.63999938964844
2021-05-27,390.6033935546875,97.08399963378906,16.236774444580078,177.7100067138672
2021-05-28,391.30218505859375,97.08399963378906,16.184566497802734,178.3800048828125
2021-06-01,390.9574890136719,97.03903198242188,16.471710205078125,177.89999389648438
2021-06-02,391.5722351074219,97.16633605957031,16.558727264404297,178.77000427246094
2021-06-03,390.1189880371094,96.93720245361328,16.419504165649414,175.27000427246094
2021-06-04,393.68701171875,97.33610534667969,16.602231979370117,177.16000366210938
2021-06-07,393.3050537109375,97.26815795898438,16.628337860107422,177.8699951171875
2021-06-08,393.388916015625,97.4464111328125,16.79366111755371,177.32000732421875
2021-06-09,392.802001953125,97.64163208007812,16.715349197387695,176.97999572753906
2021-06-10,394.6278076171875,97.84534454345703,16.776260375976562,177.74000549316406
2021-06-11,395.2799987792969,97.80293273925781,16.72405242919922,175.74000549316406
2021-06-14,396.1650390625,97.5567626953125,16.628337860107422,174.7100067138672
2021-06-15,395.4383239746094,97.59918212890625,16.558727264404297,174.0500030517578
2021-06-16,393.2304992675781,97.28515625,16.4630126953125,171.11000061035156
2021-06-17,393.1000671386719,97.59072875976562,16.036643981933594,165.85000610351562
2021-06-18,387.7969970703125,97.85384368896484,16.201969146728516,164.92999267578125
2021-06-21,393.3486633300781,97.59918212890625,16.402101516723633,166.9499969482422
2021-06-22,395.45159912109375,97.70103454589844,16.428205490112305,166.25
2021-06-23,394.9749755859375,97.65013885498047,16.532623291015625,166.13999938964844
2021-06-24,397.3114929199219,97.68406677246094,16.59353256225586,166.0399932861328
2021-06-25,398.7228088378906,97.48886108398438,16.523921966552734,166.58999633789062
2021-06-28,399.52667236328125,97.76893615722656,16.51521873474121,166.5800018310547
2021-06-29,399.7415466308594,97.81983947753906,16.59353256225586,164.8300018310547
2021-06-30,400.07806396484375,97.88775634765625,16.750154495239258,165.6300048828125
2021-07-01,402.2931213378906,97.83341217041016,16.811065673828125,166.1999969482422
2021-07-02,405.3680725097656,98.04583740234375,16.967689514160156,167.2899932861328
2021-07-06,404.629638671875,98.3603286743164,16.506515502929688,168.1199951171875
2021-07-07,406.05963134765625,98.5302963256836,16.306386947631836,168.75999450683594
2021-07-08,402.7510986328125,98.64082336425781,16.445608139038086,168.64999389648438
2021-07-09,407.0503234863281,98.31781005859375,16.63703727722168,169.2100067138672
2021-07-12,408.5084228515625,98.25833129882812,16.66314125061035,169.0
2021-07-13,407.1158142089844,98.04583740234375,16.802364349365234,169.22000122070312
2021-07-14,407.72332763671875,98.37733459472656,16.63703727722168,171.0399932861328
2021-07-15,406.3306884765625,98.58979797363281,16.55002212524414,171.07000732421875
2021-07-16,403.14361572265625,98.50480651855469,16.55002212524414,169.41000366210938
2021-07-19,397.1900329589844,99.02326965332031,15.888720512390137,169.61000061035156
2021-07-20,402.8819274902344,98.92977905273438,16.1236572265625,169.38999938964844
2021-07-21,406.14373779296875,98.60679626464844,16.445608139038086,168.75999450683594
2021-07-22,406.9943542480469,98.83629608154297,16.576128005981445,169.08999633789062
2021-07-23,411.1814270019531,98.76827239990234,16.66314125061035,168.55999755859375
2021-07-26,412.1908264160156,98.68331909179688,16.784961700439453,168.16000366210938
2021-07-27,410.31219482421875,98.9127426147461,16.689247131347656,168.44000244140625
2021-07-28,410.1439514160156,99.0062484741211,16.767559051513672,169.2899932861328
2021-07-29,411.8450927734375,98.84477233886719,17.063405990600586,171.1699981689453
2021-07-30,409.8449401855469,98.98075866699219,16.967689514160156,169.82000732421875
2021-08-02,408.985107421875,99.19093322753906,16.784961700439453,169.61000061035156
2021-08-03,412.3123779296875,99.22502899169922,16.70665168762207,169.49000549316406
2021-08-04,410.2841796875,99.216552734375,16.436904907226562,169.52999877929688
2021-08-05,412.88250732421875,98.9952163696289,16.680543899536133,168.86000061035156
2021-08-06,413.5647277832031,98.55265045166016,16.541322708129883,164.63999938964844
2021-08-09,413.2282409667969,98.37389373779297,16.306386947631836,161.72000122070312
2021-08-10,413.7423095703125,98.24625396728516,16.602231979370117,161.77000427246094
2021-08-11,414.7704162597656,98.33984375,16.750154495239258,164.0
2021-08-12,416.01348876953125,98.34835815429688,16.689247131347656,164.0399932861328
2021-08-13,416.7705383300781,98.70586395263672,16.59353256225586,166.38999938964844
2021-08-16,417.751953125,98.75690460205078,16.55002212524414,167.22000122070312
2021-08-17,415.01348876953125,98.68032836914062,16.36729621887207,166.97000122070312
2021-08-18,410.4711608886719,98.68882751464844,16.175865173339844,167.10000610351562
2021-08-19,411.10662841796875,98.85908508300781,15.949629783630371,166.61000061035156
2021-08-20,414.3778991699219,98.86756134033203,15.575469970703125,166.6999969482422
2021-08-23,418.02294921875,98.86756134033203,16.14105796813965,168.72999572753906
2021-08-24,418.6864929199219,98.72288513183594,16.48041343688965,168.64999389648438
2021-08-25,419.5652160644531,98.53559875488281,16.628337860107422,167.47999572753906
2021-08-26,417.0883483886719,98.54412841796875,16.49781608581543,167.6699981689453
2021-08-27,420.8174743652344,98.81649780273438,16.70665168762207,170.19000244140625
2021-08-30,422.66802978515625,98.92717742919922,16.767559051513672,169.35000610351562
2021-08-31,422.04180908203125,98.78241729736328,16.689247131347656,169.69000244140625
2021-09-01,422.2661437988281,98.81400299072266,16.610933303833008,169.6999969482422
2021-09-02,423.5653381347656,98.91627502441406,16.802364349365234,169.25
2021-09-03,423.4625549316406,98.74578857421875,16.819765090942383,171.05999755859375
2021-09-07,421.9483642578125,98.48153686523438,16.628337860107422,167.7100067138672
2021-09-08,421.434326171875,98.6435317993164,16.750154495239258,167.2899932861328
2021-09-09,419.630615234375,98.95890045166016,16.628337860107422,168.02999877929688
2021-09-10,416.32196044921875,98.76284790039062,16.845870971679688,167.17999267578125
2021-09-13,417.38739013671875,98.89068603515625,16.976390838623047,167.74000549316406
2021-09-14,415.1348876953125,99.11231994628906,16.967689514160156,168.82000732421875
2021-09-15,418.6024475097656,99.0185546875,17.246131896972656,167.8300018310547
2021-09-16,417.93878173828125,98.84809875488281,17.12431526184082,164.02999877929688
2021-09-17,413.86773681640625,98.76284790039062,16.98509407043457,163.77000427246094
2021-09-20,406.9667663574219,98.95036315917969,16.784961700439453,164.94000244140625
2021-09-21,406.5823059082031,98.99296569824219,16.802364349365234,166.0399932861328
2021-09-22,410.5484313964844,99.02706146240234,16.99379539489746,165.4199981689453
2021-09-23,415.53662109375,98.54121398925781,17.254837036132812,163.50999450683594
2021-09-24,416.2210998535156,98.37077331542969,17.333148956298828,163.3000030517578
2021-09-27,415.03033447265625,98.23438262939453,17.568086624145508,163.63999938964844
2021-09-28,406.666748046875,97.82526397705078,17.428863525390625,162.0500030517578
2021-09-29,407.3512268066406,97.89342498779297,17.446266174316406,161.32000732421875
2021-09-30,402.37237548828125,97.87640380859375,17.559383392333984,164.22000122070312
2021-10-01,407.154296875,98.1751937866211,17.794322967529297,164.58999633789062
2021-10-04,401.90362548828125,98.10688781738281,18.081466674804688,165.36000061035156
2021-10-05,406.0853576660156,97.8763656616211,18.307703018188477,164.58999633789062
2021-10-06,407.77313232421875,97.91908264160156,18.003154754638672,165.02999877929688
2021-10-07,411.298583984375,97.64591979980469,18.229389190673828,164.16000366210938
2021-10-08,410.5484313964844,97.43246459960938,18.290300369262695,164.22999572753906
2021-10-11,407.5762634277344,97.27879333496094,18.412118911743164,163.9199981689453
2021-10-12,406.5729675292969,97.63735961914062,18.412118911743164,164.66000366210938
2021-10-13,408.0356140136719,97.85932159423828,18.51653480529785,167.58999633789062
2021-10-14,414.8990173339844,98.04712677001953,18.70796775817871,168.0
2021-10-15,418.0588073730469,97.80807495117188,18.864591598510742,165.3300018310547
2021-10-18,419.29656982421875,97.73979949951172,18.751474380493164,164.9199981689453
2021-10-19,422.5313720703125,97.45809173583984,18.794979095458984,165.4499969482422
2021-10-20,424.19085693359375,97.38977813720703,19.003812789916992,166.89999389648438
2021-10-21,425.29730224609375,97.18490600585938,18.71666717529297,166.75
2021-10-22,424.85662841796875,97.37272644042969,18.803682327270508,167.77000427246094
2021-10-25,427.13507080078125,97.46661376953125,18.899396896362305,168.92999267578125
2021-10-26,427.5194396972656,97.64591979980469,18.925498962402344,167.67999267578125
2021-10-27,425.62548828125,97.9703140258789,18.57744598388672,168.1199951171875
2021-10-28,429.7322082519531,97.89347839355469,18.673160552978516,168.0800018310547
2021-10-29,430.6042785644531,97.86783599853516,18.57744598388672,166.64999389648438
2021-11-01,431.3450012207031,97.80799865722656,18.71666717529297,167.52000427246094
2021-11-02,433.0890197753906,98.00464630126953,18.768877029418945,167.16000366210938
2021-11-03,435.7330627441406,97.80799865722656,18.290300369262695,165.77000427246094
2021-11-04,437.7864685058594,98.13292694091797,18.177183151245117,167.64999389648438
2021-11-05,439.3055114746094,98.51769256591797,18.429523468017578,169.83999633789062
2021-11-08,439.6804504394531,98.338134765625,18.542640686035156,170.4499969482422
2021-11-09,438.2271728515625,98.61175537109375,18.69056510925293,171.2899932861328
2021-11-10,434.70172119140625,97.94479370117188,18.455625534057617,173.14999389648438
2021-11-11,434.84234619140625,97.76526641845703,18.58614730834961,174.1199951171875
2021-11-12,438.1239929199219,97.7481460571289,18.560043334960938,174.4499969482422
2021-11-15,438.27398681640625,97.38903045654297,18.56874656677246,174.17999267578125
2021-11-16,440.00860595703125,97.35482788085938,18.542640686035156,172.9199981689453
2021-11-17,438.93975830078125,97.5856704711914,18.3773136138916,174.5
2021-11-18,440.43060302734375,97.67119598388672,18.438222885131836,173.94000244140625
2021-11-19,439.6430358886719,97.85929870605469,18.142379760742188,172.61000061035156
2021-11-22,438.4052734375,97.38903045654297,18.272899627685547,168.74000549316406
2021-11-23,438.9866638183594,97.00428009033203,18.60354995727539,167.27999877929688
2021-11-24,440.1587219238281,97.22657775878906,18.533935546875,167.1199951171875
2021-11-26,430.341796875,97.91915130615234,17.428863525390625,166.85000610351562
2021-11-29,435.62054443359375,97.97044372558594,17.428863525390625,166.6199951171875
2021-11-30,427.1444091796875,98.13292694091797,16.950288772583008,165.5
2021-12-01,422.4000244140625,98.15174102783203,16.802364349365234,166.16000366210938
2021-12-02,428.86962890625,98.13459777832031,16.950288772583008,165.24000549316406
2021-12-03,425.137939453125,98.52849578857422,16.967689514160156,166.6300048828125
2021-12-06,430.17303466796875,98.1860122680664,17.26353645324707,166.22000122070312
2021-12-07,439.071044921875,98.0318832397461,17.52457618713379,166.80999755859375
2021-12-08,440.233642578125,97.77498626708984,17.75951385498047,166.89999389648438
2021-12-09,437.2614440917969,97.78353881835938,17.48977279663086,165.8800048828125
2021-12-10,441.3775634765625,97.80924224853516,17.689905166625977,166.5800018310547
2021-12-13,437.46771240234375,98.15174102783203,17.602890014648438,167.0
2021-12-14,434.4578857421875,97.96336364746094,17.446266174316406,165.44000244140625
2021-12-15,441.2463684082031,97.88631439208984,17.533279418945312,166.14999389648438
2021-12-16,437.35516357421875,98.02088165283203,17.637697219848633,168.16000366210938
2021-12-17,432.700439453125,98.14090728759766,17.428863525390625,167.8000030517578
2021-12-20,428.0993957519531,97.99515533447266,17.307044982910156,167.08999633789062
2021-12-21,435.7019348144531,97.91801452636719,17.672500610351562,167.02000427246094
2021-12-22,440.0584411621094,98.00375366210938,17.88133430480957,168.58999633789062
2021-12-23,442.7965393066406,97.88372039794922,17.97705078125,168.97000122070312
2021-12-27,449.06304931640625,97.93521118164062,18.20328712463379,169.3699951171875
2021-12-28,448.696044921875,97.89229583740234,18.16847801208496,168.63999938964844
2021-12-29,449.2701110839844,97.60092163085938,18.255495071411133,168.58999633789062
2021-12-30,448.0279846191406,97.815185546875,18.16847801208496,169.8000030517578
2021-12-31,446.8988952636719,97.7808837890625,18.081466674804688,170.9600067138672
2022-01-03,449.4864501953125,97.11233520507812,18.151077270507812,168.3300018310547
2022-01-04,449.3359069824219,97.103759765625,18.36861228942871,169.57000732421875
2022-01-05,440.70770263671875,96.80377960205078,18.290300369262695,169.05999755859375
2022-01-06,440.2936706542969,96.70092010498047,18.44692611694336,166.99000549316406
2022-01-07,438.552978515625,96.4180679321289,18.481731414794922,167.75
2022-01-10,438.0072937011719,96.33232879638672,18.403417587280273,168.25999450683594
2022-01-11,441.9967346191406,96.51235961914062,18.760173797607422,170.2899932861328
2022-01-12,443.19171142578125,96.51235961914062,18.908098220825195,170.74000549316406
2022-01-13,437.0851135253906,96.68377685546875,18.70796775817871,170.16000366210938
2022-01-14,437.263916015625,96.143798828125,18.95160484313965,169.6699981689453
2022-01-18,429.5201721191406,95.56092071533203,19.099529266357422,169.38999938964844
2022-01-19,425.0602111816406,95.7666244506836,19.20394515991211,172.0800018310547
2022-01-20,420.3555908203125,95.81806182861328,19.13433265686035,171.64999389648438
2022-01-21,412.103759765625,96.19522094726562,19.151737213134766,171.08999633789062
2022-01-24,413.85382080078125,96.08377838134766,19.10822868347168,172.02999877929688
2022-01-25,408.8011474609375,95.98951721191406,19.282257080078125,172.5800018310547
2022-01-26,407.77557373046875,95.44950103759766,19.325763702392578,169.7899932861328
2022-01-27,405.7619323730469,95.7666244506836,19.421476364135742,167.60000610351562
2022-01-28,415.8391418457031,95.8352279663086,19.438880920410156,167.10000610351562
2022-01-31,423.328857421875,95.8266372680664,19.508493423461914,168.08999633789062
2022-02-01,426.1893310546875,95.79316711425781,19.58680534362793,168.22999572753906
2022-02-02,430.3293151855469,95.89617919921875,19.665117263793945,168.83999633789062
2022-02-03,420.2144775390625,95.5098876953125,19.70862579345703,168.60000610351562
2022-02-04,422.19036865234375,94.90904235839844,19.865249633789062,168.86000061035156
2022-02-07,420.8354797363281,94.99488067626953,19.908754348754883,170.11000061035156
2022-02-08,424.298095703125,94.7030258178711,19.734729766845703,170.6300048828125
2022-02-09,430.5081481933594,94.76313781738281,19.934860229492188,171.2100067138672
2022-02-10,422.7737731933594,93.88760375976562,19.830446243286133,170.55999755859375
2022-02-11,414.43719482421875,94.50563049316406,20.126291275024414,173.80999755859375
2022-02-14,413.0823669433594,93.9562759399414,20.2307071685791,174.74000549316406
2022-02-15,419.7440185546875,93.8017578125,19.900056838989258,173.0800018310547
2022-02-16,420.2144775390625,93.91336059570312,19.926158905029297,174.86000061035156
2022-02-17,411.23809814453125,94.11077117919922,20.09148597717285,177.25
2022-02-18,408.5753173828125,94.30818939208984,20.1697998046875,177.1199951171875
2022-02-22,404.19061279296875,94.20519256591797,20.45694351196289,177.49000549316406
2022-02-23,397.0209655761719,93.78462219238281,20.648374557495117,178.2899932861328
2022-02-24,402.99560546875,93.9562759399414,20.735387802124023,177.13999938964844
2022-02-25,411.8872985839844,94.0506820678711,20.422136306762695,176.5500030517578
2022-02-28,410.8334655761719,94.72880554199219,20.77019500732422,178.3800048828125
2022-03-01,404.57635498046875,95.26258087158203,21.605525970458984,181.6199951171875
2022-03-02,412.0190734863281,94.11930084228516,22.31033706665039,179.72999572753906
2022-03-03,409.9678039550781,94.4373779296875,22.55397605895996,180.8000030517578
2022-03-04,406.63702392578125,94.81559753417969,23.502426147460938,183.67999267578125
2022-03-07,394.6496887207031,94.26545715332031,24.01580810546875,186.41000366210938
2022-03-08,391.6575622558594,93.93022918701172,24.424772262573242,191.50999450683594
2022-03-09,402.1581726074219,93.73252868652344,22.484365463256836,185.82000732421875
2022-03-10,400.3422546386719,93.20818328857422,22.214624404907227,186.39999389648438
2022-03-11,395.2518615722656,93.19094848632812,22.59748077392578,185.08999633789062
2022-03-14,392.36328125,92.28836059570312,21.93617820739746,182.3000030517578
2022-03-15,400.9914245605469,92.4946517944336,21.396692276000977,178.88999938964844
2022-03-16,409.8832092285156,92.56343841552734,21.21396255493164,180.00999450683594
2022-03-17,415.0111999511719,92.71812438964844,22.232023239135742,180.88999938964844
2022-03-18,419.5567626953125,92.92445373535156,22.336442947387695,179.3000030517578
2022-03-21,419.4339904785156,92.01327514648438,23.17177391052246,180.6699981689453
2022-03-22,424.3419494628906,91.76398468017578,23.119565963745117,179.36000061035156
2022-03-23,418.8771057128906,92.14222717285156,23.693857192993164,181.80999755859375
2022-03-24,425.1914367675781,91.93590545654297,23.458919525146484,183.1300048828125
2022-03-25,427.2679748535156,91.20523834228516,23.632946014404297,182.3800048828125
2022-03-28,430.30712890625,91.42874145507812,22.606185913085938,179.05999755859375
2022-03-29,435.63031005859375,91.85855865478516,22.69319725036621,179.13999938964844
2022-03-30,432.94049072265625,92.10783386230469,23.102163314819336,180.5800018310547
2022-03-31,426.27691650390625,92.06486511230469,22.67579460144043,180.64999389648438
2022-04-01,427.4850158691406,91.90126037597656,22.823719024658203,179.5
2022-04-04,431.14715576171875,91.978759765625,23.258787155151367,180.3699951171875
2022-04-05,425.70111083984375,91.04896545410156,23.067358016967773,179.24000549316406
2022-04-06,421.44439697265625,90.81653594970703,22.884628295898438,179.66000366210938
2022-04-07,423.5679931640625,90.6185531616211,22.962940216064453,180.33999633789062
2022-04-08,422.4353942871094,90.16224670410156,23.25008773803711,181.47000122070312
2022-04-11,415.2150573730469,89.77483367919922,23.058656692504883,182.3699951171875
2022-04-12,413.67657470703125,90.0589370727539,23.74606704711914,183.77000427246094
2022-04-13,418.4146728515625,90.23973846435547,24.268146514892578,184.64999389648438
2022-04-14,413.2046813964844,89.50798797607422,24.450876235961914,184.0399932861328
2022-04-18,413.3745422363281,89.23248291015625,24.729320526123047,184.61000061035156
2022-04-19,420.0474853515625,88.69013214111328,24.0941219329834,181.82000732421875
2022-04-20,419.7360534667969,89.19805145263672,24.120222091674805,182.7100067138672
2022-04-21,413.4595031738281,88.70732116699219,24.085418701171875,182.05999755859375
2022-04-22,402.1145935058594,88.62122344970703,23.62424659729004,180.2899932861328
2022-04-25,404.4458312988281,89.21524047851562,23.450218200683594,177.0500030517578
2022-04-26,392.7327575683594,89.49076080322266,23.77216911315918,177.32000732421875
2022-04-27,393.8369445800781,89.12918090820312,23.9374942779541,175.97999572753906
2022-04-28,403.78515625,89.0947494506836,24.13762664794922,176.92999267578125
2022-04-29,388.863037109375,88.56098937988281,23.954898834228516,176.91000366210938
2022-05-02,391.2037353515625,88.078857421875,24.320358276367188,173.6300048828125
2022-05-03,392.9969177246094,88.27725219726562,23.981002807617188,174.08999633789062
2022-05-04,404.96490478515625,88.84646606445312,24.729320526123047,175.8000030517578
2022-05-05,390.5712890625,87.96676635742188,24.598800659179688,175.1300048828125
2022-05-06,388.24005126953125,87.59593200683594,24.62490463256836,175.4199981689453
2022-05-09,375.8096008300781,88.02714538574219,23.511127471923828,172.8800048828125
2022-05-10,376.67791748046875,88.29449462890625,23.371906280517578,171.4199981689453
2022-05-11,370.6940612792969,88.62223815917969,23.946197509765625,172.82000732421875
2022-05-12,370.3070068359375,88.78606414794922,24.059314727783203,170.1699981689453
2022-05-13,379.1603088378906,88.40663146972656,24.389968872070312,168.7899932861328
2022-05-16,377.621826171875,88.6050033569336,24.79022979736328,170.39999389648438
2022-05-17,385.3896484375,88.12202453613281,24.520488739013672,169.3300018310547
2022-05-18,369.8539733886719,88.47559356689453,23.989702224731445,169.4199981689453
2022-05-19,367.58880615234375,88.69983673095703,24.294252395629883,171.91000366210938
2022-05-20,367.7492370605469,88.96717071533203,24.329057693481445,172.02999877929688
2022-05-23,374.62982177734375,88.6739730834961,24.51178741455078,172.8300018310547
2022-05-24,371.76995849609375,89.35527801513672,24.494382858276367,174.1300048828125
2022-05-25,375.0545349121094,89.72608947753906,24.668413162231445,173.0800018310547
2022-05-26,382.5486755371094,89.65711975097656,24.938154220581055,172.75999450683594
2022-05-27,391.9399108886719,89.8037338256836,25.2340030670166,172.85000610351562
2022-05-31,389.74072265625,89.2345199584961,25.059972763061523,171.13999938964844
2022-06-01,386.5882568359375,88.86822509765625,25.181793212890625,172.22999572753906
2022-06-02,393.9503479003906,88.98052978515625,25.756084442138672,174.35000610351562
2022-06-03,387.4849853515625,88.8336410522461,25.99972152709961,172.5800018310547
2022-06-06,388.664794921875,88.28936004638672,26.112838745117188,171.82000732421875
2022-06-07,392.3929443359375,88.62629699707031,26.286869049072266,172.94000244140625
2022-06-08,388.1268005371094,88.26344299316406,26.521804809570312,172.77999877929688
2022-06-09,378.8960266113281,88.16840362548828,26.5653133392334,172.22999572753906
2022-06-10,367.90966796875,87.48584747314453,26.304269790649414,174.5399932861328
2022-06-13,353.9407958984375,86.0516357421875,26.008424758911133,169.92999267578125
2022-06-14,352.87432861328125,85.5418930053711,25.721281051635742,168.57000732421875
2022-06-15,357.90496826171875,86.4922866821289,25.73868179321289,170.77000427246094
2022-06-16,346.0597229003906,86.69964599609375,25.85179901123047,172.69000244140625
2022-06-17,346.8056945800781,86.69102478027344,24.929452896118164,171.27000427246094
2022-06-21,355.53607177734375,86.34542846679688,24.86854362487793,170.6300048828125
2022-06-22,354.8914794921875,87.07980346679688,24.424772262573242,171.30999755859375
2022-06-23,358.3703308105469,87.4426498413086,23.8765869140625,170.25999450683594
2022-06-24,369.76434326171875,87.30442810058594,24.10282325744629,170.08999633789062
2022-06-27,368.35198974609375,86.91561889648438,24.05061149597168,169.89999389648438
2022-06-28,360.825439453125,86.95018768310547,24.337757110595703,169.6199951171875
2022-06-29,360.5316162109375,87.45126342773438,23.92009162902832,169.49000549316406
2022-06-30,357.6025695800781,87.8487319946289,23.18047332763672,168.4600067138672
2022-07-01,361.384765625,88.58097076416016,23.29359245300293,168.32000732421875
2022-07-05,362.0672607421875,88.74542999267578,21.727344512939453,164.75
2022-07-06,363.2900390625,88.1482162475586,21.405393600463867,162.13999938964844
2022-07-07,368.731201171875,87.94915771484375,22.29293441772461,162.22999572753906
2022-07-08,368.4278259277344,87.62019348144531,22.68449592590332,162.3000030517578
2022-07-11,364.2190246582031,88.02700805664062,22.640993118286133,161.42999267578125
2022-07-12,360.99603271484375,88.1482162475586,21.614225387573242,160.8300018310547
2022-07-13,359.1002197265625,88.46846008300781,21.736045837402344,161.60000610351562
2022-07-14,358.2281799316406,88.15687561035156,21.53591537475586,159.3300018310547
2022-07-15,365.0721130371094,88.50310516357422,21.814359664916992,159.00999450683594
2022-07-18,362.0577697753906,88.21746063232422,22.223323822021484,159.16000366210938
2022-07-19,371.8402404785156,88.09627532958984,22.31033706665039,159.5399932861328
2022-07-20,374.21014404296875,88.03569030761719,22.29293441772461,158.0399932861328
2022-07-21,378.0207214355469,88.77140808105469,21.91877555847168,160.27000427246094
2022-07-22,374.5134582519531,89.46382904052734,21.65773582458496,160.6699981689453
2022-07-25,374.9684753417969,89.13494873046875,22.04929542541504,160.22999572753906
2022-07-26,370.5321960449219,89.11762237548828,22.092802047729492,160.0399932861328
2022-07-27,380.1535339355469,89.42922973632812,22.59748077392578,161.6699981689453
2022-07-28,384.921630859375,90.06973266601562,22.614885330200195,163.63999938964844
2022-07-29,390.5333251953125,90.07838439941406,22.719301223754883,164.10000610351562
2022-08-01,389.3768005371094,90.39060974121094,22.258127212524414,165.02999877929688
2022-08-02,386.80792236328125,89.46266174316406,22.1450138092041,164.0500030517578
2022-08-03,392.8651123046875,89.861572265625,21.95357894897461,164.4499969482422
2022-08-04,392.5997619628906,90.0783920288086,21.718645095825195,167.1699981689453
2022-08-05,391.9361877441406,89.07241821289062,21.64033317565918,165.2899932861328
2022-08-08,391.48126220703125,89.47998809814453,21.90137481689453,166.69000244140625
2022-08-09,389.9266052246094,89.2805404663086,22.0841007232666,167.1999969482422
2022-08-10,398.11663818359375,89.50601959228516,22.388648986816406,166.77999877929688
2022-08-11,398.11663818359375,89.02904510498047,22.823719024658203,166.33999633789062
2022-08-12,404.8563537597656,89.4279556274414,22.701900482177734,167.8699951171875
2022-08-15,406.5246276855469,89.54069519042969,22.4234561920166,165.7100067138672
2022-08-16,407.3209533691406,89.41063690185547,22.171113967895508,165.4199981689453
2022-08-17,404.4296875,88.88164520263672,22.258127212524414,164.35000610351562
2022-08-18,405.6051940917969,89.07241821289062,22.59748077392578,163.9199981689453
2022-08-19,400.1546630859375,88.44801330566406,22.58877944946289,162.72000122070312
2022-08-22,391.82244873046875,88.06645202636719,22.78891372680664,161.63999938964844
2022-08-23,390.8745422363281,88.03173065185547,23.16307258605957,162.77000427246094
2022-08-24,392.1257629394531,87.79756927490234,23.40671157836914,163.25
2022-08-25,397.66168212890625,88.28324127197266,23.076059341430664,163.75
2022-08-26,384.2012023925781,88.11846160888672,23.17177391052246,161.75999450683594
2022-08-29,381.6607971191406,87.69354248046875,23.511127471923828,161.86000061035156
2022-08-30,377.4709167480469,87.80628204345703,22.858524322509766,160.50999450683594
2022-08-31,374.5987243652344,87.33795928955078,22.379947662353516,159.27000427246094
2022-09-01,375.774169921875,86.95907592773438,21.90137481689453,157.8699951171875
2022-09-02,371.8117980957031,87.21112060546875,22.04929542541504,159.25999450683594
2022-09-06,370.4089660644531,86.39427947998047,21.91877555847168,158.3300018310547
2022-09-07,377.0633239746094,86.99385070800781,21.396692276000977,159.94000244140625
2022-09-08,379.5279235839844,86.71577453613281,21.483705520629883,158.97999572753906
2022-09-09,385.42401123046875,86.70706939697266,22.092802047729492,159.82000732421875
2022-09-12,389.5663757324219,86.57674407958984,22.39735221862793,160.6300048828125
2022-09-13,372.6271057128906,86.09010314941406,22.28423500061035,158.5399932861328
2022-09-14,374.0489807128906,86.20306396484375,22.379947662353516,157.92999267578125
2022-09-15,369.80230712890625,85.94239807128906,21.727344512939453,154.97999572753906
2022-09-16,366.9810791015625,85.88156127929688,21.649030685424805,155.83999633789062
2022-09-19,369.8269958496094,85.75120544433594,21.718645095825195,155.9600067138672
2022-09-20,365.5819091796875,85.36885833740234,21.69253921508789,155.07000732421875
2022-09-21,359.204833984375,85.63822174072266,21.56201934814453,155.7899932861328
2022-09-22,356.1875305175781,84.72579956054688,21.622928619384766,155.6999969482422
2022-09-23,350.21966552734375,84.46510314941406,20.892013549804688,153.00999450683594
2022-09-26,346.7550964355469,83.37889862060547,20.404735565185547,151.22999572753906
2022-09-27,345.86993408203125,83.0226058959961,20.622270584106445,151.5399932861328
2022-09-28,352.67529296875,84.36083221435547,21.19655990600586,154.69000244140625
2022-09-29,345.3083190917969,83.91764831542969,21.066038131713867,154.66000366210938
2022-09-30,339.9685974121094,83.7177963256836,20.80500030517578,154.6699981689453
2022-10-03,348.9442138671875,84.39793395996094,21.274873733520508,158.42999267578125
2022-10-04,359.75677490234375,84.62437438964844,21.849166870117188,160.6999969482422
2022-10-05,358.919189453125,84.18023681640625,22.240726470947266,159.80999755859375
2022-10-06,355.2166748046875,83.84929656982422,22.379947662353516,159.6300048828125
2022-10-07,345.3083190917969,83.40515899658203,22.614885330200195,157.8800048828125
2022-10-10,342.6717529296875,83.03064727783203,22.362546920776367,155.47999572753906
2022-10-11,340.50164794921875,83.0829086303711,22.04059410095215,155.16000366210938
2022-10-12,339.3784484863281,83.15257263183594,22.04059410095215,155.99000549316406
2022-10-13,348.3350524902344,82.89129638671875,22.345144271850586,154.91000366210938
2022-10-14,340.39697265625,82.4384536743164,21.90137481689453,152.97999572753906
2022-10-17,349.1441345214844,82.6126480102539,21.849166870117188,153.4199981689453
2022-10-18,353.2464294433594,82.75193786621094,21.614225387573242,153.75
2022-10-19,350.7431640625,82.03782653808594,21.605525970458984,151.69000244140625
2022-10-20,347.8021240234375,81.54141998291016,21.622928619384766,151.4499969482422
2022-10-21,356.254150390625,81.66336059570312,21.649030685424805,154.14999389648438
2022-10-24,360.61346435546875,81.55012512207031,21.709941864013672,153.64999389648438
2022-10-25,366.37188720703125,82.35135650634766,21.831762313842773,154.0
2022-10-26,363.61163330078125,82.71712493896484,22.240726470947266,154.97999572753906
2022-10-27,361.6700134277344,83.13516235351562,22.275531768798828,154.74000549316406
2022-10-28,370.2743225097656,82.9261245727539,22.014490127563477,153.16000366210938
2022-10-31,367.5997314453125,82.64746856689453,21.857866287231445,151.91000366210938
2022-11-01,365.9911804199219,82.80110168457031,22.188518524169922,153.4600067138672
2022-11-02,356.80621337890625,82.66141510009766,22.388648986816406,152.38999938964844
2022-11-03,353.1322021484375,82.3559341430664,22.371244430541992,151.80999755859375
2022-11-04,358.21490478515625,82.3471908569336,23.128267288208008,156.47000122070312
2022-11-07,361.64141845703125,82.0853500366211,22.92813491821289,155.85000610351562
2022-11-08,363.5926513671875,82.4344711303711,22.649690628051758,159.4499969482422
2022-11-09,356.10186767578125,82.53050231933594,22.127609252929688,158.64999389648438
2022-11-10,375.6711120605469,84.30244445800781,22.327741622924805,163.47999572753906
2022-11-11,379.30706787109375,84.24134826660156,22.754108428955078,164.55999755859375
2022-11-14,376.0804138183594,84.00564575195312,22.41475486755371,164.9199981689453
2022-11-15,379.28802490234375,84.62539672851562,22.67579460144043,165.5
2022-11-16,376.39453125,85.14912414550781,22.4234561920166,165.1199951171875
2022-11-17,375.2428283691406,84.79124450683594,22.04929542541504,163.9199981689453
2022-11-18,376.94659423828125,84.6690673828125,21.892669677734375,162.7899932861328
2022-11-21,375.5759582519531,84.61665344238281,21.814359664916992,161.8800048828125
2022-11-22,380.6300964355469,85.05310821533203,22.04059410095215,162.07000732421875
2022-11-23,383.0286865234375,85.55939483642578,21.736045837402344,163.0800018310547
2022-11-25,382.9429626464844,85.57685089111328,21.54461669921875,163.22000122070312
2022-11-28,376.832275390625,85.43716430664062,21.41409683227539,161.92999267578125
2022-11-29,376.18511962890625,85.13165283203125,21.69253921508789,162.72999572753906
2022-11-30,388.0351867675781,85.79505920410156,22.17981719970703,164.80999755859375
2022-12-01,387.7496337890625,86.50895690917969,22.066699981689453,167.83999633789062
2022-12-02,387.30230712890625,86.8676528930664,21.831762313842773,167.25999450683594
2022-12-05,380.3349914550781,86.18524932861328,21.266172409057617,164.38999938964844
2022-12-06,374.8525695800781,86.4389877319336,20.92681884765625,164.83999633789062
2022-12-07,374.2148742675781,87.2088851928711,20.822399139404297,166.3300018310547
2022-12-08,377.14654541015625,86.94640350341797,20.787595748901367,166.47000122070312
2022-12-09,374.3291015625,86.43021392822266,20.813701629638672,167.05999755859375
2022-12-12,379.72589111328125,86.44773864746094,21.039936065673828,165.67999267578125
2022-12-13,382.600341796875,87.0251693725586,21.387990951538086,168.50999450683594
2022-12-14,380.1542053222656,87.21761322021484,21.55331802368164,168.10000610351562
2022-12-15,370.85498046875,87.34563446044922,21.29227638244629,165.35000610351562
2022-12-16,366.4765930175781,87.1176528930664,21.022533416748047,166.7899932861328
2022-12-19,363.3690185546875,86.58274841308594,20.983139038085938,166.32000732421875
2022-12-20,363.8662109375,85.99525451660156,21.079435348510742,169.0800018310547
2022-12-21,369.3069152832031,86.23199462890625,21.350805282592773,168.8000030517578
2022-12-22,364.0383605957031,86.2057113647461,21.079435348510742,166.75999450683594
2022-12-23,366.13232421875,85.90757751464844,21.4646053314209,167.25999450683594
2022-12-27,364.6886291503906,85.28496551513672,21.657190322875977,168.6699981689453
2022-12-28,360.15625,85.13589477539062,21.412080764770508,167.91000366210938
2022-12-29,366.6391906738281,85.45159149169922,21.385820388793945,168.85000610351562
2022-12-30,365.6734313964844,85.0482177734375,21.578407287597656,169.63999938964844
2023-01-03,364.1340026855469,85.54804992675781,21.061925888061523,171.05999755859375
2023-01-04,366.9451599121094,86.02157592773438,20.68550682067871,172.6699981689453
2023-01-05,362.75701904296875,85.95140838623047,20.580461502075195,170.52000427246094
2023-01-06,371.07586669921875,86.88966369628906,20.69426155090332,173.7100067138672
2023-01-09,370.865478515625,87.10890197753906,20.93937110900879,174.10000610351562
2023-01-10,373.46630859375,86.77567291259766,20.93937110900879,174.74000549316406
2023-01-11,378.18988037109375,87.31055450439453,21.31578826904297,174.6199951171875
2023-01-12,379.5667419433594,87.94190216064453,21.490867614746094,176.63999938964844
2023-01-13,381.0393371582031,87.61748504638672,21.700963973999023,178.75999450683594
2023-01-17,380.34130859375,87.45964050292969,21.84977912902832,177.58999633789062
2023-01-18,374.3364562988281,88.32776641845703,21.61342430114746,177.0800018310547
2023-01-19,371.6112976074219,88.12604522705078,21.832271575927734,179.88999938964844
2023-01-20,378.5340576171875,87.76654052734375,21.963579177856445,179.2899932861328
2023-01-23,383.075927734375,87.54728698730469,22.016101837158203,179.6300048828125
2023-01-24,382.6648254394531,87.93316650390625,21.8935489654541,180.27999877929688
2023-01-25,382.8082275390625,88.03838348388672,21.832271575927734,181.11000061035156
2023-01-26,387.015380859375,87.88929748535156,21.928564071655273,179.47000122070312
2023-01-27,387.9046630859375,87.75778198242188,21.683454513549805,179.22000122070312
2023-01-30,383.0376892089844,87.52101135253906,21.403329849243164,178.75999450683594
2023-01-31,388.66961669921875,87.88054656982422,21.770994186401367,179.41000366210938
2023-02-01,392.80035400390625,88.500244140625,21.359560012817383,181.6699981689453
2023-02-02,398.5183410644531,88.59696197509766,21.201988220214844,177.89999389648438
2023-02-03,394.282470703125,87.74430847167969,20.667999267578125,173.4600067138672
2023-02-06,391.87286376953125,87.26084899902344,20.729278564453125,173.82000732421875
2023-02-07,396.99798583984375,87.11141204833984,21.12320327758789,173.97999572753906
2023-02-08,392.6568908691406,87.23442840576172,21.16697120666504,174.41000366210938
2023-02-09,389.2528991699219,86.89163970947266,21.000648498535156,173.02999877929688
2023-02-10,390.16131591796875,86.51364135742188,21.298280715942383,173.36000061035156
2023-02-13,394.7414245605469,86.7773666381836,21.254512786865234,172.47999572753906
2023-02-14,394.5597229003906,86.46969604492188,21.324542999267578,172.61000061035156
2023-02-15,395.8410339355469,86.30267333984375,21.096940994262695,170.88999938964844
2023-02-16,390.3908386230469,85.9422836303711,21.035663604736328,170.75
2023-02-17,389.4154357910156,86.14445495605469,20.878093719482422,171.25999450683594
2023-02-21,381.6033935546875,85.33575439453125,20.904354095458984,170.6199951171875
2023-02-22,381.0776062011719,85.5643081665039,20.632984161376953,169.66000366210938
2023-02-23,383.1046447753906,85.8719482421875,20.79055404663086,169.57000732421875
2023-02-24,379.0121765136719,85.37969970703125,20.720523834228516,168.35000610351562
2023-02-27,380.3030700683594,85.54672241210938,20.73802947998047,169.00999450683594
2023-02-28,378.89752197265625,85.53793334960938,20.79930877685547,169.77999877929688
2023-03-01,377.444091796875,85.04798889160156,21.158218383789062,170.75999450683594
2023-03-02,380.3794860839844,84.87179565429688,21.079435348510742,170.66000366210938
2023-03-03,386.47998046875,85.54145812988281,21.412080764770508,172.49000549316406
2023-03-06,386.7477722167969,85.32999420166016,21.307035446166992,171.6199951171875
2023-03-07,380.81939697265625,85.2154541015625,20.869340896606445,168.6199951171875
2023-03-08,381.44091796875,85.12732696533203,20.755537033081055,168.5399932861328
2023-03-09,374.40338134765625,85.43573760986328,20.501676559448242,170.1999969482422
2023-03-10,369.0009460449219,86.4314193725586,20.720523834228516,173.8699951171875
2023-03-13,368.4750061035156,87.11871337890625,20.589214324951172,177.86000061035156
2023-03-14,374.5659484863281,86.60765075683594,20.326595306396484,176.8300018310547
2023-03-15,372.2232971191406,87.47117614746094,19.853885650634766,178.2100067138672
2023-03-16,378.75396728515625,87.12749481201172,19.915163040161133,178.57000732421875
2023-03-17,374.3253479003906,87.67382049560547,19.853885650634766,183.77000427246094
2023-03-20,377.92474365234375,87.3213882446289,19.93267059326172,183.83999633789062
2023-03-21,382.8870544433594,87.05701446533203,20.002702713012695,180.3699951171875
2023-03-22,376.36016845703125,87.89410400390625,20.055225372314453,183.44000244140625
2023-03-23,377.37762451171875,88.10559844970703,20.002702713012695,185.74000549316406
2023-03-24,379.85400390625,88.25538635253906,20.0989933013916,183.64999389648438
2023-03-27,380.5642395019531,87.30374908447266,20.475412368774414,181.9499969482422
2023-03-28,379.7099914550781,87.17158508300781,20.571706771850586,183.44000244140625
2023-03-29,385.2290344238281,87.27731323242188,20.440399169921875,182.52999877929688
2023-03-30,387.4846496582031,87.37423706054688,20.589214324951172,184.17999267578125
2023-03-31,392.9461669921875,87.79720306396484,20.781801223754883,183.22000122070312
2023-04-03,394.4434509277344,88.1788101196289,21.12320327758789,184.5399932861328
2023-04-04,392.255126953125,88.50566864013672,21.096940994262695,187.97999572753906
2023-04-05,391.22802734375,88.80602264404297,21.17572784423828,187.8300018310547
2023-04-06,392.7541198730469,88.72648620605469,21.114450454711914,186.49000549316406
2023-04-10,393.1572570800781,88.1169662475586,21.114450454711914,185.11000061035156
2023-04-11,393.2628479003906,88.16996765136719,21.228248596191406,186.27999877929688
2023-04-12,391.659912109375,88.27597045898438,21.394575119018555,187.19000244140625
2023-04-13,396.8622131347656,88.24064636230469,21.394575119018555,189.72000122070312
2023-04-14,395.892822265625,87.80778503417969,21.42083740234375,186.36000061035156
2023-04-17,397.3133239746094,87.36610412597656,21.333297729492188,185.52999877929688
2023-04-18,397.572509765625,87.48975372314453,21.377065658569336,186.25
2023-04-19,397.5054016113281,87.35725402832031,21.079435348510742,185.36000061035156
2023-04-20,395.33612060546875,87.75479888916016,20.89560317993164,186.08999633789062
2023-04-21,395.6432800292969,87.60460662841797,20.851831436157227,184.25
2023-04-24,396.05596923828125,87.94914245605469,21.018156051635742,184.80999755859375
2023-04-25,389.76904296875,88.49683380126953,20.720523834228516,185.75
2023-04-26,388.1181945800781,88.16996765136719,20.40538215637207,184.74000549316406
2023-04-27,395.8448486328125,87.85195922851562,20.431644439697266,184.75
2023-04-28,399.223388671875,88.30250549316406,20.624229431152344,184.8000030517578
2023-05-01,398.8202819824219,87.3982925415039,20.44915199279785,183.97000122070312
2023-05-02,394.3379211425781,88.24846649169922,19.985193252563477,187.52000427246094
2023-05-03,391.6311340332031,88.63812255859375,19.731332778930664,189.11000061035156
2023-05-04,388.857177734375,88.53186798095703,19.810115814208984,190.44000244140625
2023-05-05,396.05596923828125,88.24846649169922,20.25656509399414,187.4600067138672
2023-05-08,396.1615295410156,87.76139831542969,20.352859497070312,187.69000244140625
2023-05-09,394.4242248535156,87.68170166015625,20.414134979248047,189.02000427246094
2023-05-10,396.26715087890625,88.24846649169922,20.352859497070312,188.75
2023-05-11,395.5760498046875,88.51414489746094,20.002702713012695,187.1300048828125
2023-05-12,395.0577392578125,88.01818084716797,19.845130920410156,186.80999755859375
2023-05-15,396.42071533203125,87.79681396484375,20.072734832763672,187.2100067138672
2023-05-16,393.7715148925781,87.59312438964844,19.853885650634766,184.8699951171875
2023-05-17,398.55157470703125,87.46028900146484,20.090242385864258,184.22999572753906
2023-05-18,402.390869140625,87.05292510986328,19.906408309936523,181.83999633789062
2023-05-19,401.8053894042969,86.85810852050781,19.88014793395996,183.63999938964844
2023-05-22,401.9685974121094,86.77835845947266,19.897653579711914,183.2100067138672
2023-05-23,397.4573059082031,86.87579345703125,19.9764404296875,183.42999267578125
2023-05-24,394.57781982421875,86.6543960571289,19.985193252563477,181.9499969482422
2023-05-25,397.99481201171875,86.33558654785156,19.670053482055664,180.1999969482422
2023-05-26,403.149169921875,86.40643310546875,19.985193252563477,180.9199981689453
2023-05-30,403.3027038574219,86.98209381103516,19.521236419677734,182.0399932861328
2023-05-31,401.0662536621094,87.29203033447266,19.30238914489746,182.32000732421875
2023-06-01,404.8768615722656,87.556640625,19.617528915405273,183.75999450683594
2023-06-02,410.73187255859375,87.09490203857422,19.87139320373535,181.0500030517578
2023-06-05,409.9447937011719,87.08604431152344,19.81886863708496,182.13999938964844
2023-06-06,410.83740234375,87.19258117675781,19.845130920410156,182.33999633789062
2023-06-07,409.41680908203125,86.73085021972656,19.923917770385742,180.14999389648438
2023-06-08,411.8931884765625,87.19258117675781,19.95893096923828,182.52999877929688
2023-06-09,412.6322326660156,86.98837280273438,19.836376190185547,182.0399932861328
2023-06-12,416.3756408691406,87.13934326171875,19.565006256103516,181.8800048828125
2023-06-13,419.12078857421875,86.73085021972656,19.82762336730957,180.5399932861328
2023-06-14,419.61981201171875,86.8107681274414,19.87139320373535,180.63999938964844
2023-06-15,424.82220458984375,87.41455078125,20.291582107543945,181.91000366210938
2023-06-16,423.3751220703125,87.13934326171875,20.54544448852539,181.6300048828125
2023-06-20,421.17852783203125,87.29911804199219,20.36161231994629,179.75
2023-06-21,419.0205993652344,87.44120788574219,20.65924644470215,179.49000549316406
2023-06-22,420.5331115722656,86.98837280273438,20.274072647094727,177.7100067138672
2023-06-23,417.35394287109375,87.24583435058594,20.055225372314453,178.1999969482422
2023-06-26,415.648681640625,87.35238647460938,20.08148765563965,178.50999450683594
2023-06-27,420.20556640625,87.18370056152344,19.757591247558594,177.69000244140625
2023-06-28,420.4175720214844,87.44120788574219,19.69631576538086,177.27999877929688
2023-06-29,422.0744934082031,86.76642608642578,19.705068588256836,177.08999633789062
2023-06-30,427.0553283691406,86.97061157226562,19.87139320373535,178.27000427246094
2023-07-03,427.54669189453125,86.86822509765625,19.87139320373535,178.47000122070312
2023-07-05,426.9108581542969,86.47651672363281,19.993947982788086,177.83999633789062
2023-07-06,423.56781005859375,85.9156723022461,19.950180053710938,177.30999755859375
2023-07-07,422.49847412109375,85.9334945678711,20.116500854492188,178.63999938964844
2023-07-10,423.56781005859375,86.17383575439453,20.160274505615234,178.77999877929688
2023-07-11,426.2652587890625,86.36080932617188,20.396625518798828,179.4499969482422
2023-07-12,429.69500732421875,87.06409454345703,20.54544448852539,181.8800048828125
2023-07-13,433.10552978515625,87.60712432861328,20.83432388305664,182.00999450683594
2023-07-14,432.8357238769531,87.188720703125,20.69426155090332,181.42999267578125
2023-07-17,434.338623046875,87.28665161132812,20.527936935424805,181.55999755859375
2023-07-18,437.5660095214844,87.35787200927734,20.79930877685547,183.63999938964844
2023-07-19,438.5390319824219,87.62489318847656,20.913108825683594,183.6699981689453
2023-07-20,435.6295471191406,87.17091369628906,20.97438621520996,182.74000549316406
2023-07-21,435.6295471191406,87.23319244384766,21.08818817138672,182.17999267578125
2023-07-24,437.5757141113281,87.0729751586914,21.4646053314209,181.39999389648438
2023-07-25,438.7702941894531,86.9750747680664,21.543392181396484,182.41000366210938
2023-07-26,438.83770751953125,87.25991821289062,21.438344955444336,183.3000030517578
2023-07-27,435.9281921386719,86.51212310791016,21.385820388793945,180.4199981689453
2023-07-28,440.19610595703125,86.85043334960938,21.51712989807129,181.86000061035156
2023-07-31,441.03424072265625,86.95723724365234,21.60466957092285,182.35000610351562
2023-08-01,439.77215576171875,86.38148498535156,21.490867614746094,180.4600067138672
2023-08-02,433.6546325683594,86.1761703491211,21.16697120666504,179.60000610351562
2023-08-03,432.41180419921875,85.59596252441406,21.36831283569336,179.5399932861328
2023-08-04,430.4561462402344,86.30113983154297,21.403329849243164,180.19000244140625
2023-08-07,434.2133483886719,86.31900787353516,21.412080764770508,179.77999877929688
2023-08-08,432.3251037597656,86.52430725097656,21.385820388793945,178.63999938964844
2023-08-09,429.4349060058594,86.5868148803711,21.534637451171875,177.7899932861328
2023-08-10,429.5890808105469,86.02445220947266,21.42083740234375,177.60000610351562
2023-08-11,429.3385314941406,85.75663757324219,21.385820388793945,177.60000610351562
2023-08-14,431.7085266113281,85.69416809082031,21.280773162841797,177.05999755859375
2023-08-15,426.67962646484375,85.4620590209961,21.02691078186035,176.58999633789062
2023-08-16,423.548583984375,85.25674438476562,20.93937110900879,175.57000732421875
2023-08-17,420.3211669921875,85.16748809814453,20.99189567565918,175.3000030517578
2023-08-18,420.5235290527344,85.3549575805664,21.14071273803711,175.3300018310547
2023-08-21,423.259521484375,84.9264907836914,21.08818817138672,175.80999755859375
2023-08-22,422.11309814453125,85.01575469970703,21.096940994262695,176.10000610351562
2023-08-23,426.8144836425781,85.82806396484375,21.14071273803711,177.88999938964844
2023-08-24,420.89923095703125,85.63168334960938,21.158218383789062,177.85000610351562
2023-08-25,423.8664855957031,85.57810974121094,21.36831283569336,177.6199951171875
2023-08-28,426.5543518066406,85.76556396484375,21.333297729492188,178.1300048828125
2023-08-29,432.7201232910156,86.31900787353516,21.412080764770508,179.8699951171875
2023-08-30,434.5024108886719,86.28330993652344,21.438344955444336,180.32000732421875
2023-08-31,433.8666076660156,86.40827178955078,21.525882720947266,180.02000427246094
2023-09-01,434.6758117675781,85.96075439453125,21.779747009277344,180.11000061035156
2023-09-05,432.7972412109375,85.49531555175781,21.884794235229492,178.63999938964844
2023-09-06,429.8876953125,85.41477966308594,21.937314987182617,177.8300018310547
2023-09-07,428.56787109375,85.68328857421875,21.8935489654541,178.02000427246094
2023-09-08,429.21337890625,85.72804260253906,21.937314987182617,178.0800018310547
2023-09-11,432.03607177734375,85.62958526611328,22.068626403808594,178.41000366210938
2023-09-12,429.66619873046875,85.65642547607422,22.147409439086914,177.49000549316406
2023-09-13,430.1670837402344,85.78173828125,22.21744155883789,177.0800018310547
2023-09-14,433.8761901855469,85.66539001464844,22.401277542114258,177.1699981689453
2023-09-15,428.6487121582031,85.46846008300781,22.348752975463867,178.33999633789062
2023-09-18,428.90008544921875,85.5937728881836,22.34000015258789,179.38999938964844
2023-09-19,428.0105895996094,85.34315490722656,22.357505798339844,179.22000122070312
2023-09-20,424.0757751464844,85.29840850830078,22.173673629760742,179.35000610351562
2023-09-21,417.0664978027344,84.71662902832031,22.103641510009766,178.0500030517578
2023-09-22,416.1286926269531,85.07465362548828,22.12114906311035,178.6199951171875
2023-09-25,417.878662109375,84.4033432006836,22.016101837158203,177.6999969482422
2023-09-26,411.7394104003906,84.29595184326172,21.98984146118164,176.27999877929688
2023-09-27,411.90380859375,84.0005874633789,22.112396240234375,174.10000610351562
2023-09-28,414.2917785644531,84.25119018554688,22.086132049560547,173.22999572753906
2023-09-29,413.28631591796875,84.17064666748047,21.84977912902832,171.4499969482422
2023-10-02,413.1219177246094,83.58457946777344,21.683454513549805,169.64999389648438
2023-10-03,407.5918273925781,82.92938995361328,21.587160110473633,169.16000366210938
2023-10-04,410.5599670410156,83.51277923583984,20.983139038085938,169.13999938964844
2023-10-05,410.4052429199219,83.56663513183594,20.860586166381836,168.8300018310547
2023-10-06,415.2779235839844,83.24351501464844,20.93937110900879,169.6999969482422
2023-10-09,417.9366149902344,84.10514831542969,21.377065658569336,172.82000732421875
2023-10-10,420.1119079589844,84.02436828613281,21.324542999267578,172.52999877929688
2023-10-11,421.83282470703125,84.41027069091797,21.201988220214844,173.7899932861328
2023-10-12,419.2611389160156,83.68331146240234,21.193233489990234,173.25999450683594
2023-10-13,417.1728820800781,84.04229736328125,21.75348472595215,178.8300018310547
2023-10-16,421.5621337890625,83.57562255859375,21.683454513549805,177.9600067138672
2023-10-17,421.542724609375,82.97428894042969,21.744731903076172,178.2899932861328
2023-10-18,415.9256591796875,82.58834075927734,21.937314987182617,180.8699951171875
2023-10-19,412.2711486816406,82.27423095703125,22.164918899536133,183.08999633789062
2023-10-20,407.20513916015625,82.57040405273438,21.998594284057617,183.58999633789062
2023-10-23,406.4993591308594,82.89347839355469,21.858531951904297,182.97000122070312
2023-10-24,409.56414794921875,83.18968200683594,21.622177124023438,182.9499969482422
2023-10-25,403.68603515625,82.57040405273438,21.779747009277344,183.72000122070312
2023-10-26,398.8520202636719,83.12687683105469,21.59591293334961,184.00999450683594
2023-10-27,397.04412841796875,83.09992218017578,21.884794235229492,186.14999389648438
2023-10-30,401.7911071777344,82.90247344970703,21.534637451171875,185.10000610351562
2023-10-31,404.314453125,82.84861755371094,21.455852508544922,184.08999633789062
2023-11-01,408.6263122558594,83.76414489746094,21.490867614746094,183.50999450683594
2023-11-02,416.4573974609375,84.26823425292969,21.718469619750977,184.1199951171875
2023-11-03,420.2569274902344,84.7813720703125,21.60466957092285,184.7899932861328
2023-11-06,421.2236633300781,84.35828399658203,21.69220733642578,183.35000610351562
2023-11-07,422.4225158691406,84.80835723876953,21.228248596191406,182.58999633789062
2023-11-08,422.73187255859375,85.09642791748047,20.99189567565918,180.77000427246094
2023-11-09,419.4351501464844,84.3852767944336,20.93937110900879,181.49000549316406
2023-11-10,425.9803771972656,84.58331298828125,21.044418334960938,179.50999450683594
2023-11-13,425.57427978515625,84.57430267333984,21.350805282592773,180.50999450683594
2023-11-14,433.830810546875,85.63655853271484,21.31578826904297,182.1199951171875
2023-11-15,434.7491455078125,85.1054458618164,21.17572784423828,181.63999938964844
2023-11-16,435.2809753417969,85.57353973388672,20.667999267578125,183.69000244140625
2023-11-17,435.82232666015625,85.74459075927734,20.965633392333984,183.6699981689453
2023-11-20,439.1771545410156,85.8796157836914,21.228248596191406,183.3699951171875
2023-11-21,438.2200012207031,85.96964263916016,21.350805282592773,185.35000610351562
2023-11-22,439.911865234375,86.05065155029297,21.16697120666504,184.55999755859375
2023-11-24,440.1826171875,85.65455627441406,21.02691078186035,185.52000427246094
2023-11-27,439.38983154296875,86.14066314697266,20.8868465423584,186.77000427246094
2023-11-28,439.8248596191406,86.51876831054688,21.14071273803711,189.25999450683594
2023-11-29,439.5154113769531,86.94185638427734,21.289527893066406,189.5399932861328
2023-11-30,441.24609375,86.65381622314453,20.930618286132812,188.75
2023-12-01,443.8564453125,87.41571044921875,20.83432388305664,192.00999450683594
2023-12-04,441.5264892578125,87.08170318603516,20.69426155090332,187.86000061035156
2023-12-05,441.4394226074219,87.65948486328125,20.51042938232422,187.14999389648438
2023-12-06,439.6605224609375,87.88517761230469,20.011457443237305,187.83999633789062
2023-12-07,443.01531982421875,87.91226959228516,20.046470642089844,188.14999389648438
2023-12-08,444.919921875,87.46988677978516,20.134010314941406,185.63999938964844
2023-12-11,446.6504821777344,87.47892761230469,20.063980102539062,183.58999633789062
2023-12-12,448.6904296875,87.7407455444336,19.757591247558594,183.49000549316406
2023-12-13,454.8778381347656,88.84211730957031,19.985193252563477,187.6300048828125
2023-12-14,456.3377380371094,89.55916595458984,20.317842483520508,188.72999572753906
2023-12-15,455.5863952636719,89.35092163085938,20.352859497070312,187.0
2023-12-18,458.149169921875,89.16986083984375,20.498884201049805,187.85000610351562
2023-12-19,460.93499755859375,89.27851104736328,20.655014038085938,189.1300048828125
2023-12-20,454.54779052734375,89.60445404052734,20.416229248046875,188.10000610351562
2023-12-21,458.85772705078125,89.59538269042969,20.452964782714844,189.42999267578125
2023-12-22,459.7799377441406,89.47767639160156,20.416229248046875,190.27000427246094
2023-12-26,461.7213439941406,89.65876770019531,20.61827850341797,191.72000122070312
2023-12-27,462.55621337890625,90.22916412353516,20.526437759399414,192.58999633789062
2023-12-28,462.7309265136719,90.02996826171875,20.351940155029297,191.47000122070312
2023-12-29,461.3913269042969,89.85794067382812,20.241731643676758,191.1699981689453
2024-01-02,458.8092041015625,89.43241882324219,20.076417922973633,190.72000122070312
2024-01-03,455.062255859375,89.47767639160156,20.33357048034668,189.1300048828125
2024-01-04,453.596435546875,89.11551666259766,20.223363876342773,189.32000732421875
2024-01-05,454.2177734375,88.90730285644531,20.324386596679688,189.35000610351562
2024-01-08,460.70208740234375,89.2422866821289,20.03049659729004,187.8699951171875
2024-01-09,460.0032043457031,89.22416687011719,20.177440643310547,187.92999267578125
2024-01-10,462.6047058105469,89.05216979980469,20.03968048095703,187.5
2024-01-11,462.40087890625,89.55916595458984,20.186626434326172,187.8699951171875
2024-01-12,462.72119140625,89.7221450805664,20.260099411010742,189.7100067138672
2024-01-16,461.0224609375,89.05216979980469,20.085603713989258,187.91000366210938
2024-01-17,458.45977783203125,88.8077163696289,20.05805015563965,185.83999633789062
2024-01-18,462.5367736816406,88.72622680664062,20.186626434326172,187.3699951171875
2024-01-19,468.30279541015625,88.74433135986328,20.149890899658203,187.92999267578125
2024-01-22,469.29296875,88.90730285644531,20.232547760009766,187.22000122070312
2024-01-23,470.66162109375,88.69001007080078,20.342756271362305,187.9499969482422
2024-01-24,471.1761474609375,88.4908447265625,20.517253875732422,186.39999389648438
2024-01-25,473.73883056640625,88.88922119140625,20.673383712768555,187.13999938964844
2024-01-26,473.13702392578125,88.78962707519531,20.76522445678711,187.00999450683594
2024-01-29,476.8838806152344,89.14271545410156,20.59072494506836,188.3300018310547
2024-01-30,476.5151062011719,89.31471252441406,20.72848892211914,188.58999633789062
2024-01-31,468.7396240234375,89.7221450805664,20.50806999206543,188.4499969482422
2024-02-01,474.87457275390625,90.23338317871094,20.260099411010742,190.41000366210938
2024-02-02,479.8737487792969,89.40705108642578,20.03049659729004,188.61000061035156
2024-02-05,478.1264343261719,88.67150115966797,20.11315155029297,187.57000732421875
2024-02-06,479.51458740234375,89.13461303710938,20.186626434326172,188.5500030517578
2024-02-07,483.513916015625,88.9530029296875,20.278467178344727,188.5
2024-02-08,483.7275390625,88.68060302734375,20.3886775970459,188.3300018310547
2024-02-09,486.5232238769531,88.65335845947266,20.44378089904785,187.60000610351562
2024-02-12,486.3096618652344,88.67150115966797,20.452964782714844,187.11000061035156
2024-02-13,479.61163330078125,87.8542709350586,20.33357048034668,184.52999877929688
2024-02-14,483.9701843261719,88.2447280883789,20.140705108642578,184.4199981689453
2024-02-15,487.3094787597656,88.45361328125,20.186626434326172,185.66000366210938
2024-02-16,484.8826904296875,88.1720962524414,20.232547760009766,186.33999633789062
2024-02-20,482.21319580078125,88.2538070678711,20.122337341308594,187.47000122070312
2024-02-21,482.6499938964844,87.990478515625,20.204994201660156,187.47999572753906
2024-02-22,492.638671875,88.06311798095703,20.260099411010742,187.55999755859375
2024-02-23,492.97845458984375,88.39002990722656,19.96620750427246,188.6199951171875
2024-02-26,491.17291259765625,88.1993408203125,20.149890899658203,188.1999969482422
2024-02-27,492.0853576660156,88.08128356933594,20.306018829345703,188.0
2024-02-28,491.43499755859375,88.2538070678711,20.223363876342773,188.33999633789062
2024-02-29,493.2016906738281,88.39910888671875,20.195810317993164,189.30999755859375
2024-03-01,497.8320007324219,88.82350158691406,20.29683494567871,192.88999938964844
2024-03-04,497.29815673828125,88.60491943359375,20.36112403869629,196.00999450683594
2024-03-05,492.3280334472656,89.08760833740234,20.204994201660156,197.19000244140625
2024-03-06,494.8227844238281,89.2242202758789,20.37030792236328,198.80999755859375
2024-03-07,499.7345886230469,89.41549682617188,20.425413131713867,199.94000244140625
2024-03-08,496.7351379394531,89.4974594116211,20.36112403869629,201.6300048828125
2024-03-11,496.3080139160156,89.39725494384766,20.53562355041504,202.0
2024-03-12,501.64703369140625,89.16958618164062,20.48051643371582,199.7899932861328
2024-03-13,500.86065673828125,89.00567626953125,20.76522445678711,201.19000244140625
2024-03-14,499.8705139160156,88.44099426269531,20.829513549804688,200.35000610351562
2024-03-15,496.4381408691406,88.43189239501953,20.902986526489258,199.7100067138672
2024-03-18,499.3885192871094,88.34081268310547,21.095849990844727,200.02999877929688
2024-03-19,502.1636657714844,88.55937957763672,21.086666107177734,199.8000030517578
2024-03-20,506.8083801269531,88.74153900146484,21.03156280517578,202.17999267578125
2024-03-21,508.48321533203125,88.80530548095703,21.004011154174805,201.97000122070312
2024-03-22,507.51922607421875,89.08760833740234,20.857065200805664,200.35000610351562
2024-03-25,506.11700439453125,88.9236831665039,21.03156280517578,200.99000549316406
2024-03-26,505.1822509765625,89.01478576660156,20.866249084472656,201.63999938964844
2024-03-27,509.42767333984375,89.3061752319336,20.847881317138672,203.10000610351562
2024-03-28,509.3304138183594,89.19690704345703,21.095849990844727,205.72000122070312
2024-04-01,508.4442138671875,88.5483627319336,21.196876525878906,207.82000732421875
2024-04-02,505.21142578125,88.48441314697266,21.389741897583008,210.88999938964844
2024-04-03,505.7664489746094,88.53922271728516,21.646896362304688,212.74000549316406
2024-04-04,499.5930480957031,88.74934387207031,21.702001571655273,211.52000427246094
2024-04-05,504.8122253417969,88.31086730957031,21.812210083007812,215.13999938964844
2024-04-08,505.09454345703125,88.22867584228516,21.80302619934082,216.47999572753906
2024-04-09,505.6788024902344,88.53010559082031,21.68363380432129,217.6699981689453
2024-04-10,500.6154479980469,87.47052001953125,21.793842315673828,215.61000061035156
2024-04-11,504.3935241699219,87.48877716064453,21.757104873657227,219.8000030517578
2024-04-12,497.43133544921875,87.65320587158203,21.784656524658203,216.88999938964844
2024-04-15,491.199462890625,87.1234130859375,21.812210083007812,220.9499969482422
2024-04-16,490.3036193847656,86.87679290771484,21.77547264099121,221.22000122070312
2024-04-17,487.40185546875,87.27867889404297,21.43566131591797,219.58999633789062
2024-04-18,486.3989562988281,87.03205108642578,21.426477432250977,220.33999633789062
2024-04-19,482.1534729003906,87.1234130859375,21.527503967285156,221.02999877929688
2024-04-22,486.59375,87.17823028564453,21.527503967285156,215.57000732421875
2024-04-23,492.3678894042969,87.36087799072266,21.61934471130371,215.0399932861328
2024-04-24,492.13427734375,87.1325454711914,21.5917911529541,214.63999938964844
2024-04-25,490.2646484375,86.88591766357422,21.711183547973633,215.9199981689453
2024-04-26,494.9093933105469,87.07774353027344,21.72955322265625,216.6199951171875
2024-04-29,496.6620788574219,87.34260559082031,21.711183547973633,216.17999267578125
2024-04-30,488.7943420410156,86.98638916015625,21.43566131591797,211.8699951171875
2024-05-01,487.2071533203125,87.29335021972656,21.123403549194336,213.7899932861328
2024-05-02,491.7641906738281,87.68733215332031,21.196876525878906,213.1300048828125
2024-05-03,497.85980224609375,88.1363296508789,21.224430084228516,212.9600067138672
2024-05-06,503.0011291503906,88.20045471191406,21.463214874267578,215.1999969482422
2024-05-07,503.55609130859375,88.38372039794922,21.444847106933594,214.2100067138672
2024-05-08,503.6047668457031,88.20045471191406,21.334636688232422,213.5800018310547
2024-05-09,506.5064392089844,88.3653793334961,21.417293548583984,216.9499969482422
2024-05-10,507.1589050292969,88.18211364746094,21.38055992126465,218.7100067138672
2024-05-13,507.22698974609375,88.22793579101562,21.518320083618164,216.25999450683594
2024-05-14,509.5543212890625,88.46617126464844,21.426477432250977,218.08999633789062
2024-05-15,515.8641357421875,89.0525894165039,21.499950408935547,220.88999938964844
2024-05-16,514.8027954101562,88.95179748535156,21.5550537109375,220.02999877929688
2024-05-17,515.542724609375,88.6677474975586,21.77547264099121,223.66000366210938
2024-05-20,516.1367797851562,88.58529663085938,21.968339920043945,224.55999755859375
2024-05-21,517.4025268554688,88.75020599365234,21.876497268676758,224.22999572753906
2024-05-22,515.912841796875,88.6402587890625,21.564237594604492,220.11000061035156
2024-05-23,512.1444702148438,88.39286804199219,21.454030990600586,215.72000122070312
2024-05-24,515.5330810546875,88.49366760253906,21.600976943969727,215.9199981689453
2024-05-28,515.893310546875,88.08133697509766,21.986709594726562,218.19000244140625
2024-05-29,512.28076171875,87.74232482910156,21.757104873657227,216.16000366210938
2024-05-30,508.88238525390625,88.15463256835938,21.47239875793457,216.57000732421875
2024-05-31,513.5173950195312,88.43868255615234,21.371374130249023,215.3000030517578
2024-06-03,513.9360961914062,88.97362518310547,21.06829833984375,217.22000122070312
2024-06-04,514.5105590820312,89.29532623291016,20.857065200805664,215.27000427246094
2024-06-05,520.6256713867188,89.57107543945312,20.930538177490234,217.82000732421875
2024-06-06,520.6159057617188,89.59866333007812,21.2060604095459,219.42999267578125
2024-06-07,519.9830322265625,88.8082046508789,20.902986526489258,211.60000610351562
2024-06-10,521.589599609375,88.73464965820312,21.2060604095459,213.5399932861328
2024-06-11,522.8458251953125,89.03794860839844,21.178508758544922,214.14999389648438
2024-06-12,527.139892578125,89.46076202392578,21.25197982788086,214.72000122070312
2024-06-13,528.2012939453125,89.91114807128906,21.270347595214844,212.97000122070312
2024-06-14,528.5226440429688,90.00308990478516,21.187692642211914,215.72999572753906
2024-06-17,532.7291259765625,89.68136596679688,21.26116371154785,214.61000061035156
2024-06-18,534.08251953125,90.00308990478516,21.43566131591797,215.47000122070312
2024-06-20,532.6317749023438,89.8468017578125,21.481582641601562,218.16000366210938
2024-06-21,531.9176025390625,89.85600280761719,21.307085037231445,214.77999877929688
2024-06-24,530.1886596679688,89.92955780029297,21.481582641601562,215.6300048828125
2024-06-25,532.2302856445312,89.92034912109375,21.27953338623047,214.55999755859375
2024-06-26,532.8945922851562,89.51593017578125,21.316268920898438,212.5800018310547
2024-06-27,533.7346801757812,89.66300201416016,21.426477432250977,214.99000549316406
2024-06-28,531.63427734375,89.2217788696289,21.334636688232422,215.00999450683594
2024-07-01,532.728515625,88.74327087402344,21.61016082763672,215.57000732421875
2024-07-02,536.3135986328125,89.038330078125,21.637712478637695,215.55999755859375
2024-07-03,538.70703125,89.51774597167969,21.757104873657227,217.99000549316406
2024-07-05,541.8134765625,89.96954345703125,21.839763641357422,220.92999267578125
2024-07-08,542.4385986328125,89.99720001220703,21.54587173461914,218.19000244140625
2024-07-09,542.966064453125,89.91423797607422,21.398923873901367,218.55999755859375
2024-07-10,548.3389892578125,90.00642395019531,21.398923873901367,219.36000061035156
2024-07-11,543.61083984375,90.46742248535156,21.47239875793457,223.25
2024-07-12,547.0397338867188,90.71636199951172,21.389741897583008,223.11000061035156
2024-07-15,548.5440673828125,90.40291595458984,21.233612060546875,223.8300018310547
2024-07-16,551.7969970703125,90.77169036865234,21.178508758544922,228.2899932861328
2024-07-17,544.0601806640625,90.83622741699219,21.178508758544922,227.22999572753906
2024-07-18,539.8792114257812,90.5873031616211,21.02237892150879,225.77999877929688
2024-07-19,536.2940063476562,90.40291595458984,20.737672805786133,221.72999572753906
2024-07-22,541.8231811523438,90.36602020263672,20.792776107788086,221.8000030517578
2024-07-23,540.9733276367188,90.3567886352539,20.599910736083984,222.5800018310547
2024-07-24,528.7135620117188,90.08018493652344,20.59072494506836,221.8000030517578
2024-07-25,525.958740234375,90.32913208007812,20.636646270751953,218.3300018310547
2024-07-26,531.8493041992188,90.65181732177734,20.425413131713867,220.6300048828125
2024-07-29,532.161865234375,90.79936218261719,20.33357048034668,220.32000732421875
2024-07-30,529.4657592773438,90.89156341552734,20.2692813873291,222.52000427246094
2024-07-31,538.0719604492188,91.38024139404297,20.737672805786133,226.5500030517578
2024-08-01,530.4523315429688,91.76309204101562,20.489700317382812,225.77000427246094
2024-08-02,520.5762329101562,92.7896957397461,20.11315155029297,225.33999633789062
2024-08-05,505.41510009765625,92.7156753540039,20.076417922973633,222.47999572753906
2024-08-06,510.0748596191406,92.16079711914062,19.911104202270508,220.6999969482422
2024-08-07,506.66546630859375,91.88333129882812,20.094785690307617,220.5500030517578
2024-08-08,518.378173828125,91.74462127685547,20.278467178344727,224.00999450683594
2024-08-09,520.6640625,92.06831359863281,20.397859573364258,224.55999755859375
2024-08-12,520.9376220703125,92.22552490234375,20.682567596435547,228.41000366210938
2024-08-13,529.5048217773438,92.595458984375,20.489700317382812,228.05999755859375
2024-08-14,531.17529296875,92.76194763183594,20.36112403869629,226.1999969482422
2024-08-15,540.2796630859375,92.37348937988281,20.526437759399414,226.91000366210938
2024-08-16,541.4911499023438,92.595458984375,20.397859573364258,231.99000549316406
2024-08-19,546.66845703125,92.69720458984375,20.28765106201172,231.61000061035156
2024-08-20,545.779541015625,92.97465515136719,20.204994201660156,232.4600067138672
2024-08-21,547.6551513671875,93.15037536621094,20.10396957397461,232.14999389648438
2024-08-22,543.3568725585938,92.77119445800781,20.085603713989258,229.3699951171875
2024-08-23,549.1301879882812,93.19662475585938,20.44378089904785,232.02000427246094
2024-08-26,547.8211669921875,93.11336517333984,20.655014038085938,232.75999450683594
2024-08-27,548.5734252929688,93.14111328125,20.55398941040039,233.38999938964844
2024-08-28,545.3887939453125,93.05790710449219,20.306018829345703,231.75
2024-08-29,545.4375610351562,92.93766784667969,20.53562355041504,232.9499969482422
2024-08-30,550.644287109375,92.7156753540039,20.306018829345703,231.2899932861328
2024-09-03,539.3126831054688,93.10721588134766,19.901920318603516,230.2899932861328
2024-09-04,538.208740234375,93.51541137695312,19.754974365234375,230.42999267578125
2024-09-05,536.8997192382812,93.75660705566406,19.800893783569336,232.35000610351562
2024-09-06,527.8636474609375,93.87722778320312,19.534557342529297,230.6300048828125
2024-09-09,533.7737426757812,94.01638793945312,19.58966064453125,231.60000610351562
2024-09-10,536.0986938476562,94.30399322509766,19.304954528808594,232.6199951171875
2024-09-11,541.5985717773438,94.2761459350586,19.479450225830078,232.25
2024-09-12,546.1605224609375,94.19265747070312,19.855998992919922,236.3300018310547
2024-09-13,549.0130004882812,94.38745880126953,19.892736434936523,238.67999267578125
2024-09-16,549.8237915039062,94.61014556884766,20.03968048095703,238.66000366210938
2024-09-17,550.0484619140625,94.51734924316406,20.177440643310547,237.33999633789062
2024-09-18,548.4171142578125,94.22046661376953,20.048864364624023,235.50999450683594
2024-09-19,557.7755737304688,94.22974395751953,20.407045364379883,239.1699981689453
2024-09-20,556.811279296875,94.14627838134766,20.407045364379883,242.2100067138672
2024-09-23,558.2028198242188,94.10916137695312,20.416229248046875,242.67999267578125
2024-09-24,559.7999877929688,94.23902893066406,20.756038665771484,246.07000732421875
2024-09-25,558.5653076171875,93.87722778320312,20.58154296875,245.72999572753906
2024-09-26,560.7798461914062,93.89576721191406,20.397859573364258,246.97999572753906
2024-09-27,559.9664306640625,94.1648178100586,20.498884201049805,245.02000427246094
2024-09-30,562.2103881835938,93.9514389038086,20.452964782714844,243.05999755859375
2024-10-01,557.1739501953125,94.19990539550781,20.81114387512207,245.61000061035156
2024-10-02,557.4091186523438,94.0044937133789,20.98564338684082,245.66000366210938
2024-10-03,556.3900146484375,93.62295532226562,21.28871726989746,245.49000549316406
2024-10-04,561.4461059570312,93.01811218261719,21.343822479248047,245.0
2024-10-07,556.370361328125,92.70169067382812,21.637712478637695,244.1699981689453
2024-10-08,561.6322631835938,92.8598861694336,21.132587432861328,242.3699951171875
2024-10-09,565.5223999023438,92.61795043945312,20.948904037475586,241.0500030517578
2024-10-10,564.53271484375,92.56210327148438,21.36219024658203,242.82000732421875
2024-10-11,567.913330078125,92.59004974365234,21.38055992126465,245.47000122070312
2024-10-14,572.5579223632812,92.50629425048828,21.0499324798584,245.07000732421875
2024-10-15,568.109375,92.8785171508789,20.645830154418945,245.9199981689453
2024-10-16,570.5785522460938,92.99950408935547,20.59072494506836,247.14999389648438
2024-10-17,570.6275024414062,92.54350280761719,20.61827850341797,248.6300048828125
2024-10-18,572.822509765625,92.60865783691406,20.50806999206543,251.27000427246094
2024-10-21,571.8817138671875,91.96656036376953,20.572359085083008,251.22000122070312
2024-10-22,571.5779418945312,91.98519897460938,20.930538177490234,253.92999267578125
2024-10-23,566.3551635742188,91.7525405883789,20.81114387512207,250.8699951171875
2024-10-24,567.5801391601562,91.9293441772461,20.801959991455078,252.8000030517578
2024-10-25,567.3842163085938,91.74323272705078,20.948904037475586,253.32000732421875
2024-10-28,569.13818359375,91.5943374633789,20.3886775970459,253.3300018310547
2024-10-29,570.0592041015625,91.69670104980469,20.351940155029297,256.0899963378906
2024-10-30,568.3346557617188,91.60366821289062,20.609094619750977,257.5
2024-10-31,557.1935424804688,91.58502197265625,20.746854782104492,253.50999450683594
2024-11-01,559.545166015625,91.22097778320312,20.526437759399414,252.47000122070312
2024-11-04,558.3399047851562,91.60372161865234,20.87543296813965,252.8300018310547
2024-11-05,565.0911865234375,91.81842041015625,21.004011154174805,253.39999389648438
2024-11-06,579.1425170898438,91.099609375,20.7744083404541,245.6999969482422
2024-11-07,583.62060546875,91.7904052734375,20.98564338684082,249.64999389648438
2024-11-08,586.148681640625,91.9490966796875,20.664199829101562,247.9600067138672
2024-11-11,586.7072143554688,91.74373626708984,20.33357048034668,242.13999938964844
2024-11-12,584.8846435546875,91.21163177490234,20.223363876342773,240.0500030517578
2024-11-13,585.1687622070312,91.1929702758789,20.159074783325195,237.6300048828125
2024-11-14,581.4061279296875,91.1556396484375,20.140705108642578,237.00999450683594
2024-11-15,573.9591064453125,91.16497039794922,20.03968048095703,236.58999633789062
2024-11-18,576.310791015625,91.24897766113281,20.498884201049805,241.08999633789062
2024-11-19,578.41748046875,91.3796615600586,20.563173294067383,243.25
2024-11-20,578.6134643554688,91.28631591796875,20.55398941040039,244.6199951171875
2024-11-21,581.7196044921875,91.2396469116211,20.700937271118164,246.66000366210938
2024-11-22,583.5225830078125,91.30499267578125,20.719303131103516,249.83999633789062
2024-11-25,585.5020751953125,92.12647247314453,20.425413131713867,242.47999572753906
2024-11-26,588.55908203125,91.9864273071289,20.425413131713867,242.9499969482422
2024-11-27,586.7757568359375,92.23847961425781,20.315204620361328,243.49000549316406
2024-11-29,590.4208984375,92.6025390625,20.33357048034668,245.58999633789062
2024-12-02,591.4791259765625,92.61377716064453,20.186626434326172,243.44000244140625
2024-12-03,591.7534790039062,92.43584442138672,20.416229248046875,243.92999267578125
2024-12-04,595.4280395507812,92.73551940917969,20.306018829345703,244.6699981689453
2024-12-05,594.4481201171875,92.75424194335938,20.278467178344727,242.86000061035156
2024-12-06,595.5750122070312,93.01644897460938,20.122337341308594,242.9499969482422
2024-12-09,592.5079345703125,92.74488830566406,20.315204620361328,245.36000061035156
2024-12-10,590.6658935546875,92.63250732421875,20.36112403869629,248.58999633789062
2024-12-11,595.2320556640625,92.41714477539062,20.61827850341797,250.9600067138672
2024-12-12,592.1651000976562,92.04256439208984,20.53562355041504,247.27999877929688
2024-12-13,592.0474853515625,91.6960678100586,20.526437759399414,244.2899932861328
2024-12-16,594.5755615234375,91.78035736083984,20.416229248046875,244.8800048828125
2024-12-17,592.1258544921875,91.78035736083984,20.278467178344727,243.94000244140625
2024-12-18,574.478515625,91.08136749267578,20.094785690307617,239.25999450683594
2024-12-19,574.302001953125,90.84651184082031,20.094785690307617,239.60000610351562
2024-12-20,581.2000122070312,91.0907974243164,20.223363876342773,242.10000610351562
2024-12-23,584.6803588867188,90.80894470214844,20.238842010498047,240.9600067138672
2024-12-24,591.1791381835938,90.91226196289062,20.354934692382812,241.44000244140625
2024-12-26,591.2184448242188,90.97804260253906,20.296886444091797,243.07000732421875
2024-12-27,584.9950561523438,90.79014587402344,20.393630981445312,241.39999389648438
2024-12-30,578.3192138671875,91.14714813232422,20.57744598388672,240.6300048828125
2024-12-31,576.21533203125,91.034423828125,20.683862686157227,242.1300048828125
2025-01-02,574.7994995117188,91.04379272460938,20.887025833129883,245.4199981689453
2025-01-03,581.9864501953125,90.94985961914062,20.780607223510742,243.49000549316406
2025-01-06,585.339111328125,90.85592651367188,20.819305419921875,243.19000244140625
2025-01-07,578.7223510742188,90.5364990234375,20.91604995727539,244.55999755859375
2025-01-08,579.56787109375,90.63984680175781,20.877351760864258,245.86000061035156
2025-01-10,570.7192993164062,90.13251495361328,21.438467025756836,248.2100067138672
2025-01-13,571.6043090820312,90.04795837402344,21.5932559967041,245.74000549316406
2025-01-14,572.3907470703125,90.0761489868164,21.583581924438477,247.02999877929688
2025-01-15,582.802490234375,90.85592651367188,21.931861877441406,248.8800048828125
2025-01-16,581.6817016601562,91.05320739746094,21.83511734008789,250.60000610351562
2025-01-17,587.521728515625,91.05320739746094,21.738372802734375,249.27000427246094
2025-01-21,592.8995971679688,91.35382843017578,21.631956100463867,253.1300048828125
2025-01-22,596.2326049804688,91.13774871826172,21.612606048583984,254.42999267578125
2025-01-23,599.48681640625,90.9874267578125,21.53521156311035,254.07000732421875
2025-01-24,597.73681640625,91.13774871826172,21.544885635375977,255.64999389648438
2025-01-27,589.2815551757812,91.64508056640625,21.21595573425293,252.99000549316406
2025-01-28,594.344970703125,91.61688995361328,21.235305786132812,255.17999267578125
2025-01-29,591.6804809570312,91.5605239868164,21.274002075195312,254.1999969482422
2025-01-30,594.8560791015625,91.6920394897461,21.293350219726562,258.04998779296875
2025-01-31,591.6904296875,91.50415802001953,21.25465202331543,258.55999755859375
2025-02-03,587.7085571289062,91.59085845947266,21.419116973876953,259.94000244140625
2025-02-04,591.6510620117188,91.76053619384766,21.47716522216797,262.5
2025-02-05,594.0498657226562,92.25067138671875,21.34172248840332,264.1300048828125
2025-02-06,596.1146240234375,92.1563949584961,21.351396560668945,263.42999267578125
2025-02-07,590.6581420898438,91.86422729492188,21.36107063293457,263.8999938964844
2025-02-10,594.6693725585938,91.8924789428711,21.670652389526367,268.3699951171875
2025-02-11,595.12158203125,91.68511962890625,21.83511734008789,267.3900146484375
2025-02-12,593.2044677734375,91.20439147949219,21.5932559967041,267.6700134277344
2025-02-13,599.4671630859375,91.75110626220703,21.699676513671875,270.30999755859375
2025-02-14,599.437744140625,92.0904312133789,21.7093505859375,266.2900085449219
2025-02-18,601.197509765625,91.72282409667969,22.02860450744629,270.70001220703125
2025-02-19,602.6133422851562,91.85478210449219,22.20274543762207,270.8500061035156
2025-02-20,600.1063232421875,91.99617767333984,22.231767654418945,270.989990234375
2025-02-21,589.842041015625,92.39205932617188,21.92218589782715,270.739990234375
2025-02-24,587.157958984375,92.55230712890625,21.844791412353516,272.2099914550781
2025-02-25,584.2379150390625,93.1272964477539,21.60293197631836,268.6199951171875
2025-02-26,584.5328369140625,93.2780990600586,21.419116973876953,269.0299987792969
2025-02-27,575.2025756835938,93.1366958618164,21.44814109802246,264.92999267578125
2025-02-28,584.1790161132812,93.55142211914062,21.283676147460938,263.2699890136719
2025-03-03,573.9441528320312,93.75375366210938,21.148235321044922,266.739990234375
2025-03-04,567.1505126953125,93.51738739013672,21.21595573425293,269.05999755859375
2025-03-05,573.24609375,93.19595336914062,21.157909393310547,269.6199951171875
2025-03-06,563.0703125,93.10139465332031,21.051490783691406,268.25
2025-03-07,566.226318359375,92.9879379272461,21.235305786132812,268.3900146484375
2025-03-10,551.14453125,93.43231201171875,21.099863052368164,266.0400085449219
2025-03-11,546.5629272460938,93.10139465332031,21.21595573425293,269.1600036621094
2025-03-12,549.4632568359375,92.82719421386719,21.21595573425293,270.3299865722656
2025-03-13,542.1387329101562,93.11085510253906,21.138561248779297,275.1300048828125
2025-03-14,553.3369750976562,92.92174530029297,21.25465202331543,275.239990234375
2025-03-17,557.6039428710938,93.04466247558594,21.399770736694336,276.7300109863281
2025-03-18,551.5771484375,93.13921356201172,21.351396560668945,279.9599914550781
2025-03-19,557.584228515625,93.41340637207031,21.48683738708496,281.1099853515625
2025-03-20,555.9718627929688,93.47013092041016,21.525535583496094,280.75
2025-03-21,556.1552734375,93.35667419433594,21.399770736694336,278.489990234375
2025-03-24,566.1151733398438,92.99739837646484,21.47716522216797,277.25
2025-03-25,567.4759521484375,93.08247375488281,21.506187438964844,278.4700012207031
2025-03-26,560.7013549804688,92.85556030273438,21.47716522216797,278.239990234375
2025-03-27,559.2123413085938,92.80828857421875,21.53521156311035,281.9700012207031
2025-03-28,547.95068359375,93.34722137451172,21.467491149902344,284.05999755859375
2025-03-31,551.6289672851562,93.52684783935547,21.767396926879883,288.1400146484375
2025-04-01,553.18701171875,93.87308502197266,21.777070999145508,287.57000732421875
2025-04-02,556.687744140625,93.76876068115234,21.912511825561523,288.1600036621094
2025-04-03,529.2537841796875,94.26201629638672,21.032142639160156,286.4200134277344
2025-04-04,498.2696838378906,94.3473892211914,20.267866134643555,279.7200012207031
2025-04-07,497.3822021484375,93.15216827392578,19.948610305786133,273.7099914550781
2025-04-08,489.5917663574219,92.66837310791016,19.50358772277832,275.20001220703125
2025-04-09,541.0084838867188,92.87705993652344,20.20981788635254,285.3800048828125
2025-04-10,517.3018798828125,92.14665985107422,19.958282470703125,292.3500061035156
2025-04-11,526.531982421875,92.05180358886719,20.248516082763672,297.92999267578125
2025-04-14,531.64013671875,92.59249877929688,20.258190155029297,296.2300109863281
2025-04-15,530.1511840820312,92.78221130371094,20.20981788635254,297.7799987792969
2025-04-16,518.3668823242188,93.0762710571289,20.46135139465332,307.4700012207031
2025-04-17,519.1064453125,92.839111328125,20.674190521240234,306.1199951171875
2025-04-21,506.7503662109375,92.2794418334961,20.500049591064453,315.5899963378906
2025-04-22,519.9348754882812,92.45021057128906,20.59679412841797,311.1099853515625
2025-04-23,527.9915161132812,92.67784881591797,20.44200325012207,303.6499938964844
2025-04-24,539.1051635742188,93.19009399414062,20.625816345214844,308.07000732421875
2025-04-25,543.0003051757812,93.5315933227539,20.65484046936035,304.7300109863281
2025-04-28,543.2073974609375,93.78771209716797,20.538747787475586,309.07000732421875
2025-04-29,546.6292724609375,94.01537322998047,20.277538299560547,306.05999755859375
2025-04-30,546.8462524414062,93.93000030517578,19.900236129760742,303.7699890136719
2025-05-01,550.7216186523438,93.67401123046875,19.996980667114258,297.4599914550781
2025-05-02,558.8966674804688,93.21719360351562,20.08405113220215,297.9800109863281
2025-05-05,555.69189453125,93.05541229248047,19.967958450317383,306.8800048828125
2025-05-06,551.047119140625,93.28382110595703,20.267866134643555,315.4800109863281
2025-05-07,553.364501953125,93.42655944824219,20.01633071899414,310.75
2025-05-08,557.2202758789062,92.94121551513672,20.277538299560547,304.6300048828125
2025-05-09,556.5103149414062,93.03636932373047,20.432329177856445,306.8399963378906
2025-05-12,574.9015502929688,92.72233581542969,20.567771911621094,298.19000244140625
2025-05-13,578.6981201171875,92.62714385986328,20.887025833129883,299.4599914550781
2025-05-14,579.437744140625,92.36068725585938,20.780607223510742,293.1600036621094
2025-05-15,582.2678833007812,92.88412475585938,20.57744598388672,297.8399963378906
2025-05-16,585.9560546875,92.94121551513672,20.500049591064453,294.239990234375
2025-05-19,586.5969848632812,92.91266632080078,20.471027374267578,298.0299987792969
2025-05-20,584.6246948242188,92.75088500976562,20.732234954833984,303.5799865722656
2025-05-21,574.7733764648438,92.14180755615234,20.70321273803711,305.82000732421875
2025-05-22,575.0001831054688,92.40826416015625,20.59679412841797,303.1099853515625
2025-05-23,571.0753173828125,92.54151153564453,20.712886810302734,309.75
2025-05-27,582.9483642578125,92.96025848388672,20.529071807861328,304.5
2025-05-28,579.5757446289062,92.7889404296875,20.46135139465332,303.80999755859375
2025-05-29,581.8635864257812,93.13153839111328,20.354934692382812,305.6099853515625
2025-05-30,581.2127075195312,93.35994720458984,20.20014190673828,303.6000061035156
2025-06-02,584.4867553710938,93.11455535888672,20.625816345214844,311.6700134277344
2025-06-03,587.8197631835938,93.04772186279297,20.76125717163086,308.9100036621094
2025-06-04,587.6619873046875,93.60150909423828,20.683862686157227,310.8999938964844
2025-06-05,584.8218994140625,93.36280822753906,20.780607223510742,309.3299865722656
2025-06-06,590.8274536132812,92.88539123535156,20.945072174072266,305.17999267578125
2025-06-09,591.3599243164062,93.00000762939453,20.964420318603516,306.6199951171875
2025-06-10,594.7127685546875,93.21003723144531,20.91604995727539,306.7099914550781
2025-06-11,593.0166015625,93.52511596679688,21.25465202331543,308.3699951171875
2025-06-12,595.3734741210938,93.8688735961914,21.25465202331543,312.20001220703125
2025-06-13,588.7171630859375,93.5346908569336,21.912511825561523,316.2900085449219
2025-06-16,594.318359375,93.3437271118164,21.8641414642334,311.7799987792969
2025-06-17,589.2398681640625,93.63017272949219,22.328510284423828,311.94000244140625
2025-06-18,589.1510009765625,93.6969985961914,22.38655662536621,310.260009765625
2025-06-20,587.7673950195312,93.78292846679688,22.50265121459961,310.1300048828125
2025-06-23,593.5730590820312,93.97389221191406,21.670652389526367,311.0799865722656
2025-06-24,600.13037109375,94.3558349609375,21.148235321044922,306.19000244140625
2025-06-25,600.4666748046875,94.34627532958984,21.119211196899414,307.1199951171875
2025-06-26,605.1646118164062,94.60408020019531,21.196605682373047,306.7799987792969
2025-06-27,608.1712646484375,94.33673095703125,21.090187072753906,301.2200012207031
2025-06-30,611.0791015625,94.7186508178711,21.099863052368164,304.8299865722656
2025-07-01,610.8812866210938,94.63150024414062,21.21595573425293,307.54998779296875
2025-07-02,613.650634765625,94.51654815673828,21.564233779907227,309.25
2025-07-03,618.4869995117188,94.32496643066406,21.5545597076416,307.1400146484375
2025-07-07,613.8780517578125,93.98969268798828,21.53521156311035,307.3699951171875
2025-07-08,613.5418090820312,93.9513931274414,21.60293197631836,304.1600036621094
2025-07-09,617.2210083007812,94.3441162109375,21.564233779907227,305.5199890136719
2025-07-10,618.9617309570312,94.31539916992188,21.496511459350586,306.20001220703125
2025-07-11,616.7858276367188,93.92265319824219,21.777070999145508,309.1400146484375
2025-07-14,617.9628295898438,93.91307830810547,21.5932559967041,308.010009765625
2025-07-15,615.3220825195312,93.6352767944336,21.5545597076416,306.7300109863281
2025-07-16,617.3792724609375,93.76937866210938,21.583581924438477,308.260009765625
2025-07-17,621.1573486328125,93.80769348144531,21.757720947265625,307.5899963378906
2025-07-18,620.7024536132812,93.9801254272461,21.796419143676758,308.3900146484375
2025-07-21,621.87939453125,94.23875427246094,21.748046875,313.1300048828125
2025-07-22,621.9684448242188,94.42076110839844,21.7093505859375,316.1000061035156
2025-07-23,627.2598266601562,94.21000671386719,21.651302337646484,312.17999267578125
2025-07-24,627.4674072265625,94.15254974365234,21.670652389526367,310.2699890136719
2025-07-25,630.1181030273438,94.3058090209961,21.44814109802246,307.3999938964844
2025-07-28,629.9598388671875,94.18128967285156,21.670652389526367,305.4100036621094
2025-07-29,628.29833984375,94.68897247314453,21.951210021972656,306.25
2025-07-30,627.5070190429688,94.42076110839844,21.9028377532959,300.9599914550781
2025-07-31,625.153076171875,94.46866607666016,21.719024658203125,302.9599914550781
2025-08-01,614.9066162109375,95.2856216430664,21.370746612548828,309.1099853515625
2025-08-04,624.2530517578125,95.36249542236328,21.293350219726562,310.9100036621094
2025-08-05,621.088134765625,95.3913345336914,21.10953712463379,311.1600036621094
2025-08-06,625.845458984375,95.3528823852539,21.06116485595703,310.5
2025-08-07,625.3212280273438,95.2760009765625,21.12888526916504,313.1199951171875
2025-08-08,630.1972045898438,95.0933837890625,21.12888526916504,313.04998779296875
2025-08-11,628.9510498046875,95.1606674194336,21.157909393310547,308.54998779296875
2025-08-12,635.6468505859375,95.1606674194336,21.07084083557129,308.2699890136719
2025-08-13,637.8228149414062,95.50667572021484,21.04181671142578,309.2099914550781
2025-08-14,637.882080078125,95.23755645751953,21.12888526916504,307.25
2025-08-15,636.388671875,95.0933837890625,21.06116485595703,307.42999267578125
2025-08-18,636.2501220703125,94.98765563964844,21.080514907836914,306.95001220703125
2025-08-19,632.7984008789062,95.17027282714844,20.91604995727539,305.2699890136719
2025-08-20,631.116943359375,95.22794342041016,21.148235321044922,308.3599853515625
2025-08-21,628.5851440429688,95.00688171386719,21.274002075195312,307.2900085449219
2025-08-22,638.2381591796875,95.5354995727539,21.36107063293457,310.5799865722656
2025-08-25,635.4292602539062,95.3913345336914,21.467491149902344,309.8299865722656
2025-08-26,638.0897827148438,95.50667572021484,21.30302619934082,312.0799865722656
2025-08-27,639.543701171875,95.60279083251953,21.32237434387207,312.7099914550781
2025-08-28,641.80859375,95.71810913085938,21.457815170288086,315.0299987792969
2025-08-29,637.98095703125,95.59317016601562,21.48683738708496,318.07000732421875
2025-09-02,633.25341796875,95.33956146240234,21.83511734008789,325.5899963378906
2025-09-03,636.6853637695312,95.68669891357422,21.641630172729492,328.1400146484375
2025-09-04,642.0064086914062,96.07241821289062,21.48683738708496,326.69000244140625
2025-09-05,640.1469116210938,96.525634765625,21.312700271606445,331.04998779296875
2025-09-08,641.7196044921875,96.8534927368164,21.457815170288086,334.82000732421875
2025-09-09,643.203125,96.66062927246094,21.51586151123047,334.05999755859375
2025-09-10,645.0625,96.8534927368164,21.66097640991211,335.260009765625
2025-09-11,650.4231567382812,97.03670501708984,21.496511459350586,334.760009765625
2025-09-12,650.2054443359375,96.94991302490234,21.62228012084961,335.4200134277344
2025-09-15,653.6671752929688,97.1138687133789,21.815767288208008,338.9100036621094
2025-09-16,652.76708984375,97.15242767333984,22.038280487060547,339.5899963378906
2025-09-17,651.9561157226562,96.97885131835938,21.806095123291016,336.9700012207031
2025-09-18,655.00244140625,96.70885467529297,21.7093505859375,335.6199951171875
2025-09-19,658.2465209960938,96.70885467529297,21.53521156311035,339.17999267578125
2025-09-22,661.3606567382812,96.59313201904297,21.53521156311035,345.04998779296875
2025-09-23,657.7606201171875,96.74742126464844,21.757720947265625,346.4599914550781
2025-09-24,655.6677856445312,96.56420135498047,21.9028377532959,343.32000732421875
2025-09-25,652.6429443359375,96.42919921875,22.057626724243164,344.75
2025-09-26,656.3819580078125,96.4967041015625,22.067302703857422,346.739990234375
2025-09-29,658.2266845703125,96.6799087524414,21.88348960876465,352.4599914550781
2025-09-30,660.7061157226562,96.6702880859375,21.796419143676758,355.4700012207031
2025-10-01,662.95751953125,96.91696166992188,21.757720947265625,356.0299987792969
2025-10-02,663.7210693359375,97.02339172363281,21.612606048583984,354.7900085449219
2025-10-03,663.7112426757812,96.91696166992188,21.680326461791992,357.6400146484375
2025-10-06,666.0914916992188,96.70414733886719,21.9028377532959,364.3800048828125
2025-10-07,663.6219482421875,96.86860656738281,21.989906311035156,366.260009765625
2025-10-08,667.5791625976562,96.8782730102539,22.018930435180664,372.29998779296875
2025-10-09,665.6452026367188,96.76219177246094,21.815767288208008,365.42999267578125
2025-10-10,647.6542358398438,97.15884399414062,21.351396560668945,369.1199951171875
2025-10-13,657.5919189453125,97.34264373779297,21.62228012084961,378.0899963378906
2025-10-14,656.78857421875,97.49742889404297,21.380420684814453,380.7900085449219
2025-10-15,659.7044067382812,97.45873260498047,21.457815170288086,387.3900146484375
2025-10-16,655.2117309570312,97.8070068359375,21.419116973876953,396.45001220703125
2025-10-17,658.9308471679688,97.67157745361328,21.399770736694336,388.989990234375
2025-10-20,665.7840576171875,97.83602905273438,21.612606048583984,403.1499938964844
2025-10-21,665.7741088867188,97.93277740478516,21.390094757080078,377.239990234375
2025-10-22,662.3128051757812,97.9231185913086,21.728696823120117,377.2799987792969
2025-10-23,666.2402954101562,97.74897003173828,22.096324920654297,378.7900085449219
2025-10-24,671.6851806640625,97.84569549560547,22.106000900268555,377.5199890136719
2025-10-27,679.6094970703125,97.91342163085938,22.057626724243164,367.010009765625
2025-10-28,681.41455078125,97.97146606445312,21.85446548461914,364.3800048828125
2025-10-29,681.7418823242188,97.50711059570312,21.970558166503906,363.0
2025-10-30,674.2439575195312,97.32330322265625,21.98023223876953,370.1300048828125
2025-10-31,676.4556274414062,97.26525115966797,22.13502311706543,368.1199951171875
2025-11-03,677.7251586914062,97.14586639404297,22.299488067626953,368.7799987792969
2025-11-04,669.6917114257812,97.19438934326172,22.144697189331055,362.32000732421875
2025-11-05,672.0125122070312,96.93233489990234,22.076976776123047,366.510009765625
2025-11-06,664.8021850585938,97.29145050048828,22.106000900268555,366.07000732421875
2025-11-07,665.4567260742188,97.25262451171875,22.15437126159668,368.30999755859375
2025-11-10,675.8407592773438,97.21382141113281,22.39623260498047,378.3800048828125
2025-11-11,677.3878784179688,97.5049819946289,22.54134750366211,379.8699951171875
2025-11-12,677.7647705078125,97.4661636352539,22.289813995361328,385.989990234375
2025-11-13,666.5179443359375,97.17498779296875,22.173721313476562,382.8699951171875
2025-11-14,666.408935546875,97.05851745605469,22.222091674804688,375.9599914550781
2025-11-17,660.2002563476562,97.07794189453125,22.193069458007812,371.6499938964844
2025-11-18,654.65625,97.13616943359375,22.376882553100586,374.3500061035156
2025-11-19,657.185302734375,97.13616943359375,22.15437126159668,374.9599914550781
2025-11-20,647.1683349609375,97.25262451171875,21.94153594970703,374.8500061035156
2025-11-21,653.6148681640625,97.48558044433594,21.796419143676758,374.2699890136719
2025-11-24,663.2351684570312,97.67967987060547,21.9028377532959,380.20001220703125
2025-11-25,669.4734497070312,97.83499908447266,21.786745071411133,380.0799865722656
2025-11-26,674.09521484375,97.99028778076172,22.018930435180664,383.1199951171875
2025-11-28,677.7747192382812,97.85440063476562,22.309162139892578,387.8800048828125
2025-12-01,674.6803588867188,97.43180084228516,22.367210388183594,389.75
2025-12-02,675.9300537109375,97.55839538574219,22.270465850830078,387.239990234375
2025-12-03,678.2706298828125,97.7433853149414,22.376882553100586,386.8800048828125
2025-12-04,678.7665405273438,97.50968933105469,22.4349308013916,387.1300048828125
2025-12-05,680.0557861328125,97.40258026123047,22.570371627807617,386.44000244140625
2025-12-08,678.0127563476562,97.24678039550781,22.289813995361328,385.4200134277344
2025-12-09,677.4275512695312,97.1591567993164,22.24144172668457,387.3999938964844
2025-12-10,681.92041015625,97.47074127197266,22.376882553100586,389.04998779296875
2025-12-11,683.5072021484375,97.49021911621094,22.357534408569336,393.239990234375
2025-12-12,676.1580810546875,97.18836975097656,22.173721313476562,395.44000244140625
2025-12-15,675.1365356445312,97.2857437133789,22.067302703857422,395.79998779296875
2025-12-16,673.2918701171875,97.47074127197266,21.844791412353516,395.8900146484375
2025-12-17,665.8832397460938,97.4415283203125,22.106000900268555,399.2900085449219
2025-12-18,670.9114990234375,97.6849594116211,21.951210021972656,398.57000732421875
2025-12-19,676.9923095703125,97.54232025146484,22.106000900268555,399.0199890136719
2025-12-22,681.2098388671875,97.50324249267578,22.389999389648438,408.2300109863281
2025-12-23,684.3233032226562,97.50324249267578,22.639999389648438,413.6400146484375
2025-12-24,686.7305297851562,97.71818542480469,22.6299991607666,411.92999267578125
2025-12-26,686.660888671875,97.73772430419922,22.700000762939453,416.739990234375
2025-12-29,684.2138671875,97.85497283935547,22.489999771118164,398.6000061035156
2025-12-30,683.3782958984375,97.81588745117188,22.639999389648438,398.8900146484375
2025-12-31,678.3152465820312,97.58140563964844,22.360000610351562,396.30999755859375
2026-01-02,679.55859375,97.5521011352539,22.389999389648438,398.2799987792969
2026-01-05,684.0845947265625,97.73772430419922,22.809999465942383,408.760009765625
2026-01-06,688.1529541015625,97.71818542480469,22.799999237060547,413.17999267578125
2026-01-07,685.9347534179688,97.81588745117188,22.59000015258789,409.2300109863281
2026-01-08,685.8651123046875,97.64002990722656,22.8799991607666,411.489990234375
2026-01-09,690.4010009765625,97.85497283935547,22.899999618530273,414.4700012207031
2026-01-12,691.4852294921875,97.80610656738281,23.190000534057617,422.2300109863281
2026-01-13,690.1026000976562,97.89404296875,23.3700008392334,421.6300048828125
2026-01-14,686.7105712890625,98.04058837890625,23.389999389648438,425.94000244140625
2026-01-15,688.5806884765625,97.91357421875,23.200000762939453,423.3299865722656
2026-01-16,688.0037231445312,97.74748992919922,23.15999984741211,421.2900085449219
2026-01-20,673.9981689453125,97.37622833251953,23.479999542236328,437.2300109863281
2026-01-21,681.77685546875,97.69863891601562,23.75,443.6000061035156
2026-01-22,685.3379516601562,97.71818542480469,23.739999771118164,451.7900085449219
2026-01-23,685.5865478515625,97.80610656738281,24.18000030517578,458.0
2026-01-26,689.068115234375,97.9526596069336,24.290000915527344,464.70001220703125
2026-01-27,691.8134765625,97.88426971435547,24.6200008392334,476.1000061035156
2026-01-28,691.7438354492188,97.8451919555664,24.940000534057617,494.55999755859375
2026-01-29,690.3711547851562,97.8451919555664,25.299999237060547,495.8999938964844
2026-01-30,688.3121337890625,97.8256607055664,24.43000030517578,444.95001220703125
2026-02-02,691.73388671875,97.71294403076172,23.540000915527344,427.1300048828125
2026-02-03,685.885009765625,97.72272491455078,24.149999618530273,454.2900085449219
2026-02-04,682.5626831054688,97.66392517089844,24.190000534057617,453.9700012207031
2026-02-05,674.0379638671875,98.08538818359375,23.760000228881836,441.8800048828125
2026-02-06,686.96923828125,98.14420318603516,24.010000228881836,455.4599914550781
2026-02-09,690.2816162109375,98.17361450195312,24.25,467.0299987792969
2026-02-10,688.4613037109375,98.45785522460938,24.139999389648438,462.3999938964844
2026-02-11,688.3021850585938,98.23241424560547,24.3700008392334,467.6300048828125
2026-02-12,677.668701171875,98.67350006103516,23.799999237060547,451.3900146484375
2026-02-13,678.1461181640625,98.9871597290039,23.8799991607666,462.6199951171875
2026-02-17,679.2402954101562,98.9969482421875,23.59000015258789,448.20001220703125
2026-02-18,682.662109375,98.85973358154297,24.209999084472656,458.2799987792969
2026-02-19,680.8616943359375,98.87933349609375,24.43000030517578,459.55999755859375
2026-02-20,685.7855834960938,98.89894104003906,24.600000381469727,468.6199951171875
2026-02-23,678.7827758789062,99.09496307373047,24.75,481.2799987792969
2026-02-24,683.7164916992188,99.08515930175781,24.719999313354492,474.6099853515625
2026-02-25,689.4859008789062,99.03616333007812,24.75,473.4200134277344
2026-02-26,685.6561889648438,99.19298553466797,24.760000228881836,477.4800109863281
2026-02-27,682.3637084960938,99.38902282714844,25.100000381469727,483.75
2026-03-02,682.7516479492188,98.9917984008789,25.809999465942383,490.0
2026-03-03,676.7337036132812,98.88362884521484,25.90999984741211,468.1400146484375
2026-03-04,681.50830078125,98.84431457519531,26.139999389648438,471.79998779296875
2026-03-05,677.7084350585938,98.55916595458984,26.520000457763672,466.1300048828125
2026-03-06,668.8256225585938,98.4411849975586,27.510000228881836,473.510009765625
2026-03-09,674.6845092773438,98.75581359863281,27.139999389648438,472.5299987792969
2026-03-10,673.6002807617188,98.43135070800781,27.600000381469727,477.8599853515625
2026-03-11,672.7548217773438,97.98890686035156,28.1299991607666,476.239990234375
2026-03-12,662.5390625,97.62510681152344,28.860000610351562,466.8800048828125
2026-03-13,658.7890014648438,97.54644775390625,28.709999084472656,460.8399963378906
2026-03-16,665.493408203125,97.92989349365234,28.309999465942383,460.42999267578125
2026-03-17,667.2440185546875,98.12655639648438,28.760000228881836,459.2699890136719
2026-03-18,657.9335327148438,97.71358489990234,29.270000457763672,444.739990234375
2026-03-19,656.3121337890625,97.82174682617188,28.84000015258789,426.4100036621094
2026-03-20,646.9034423828125,97.00566101074219,28.940000534057617,413.3800048828125
2026-03-23,653.6959228515625,97.36945343017578,27.75,404.0400085449219
2026-03-24,651.5015869140625,97.10398864746094,28.239999771118164,404.1300048828125
2026-03-25,655.1322021484375,97.44811248779297,28.170000076293945,416.2900085449219
2026-03-26,643.432373046875,96.89751434326172,28.440000534057617,400.6400146484375
2026-03-27,632.4606323242188,96.8876724243164,29.100000381469727,414.70001220703125
2026-03-30,630.3460693359375,97.37930297851562,29.260000228881836,414.5799865722656
2026-03-31,648.6688842773438,97.60543823242188,28.950000762939453,430.2900085449219
2026-04-01,653.5562744140625,97.6715316772461,28.68000030517578,437.82000732421875
2026-04-02,654.144775390625,97.89845275878906,29.329999923706055,429.4100036621094
2026-04-06,657.23681640625,97.72086334228516,29.479999542236328,427.6499938964844
2026-04-07,657.5260009765625,97.8392562866211,29.3700008392334,431.80999755859375
2026-04-08,674.27294921875,98.09577178955078,28.559999465942383,434.5299987792969
2026-04-09,678.162841796875,98.15496063232422,28.709999084472656,437.9100036621094
2026-04-10,677.7140502929688,97.98723602294922,28.5,437.1300048828125
2026-04-13,684.3369750976562,98.18455505371094,28.959999084472656,435.3599853515625
2026-04-14,692.675537109375,98.44107055664062,28.84000015258789,445.0899963378906
2026-04-15,698.1414184570312,98.28321838378906,28.889999389648438,440.4599914550781
2026-04-16,699.8569946289062,98.14510345458984,29.110000610351562,440.0799865722656
2026-04-17,708.3152465820312,98.5101318359375,28.290000915527344,445.92999267578125
2026-04-20,706.8988037109375,98.50025939941406,28.670000076293945,442.0899963378906
2026-04-21,702.2708129882812,98.1352310180664,29.209999084472656,429.57000732421875
2026-04-22,709.3825073242188,98.27336120605469,29.510000228881836,435.260009765625
2026-04-23,706.6295776367188,98.1155014038086,29.889999389648438,431.0400085449219
2026-04-24,712.10546875,98.25362396240234,29.860000610351562,433.25
2026-04-27,713.332275390625,98.10562896728516,30.09000015258789,429.8900146484375
2026-04-28,709.8612060546875,98.06617736816406,30.34000015258789,421.9100036621094
2026-04-29,709.7515258789062,97.63207244873047,31.079999923706055,417.4100036621094
2026-04-30,716.8132934570312,97.77019500732422,31.100000381469727,423.6600036621094
2026-05-01,718.7982177734375,97.89888763427734,30.809999465942383,423.17999267578125
2026-05-04,716.1649780273438,97.5920181274414,31.329999923706055,414.7099914550781
2026-05-05,721.9102172851562,97.77019500732422,31.200000762939453,418.2699890136719
2026-05-06,731.9443359375,98.18595123291016,30.209999084472656,430.9599914550781
2026-05-07,729.7001342773438,97.94837188720703,30.25,431.67999267578125
2026-05-08,735.724609375,98.1760482788086,30.299999237060547,433.7699890136719
2026-05-11,737.4002685546875,97.9186782836914,31.059999465942383,434.6499938964844
2026-05-12,736.2831420898438,97.6316146850586,31.690000534057617,432.92999267578125
2026-05-13,740.4025268554688,97.67121124267578,31.3700008392334,430.5
2026-05-14,746.2474975585938,97.64151763916016,31.149999618530273,427.2099914550781
2026-05-15,737.2706298828125,97.02777862548828,31.190000534057617,417.2900085449219
2026-05-18,736.751953125,97.01789855957031,31.3799991607666,418.42999267578125
2026-05-19,731.8446044921875,96.64173889160156,31.610000610351562,411.5
2026-05-20,739.3452758789062,97.22576904296875,30.8799991607666,417.3999938964844
2026-05-21,740.8114624023438,97.34455108642578,30.700000762939453,416.989990234375
2026-05-22,743.7239990234375,97.44354248046875,30.540000915527344,413.82000732421875
2026-05-26,748.6613159179688,97.72071075439453,30.030000686645508,414.0
2026-05-27,748.5316162109375,97.7999038696289,29.489999771118164,408.489990234375
2026-05-28,752.6609497070312,97.99786376953125,29.719999313354492,412.7699890136719
2026-05-29,754.5361328125,98.05725860595703,29.479999542236328,417.1199951171875
2026-06-01,756.5908203125,98.00860595703125,29.989999771118164,411.260009765625
2026-06-02,757.6182250976562,98.03839111328125,30.1200008392334,411.95001220703125
2026-06-03,752.3018798828125,97.82981872558594,30.290000915527344,407.8699951171875
2026-06-04,755.1445922851562,97.98873901367188,29.8799991607666,411.2699890136719
2026-06-05,735.65478515625,97.50206756591797,29.229999542236328,396.239990234375
2026-06-08,737.3204345703125,97.50206756591797,29.469999313354492,397.2699890136719
2026-06-09,735.1560668945312,97.7007064819336,29.06999969482422,390.7799987792969
2026-06-10,723.56591796875,97.64111328125,29.170000076293945,374.5799865722656
2026-06-11,735.8642578125,98.20723724365234,28.850000381469727,386.32000732421875
2026-06-12,739.843994140625,98.08805084228516,28.549999237060547,386.5400085449219
2026-06-15,752.890380859375,98.17743682861328,28.219999313354492,396.54998779296875
2026-06-16,748.4019775390625,98.29662322998047,27.899999618530273,397.6300048828125
2026-06-17,739.0560302734375,97.93907165527344,27.709999084472656,388.6000061035156
2026-06-18,746.739990234375,98.22710418701172,27.6299991607666,387.1199951171875
2026-06-22,744.3900146484375,97.95893096923828,27.40999984741211,384.5899963378906
2026-06-23,733.5800170898438,98.03839111328125,27.1200008392334,377.32000732421875
2026-06-24,733.239990234375,98.51512908935547,26.450000762939453,365.9200134277344
2026-06-25,734.2999877929688,98.57472229003906,26.93000030517578,369.4599914550781
2026-06-26,728.989990234375,98.66410064697266,26.56999969482422,373.6300048828125
2026-06-29,741.0,98.69390869140625,26.559999465942383,368.5799865722656
2026-06-30,746.77001953125,98.30655670166016,26.65999984741211,368.3800048828125
2026-07-01,745.760009765625,98.15807342529297,26.450000762939453,370.6000061035156
2026-07-02,744.780029296875,98.26769256591797,26.56999969482422,378.1300048828125
2026-07-06,751.280029296875,98.31752014160156,27.0,382.1300048828125
2026-07-07,747.7100219726562,97.86907958984375,27.350000381469727,377.489990234375
2026-07-08,745.4000244140625,97.69967651367188,27.799999237060547,374.45001220703125
2026-07-09,751.7100219726562,97.83918762207031,27.579999923706055,378.17999267578125
2026-07-10,754.9500122070312,97.73953247070312,27.520000457763672,377.010009765625
2026-07-13,749.1699829101562,97.37081909179688,28.329999923706055,367.1300048828125
2026-07-14,751.8300170898438,97.6598129272461,28.6299991607666,372.1499938964844
2026-07-15,754.8099975585938,97.79932403564453,28.790000915527344,372.3500061035156
2026-07-16,750.719970703125,97.78936004638672,28.459999084472656,364.9599914550781
2026-07-17,743.2899780273438,97.85911560058594,28.979999542236328,368.4100036621094
2026-07-20,742.0900268554688,97.6099853515625,29.139999389648438,367.6000061035156
2026-07-21,748.280029296875,97.40071105957031,29.56999969482422,374.80999755859375
2026-07-22,747.4099731445312,97.24127197265625,29.860000610351562,379.1199951171875
2026-07-23,738.1799926757812,97.0020980834961,30.309999465942383,371.5199890136719
2026-07-24,738.9299926757812,97.1216812133789,30.100000381469727,371.8999938964844
2026-07-27,739.0900268554688,97.35089111328125,29.010000228881836,374.6300048828125
2026-07-28,740.8599853515625,97.58008575439453,28.600000381469727,369.3699951171875
2026-07-29,729.4600219726562,97.21138000488281,29.420000076293945,371.0799865722656
2026-07-30,741.6900024414062,97.28113555908203,29.31999969482422,377.1600036621094
2026-07-31,747.030029296875,97.03199768066406,29.450000762939453,371.5400085449219
2026-08-03,757.6699829101562,97.26000213623047,28.8799991607666,371.7099914550781
2026-08-04,771.3300170898438,97.66000366210938,28.309999465942383,374.1600036621094
