product,code,unit,roll_convention,execution,fast,slow,pair,horizon,sharpe,ann_return,ann_vol,max_dd,flat_pct,window_start,window_end
Copper,LP,/MT,5 days before last trading day,Same Day (Shift-0),1,5,"MA(1,5)",2007-2016,-0.2676622225991504,-493.93740231591437,1845.3758528921453,-7729.545374999995,0.0,2007-01-01,2016-12-31
Copper,LP,/MT,5 days before last trading day,Same Day (Shift-0),1,5,"MA(1,5)",2017-2022,-0.5675893960806145,-891.7971092079212,1571.2011453456744,-5865.541700000006,0.0,2017-01-01,2022-12-31
Copper,LP,/MT,5 days before last trading day,Same Day (Shift-0),1,5,"MA(1,5)",Post-2022,-0.26671338345220874,-539.9087171169151,2024.303055694463,-3287.2106000000067,0.0,2023-01-01,2026-06-30
Copper,LP,/MT,5 days before last trading day,Same Day (Shift-0),1,5,"MA(1,5)",Full (2007-now),-0.34662962600480124,-623.8056946547529,1799.631790982899,-14893.010255000008,0.0,2007-01-01,2026-06-30
Copper,LP,/MT,5 days before last trading day,Same Day (Shift-0),5,20,"MA(5,20)",2007-2016,0.23128958368114125,426.9494536817102,1845.9519312824227,-7015.291000000003,0.0,2007-01-01,2016-12-31
Copper,LP,/MT,5 days before last trading day,Same Day (Shift-0),5,20,"MA(5,20)",2017-2022,-0.18114275310083428,-284.7464601980197,1571.9450837733143,-4364.249562499999,0.0,2017-01-01,2022-12-31
Copper,LP,/MT,5 days before last trading day,Same Day (Shift-0),5,20,"MA(5,20)",Post-2022,-0.22458393632240045,-454.0169777639044,2021.5915047109263,-2550.4379849999996,0.0,2023-01-01,2026-06-30
Copper,LP,/MT,5 days before last trading day,Same Day (Shift-0),5,20,"MA(5,20)",Full (2007-now),0.03038124331584765,54.67768630991068,1799.7185217692977,-8875.157709999998,0.0,2007-01-01,2026-06-30
Copper,LP,/MT,5 days before last trading day,Same Day (Shift-0),10,60,"MA(10,60)",2007-2016,0.2880371387071866,531.6728684679334,1845.8483196100024,-5066.674000000001,0.0,2007-01-01,2016-12-31
Copper,LP,/MT,5 days before last trading day,Same Day (Shift-0),10,60,"MA(10,60)",2017-2022,0.13724055642015145,215.65211881188125,1571.343955730395,-4571.7728750000015,0.0,2017-01-01,2022-12-31
Copper,LP,/MT,5 days before last trading day,Same Day (Shift-0),10,60,"MA(10,60)",Post-2022,-0.22430530230035664,-453.54347591373454,2021.9917730986847,-4780.199375000005,0.0,2023-01-01,2026-06-30
Copper,LP,/MT,5 days before last trading day,Same Day (Shift-0),10,60,"MA(10,60)",Full (2007-now),0.14072349765422246,253.24132889317625,1799.566761163271,-6936.754062500007,0.0,2007-01-01,2026-06-30
Copper,LP,/MT,5 days before last trading day,Same Day (Shift-0),1,20,"MA(1,20)",2007-2016,-0.2528659244244801,-466.9809593230404,1846.7377891293827,-10509.697499999997,0.03957261574990107,2007-01-01,2016-12-31
Copper,LP,/MT,5 days before last trading day,Same Day (Shift-0),1,20,"MA(1,20)",2017-2022,-0.5431500879944772,-853.2881042970298,1571.5146440726728,-5836.475117500004,0.06596306068601583,2017-01-01,2022-12-31
Copper,LP,/MT,5 days before last trading day,Same Day (Shift-0),1,20,"MA(1,20)",Post-2022,-0.11554064423684246,-233.69490807037434,2022.620780885832,-3692.3048374999985,0.0,2023-01-01,2026-06-30
Copper,LP,/MT,5 days before last trading day,Same Day (Shift-0),1,20,"MA(1,20)",Full (2007-now),-0.2996688298149616,-539.4135140678312,1800.1493600848164,-15316.046370000004,0.04060913705583756,2007-01-01,2026-06-30
Copper,LP,/MT,5 days before last trading day,Same Day (Shift-0),5,60,"MA(5,60)",2007-2016,0.134578316068711,248.44395427553448,1846.092011945577,-6101.035312500001,0.0,2007-01-01,2016-12-31
Copper,LP,/MT,5 days before last trading day,Same Day (Shift-0),5,60,"MA(5,60)",2017-2022,-0.053327515151182545,-83.81401277227728,1571.6841959477406,-4905.0090500000015,0.0,2017-01-01,2022-12-31
Copper,LP,/MT,5 days before last trading day,Same Day (Shift-0),5,60,"MA(5,60)",Post-2022,-0.04201799670518644,-84.9343245629949,2021.3796759261288,-3566.8130200000005,0.0,2023-01-01,2026-06-30
Copper,LP,/MT,5 days before last trading day,Same Day (Shift-0),5,60,"MA(5,60)",Full (2007-now),0.04543261827276378,81.7582329833471,1799.5492245790292,-8566.062882500002,0.0,2007-01-01,2026-06-30
Copper,LP,/MT,5 days before last trading day,Same Day (Shift-0),20,250,"MA(20,250)",2007-2016,0.019625897945877668,36.22880344418057,1845.9692159863835,-5539.870625,0.0,2007-01-01,2016-12-31
Copper,LP,/MT,5 days before last trading day,Same Day (Shift-0),20,250,"MA(20,250)",2017-2022,0.37526468869401064,589.5539896039602,1571.0350783488725,-2449.9750000000004,0.0,2017-01-01,2022-12-31
Copper,LP,/MT,5 days before last trading day,Same Day (Shift-0),20,250,"MA(20,250)",Post-2022,-0.05734049545508179,-115.95675595913774,2022.2489366171164,-4208.119130000003,0.0,2023-01-01,2026-06-30
Copper,LP,/MT,5 days before last trading day,Same Day (Shift-0),20,250,"MA(20,250)",Full (2007-now),0.10011012802690795,180.15208565190898,1799.5390596592492,-5539.870625,0.0,2007-01-01,2026-06-30
Copper,LP,/MT,5 days before last trading day,Lag-1 (Shift-1),1,5,"MA(1,5)",2007-2016,-0.34377830751601013,-634.4307755344419,1845.4648291178053,-9762.991249999994,0.0,2007-01-01,2016-12-31
Copper,LP,/MT,5 days before last trading day,Lag-1 (Shift-1),1,5,"MA(1,5)",2017-2022,-0.2787203478368106,-438.3027009504963,1572.5536522619457,-4908.991695000003,0.0,2017-01-01,2022-12-31
Copper,LP,/MT,5 days before last trading day,Lag-1 (Shift-1),1,5,"MA(1,5)",Post-2022,0.4009221416151011,810.9619887514227,2022.741835820018,-3495.5311824999944,0.0,2023-01-01,2026-06-30
Copper,LP,/MT,5 days before last trading day,Lag-1 (Shift-1),1,5,"MA(1,5)",Full (2007-now),-0.17571186013467643,-316.2821593927696,1800.0046163665415,-12798.853539999996,0.0,2007-01-01,2026-06-30
Copper,LP,/MT,5 days before last trading day,Lag-1 (Shift-1),5,20,"MA(5,20)",2007-2016,0.4371057273535324,806.5388381828977,1845.1802108979614,-6884.956874999997,0.0,2007-01-01,2016-12-31
Copper,LP,/MT,5 days before last trading day,Lag-1 (Shift-1),5,20,"MA(5,20)",2017-2022,0.03323083368211498,52.22924138613851,1571.710234108529,-3452.9587750000005,0.0,2017-01-01,2022-12-31
Copper,LP,/MT,5 days before last trading day,Lag-1 (Shift-1),5,20,"MA(5,20)",Post-2022,-0.5199322255874468,-1051.3948183314387,2022.176673399149,-4039.5259349999988,0.0,2023-01-01,2026-06-30
Copper,LP,/MT,5 days before last trading day,Lag-1 (Shift-1),5,20,"MA(5,20)",Full (2007-now),0.1337898258168806,240.78534748172268,1799.7283875030068,-6958.024687499986,0.0,2007-01-01,2026-06-30
Copper,LP,/MT,5 days before last trading day,Lag-1 (Shift-1),10,60,"MA(10,60)",2007-2016,0.4248298661377624,783.9776241092637,1845.3919712298152,-3529.116,0.0,2007-01-01,2016-12-31
Copper,LP,/MT,5 days before last trading day,Lag-1 (Shift-1),10,60,"MA(10,60)",2017-2022,0.15158918003469907,238.2604277227725,1571.7508839894394,-4810.02825,0.0,2017-01-01,2022-12-31
Copper,LP,/MT,5 days before last trading day,Lag-1 (Shift-1),10,60,"MA(10,60)",Post-2022,-0.24621629510673154,-497.9601063337104,2022.4498387397605,-4349.7049149999975,0.0,2023-01-01,2026-06-30
Copper,LP,/MT,5 days before last trading day,Lag-1 (Shift-1),10,60,"MA(10,60)",Full (2007-now),0.21208830043805915,381.68209846060137,1799.637687096618,-6924.175602499996,0.0,2007-01-01,2026-06-30
Copper,LP,/MT,5 days before last trading day,Lag-1 (Shift-1),1,20,"MA(1,20)",2007-2016,0.06296080630908218,116.00870130641323,1846.2509697275316,-9985.790062500007,0.03957261574990107,2007-01-01,2016-12-31
Copper,LP,/MT,5 days before last trading day,Lag-1 (Shift-1),1,20,"MA(1,20)",2017-2022,-0.22994487497026475,-361.54850643564345,1572.1292374011623,-6392.323412500002,0.06596306068601583,2017-01-01,2022-12-31
Copper,LP,/MT,5 days before last trading day,Lag-1 (Shift-1),1,20,"MA(1,20)",Post-2022,-0.12169296049142193,-246.13501535754543,2022.5904141340645,-3335.8239474999964,0.0,2023-01-01,2026-06-30
Copper,LP,/MT,5 days before last trading day,Lag-1 (Shift-1),1,20,"MA(1,20)",Full (2007-now),-0.053634001725130345,-96.68795212835042,1800.0516715556057,-14208.595885000006,0.04060913705583756,2007-01-01,2026-06-30
Copper,LP,/MT,5 days before last trading day,Lag-1 (Shift-1),5,60,"MA(5,60)",2007-2016,0.24753802592198063,456.8954225059382,1845.7585286308422,-5131.6549374999995,0.0,2007-01-01,2016-12-31
Copper,LP,/MT,5 days before last trading day,Lag-1 (Shift-1),5,60,"MA(5,60)",2017-2022,0.05053871919404397,79.43817540594051,1571.8280295338861,-4730.03138,0.0,2017-01-01,2022-12-31
Copper,LP,/MT,5 days before last trading day,Lag-1 (Shift-1),5,60,"MA(5,60)",Post-2022,-0.4172431947903597,-843.4491258115772,2021.4808446075701,-5433.067989999999,0.0,2023-01-01,2026-06-30
Copper,LP,/MT,5 days before last trading day,Lag-1 (Shift-1),5,60,"MA(5,60)",Full (2007-now),0.057349517748567044,103.20907253249379,1799.6502252204664,-8490.764370000004,0.0,2007-01-01,2026-06-30
Copper,LP,/MT,5 days before last trading day,Lag-1 (Shift-1),20,250,"MA(20,250)",2007-2016,0.1042653227717596,192.447366983373,1845.7466189851727,-6237.920375,0.0,2007-01-01,2016-12-31
Copper,LP,/MT,5 days before last trading day,Lag-1 (Shift-1),20,250,"MA(20,250)",2017-2022,0.40203099739644843,631.5068872277226,1570.7915342781016,-2379.8026250000003,0.0,2017-01-01,2022-12-31
Copper,LP,/MT,5 days before last trading day,Lag-1 (Shift-1),20,250,"MA(20,250)",Post-2022,-0.09987509085903824,-201.99413400681004,2022.467586957199,-4878.423760000003,0.0,2023-01-01,2026-06-30
Copper,LP,/MT,5 days before last trading day,Lag-1 (Shift-1),20,250,"MA(20,250)",Full (2007-now),0.14327282965980903,257.80598519293267,1799.4059711466184,-6237.920375,0.0,2007-01-01,2026-06-30
Copper,LP,/MT,5th trading day of month,Same Day (Shift-0),1,5,"MA(1,5)",2007-2016,-0.2636536299415519,-486.34725534441793,1844.6446402131235,-7641.848374999992,0.0,2007-01-01,2016-12-31
Copper,LP,/MT,5th trading day of month,Same Day (Shift-0),1,5,"MA(1,5)",2017-2022,-0.5541719264722627,-870.1129770297035,1570.113777810169,-5784.282700000005,0.0,2017-01-01,2022-12-31
Copper,LP,/MT,5th trading day of month,Same Day (Shift-0),1,5,"MA(1,5)",Post-2022,-0.2504333831621327,-506.69897148694884,2023.2884493634288,-3219.3238499999934,0.0,2023-01-01,2026-06-30
Copper,LP,/MT,5th trading day of month,Same Day (Shift-0),1,5,"MA(1,5)",Full (2007-now),-0.33762252156835315,-607.2983921770921,1798.7496490341268,-14557.199039999989,0.0,2007-01-01,2026-06-30
Copper,LP,/MT,5th trading day of month,Same Day (Shift-0),5,20,"MA(5,20)",2007-2016,0.23870438645565709,440.4500718527316,1845.1695772861376,-6883.2145,0.0,2007-01-01,2016-12-31
Copper,LP,/MT,5th trading day of month,Same Day (Shift-0),5,20,"MA(5,20)",2017-2022,-0.167769857177472,-263.5292037623765,1570.7780181490375,-4320.245250000001,0.0,2017-01-01,2022-12-31
Copper,LP,/MT,5th trading day of month,Same Day (Shift-0),5,20,"MA(5,20)",Post-2022,-0.21220198182216476,-428.68503030646934,2020.1744895376496,-2504.5714050000006,0.0,2023-01-01,2026-06-30
Copper,LP,/MT,5th trading day of month,Same Day (Shift-0),5,20,"MA(5,20)",Full (2007-now),0.040397908214122175,72.66390700649887,1798.7046908804368,-8549.275254999991,0.0,2007-01-01,2026-06-30
Copper,LP,/MT,5th trading day of month,Same Day (Shift-0),10,60,"MA(10,60)",2007-2016,0.29573764786638396,545.6336223277909,1844.9920943927689,-5062.0525,0.0,2007-01-01,2016-12-31
Copper,LP,/MT,5th trading day of month,Same Day (Shift-0),10,60,"MA(10,60)",2017-2022,0.14982534809830841,235.26973663366334,1570.293275603073,-4562.011750000002,0.0,2017-01-01,2022-12-31
Copper,LP,/MT,5th trading day of month,Same Day (Shift-0),10,60,"MA(10,60)",Post-2022,-0.20914387341431206,-422.66973595913765,2020.9520320101985,-4711.075050000003,0.0,2023-01-01,2026-06-30
Copper,LP,/MT,5th trading day of month,Same Day (Shift-0),10,60,"MA(10,60)",Full (2007-now),0.15120640282488626,271.9629617424857,1798.6206712254696,-6826.974675000006,0.0,2007-01-01,2026-06-30
Copper,LP,/MT,5th trading day of month,Same Day (Shift-0),1,20,"MA(1,20)",2007-2016,-0.24786096117069678,-457.5389029097389,1845.9190193373988,-10409.6333125,0.03957261574990107,2007-01-01,2016-12-31
Copper,LP,/MT,5th trading day of month,Same Day (Shift-0),1,20,"MA(1,20)",2017-2022,-0.5323213544847459,-835.7441221188125,1570.503869807517,-5793.622555000005,0.06596306068601583,2017-01-01,2022-12-31
Copper,LP,/MT,5th trading day of month,Same Day (Shift-0),1,20,"MA(1,20)",Post-2022,-0.10409349693110562,-210.43445639046516,2021.5908062896708,-3702.137414999998,0.0,2023-01-01,2026-06-30
Copper,LP,/MT,5th trading day of month,Same Day (Shift-0),1,20,"MA(1,20)",Full (2007-now),-0.2918117497852563,-525.0101376604388,1799.2401730081772,-15059.055875000002,0.04060913705583756,2007-01-01,2026-06-30
Copper,LP,/MT,5th trading day of month,Same Day (Shift-0),5,60,"MA(5,60)",2007-2016,0.14324009114715333,264.3083444180522,1845.2120652905974,-5977.223749999999,0.0,2007-01-01,2016-12-31
Copper,LP,/MT,5th trading day of month,Same Day (Shift-0),5,60,"MA(5,60)",2017-2022,-0.0383625199861978,-60.25158653465387,1570.584689335617,-4863.247925000003,0.0,2017-01-01,2022-12-31
Copper,LP,/MT,5th trading day of month,Same Day (Shift-0),5,60,"MA(5,60)",Post-2022,-0.025479426259833793,-51.47695389330244,2020.3341067554416,-3500.6862399999973,0.0,2023-01-01,2026-06-30
Copper,LP,/MT,5th trading day of month,Same Day (Shift-0),5,60,"MA(5,60)",Full (2007-now),0.05734104796945126,103.13241430138099,1798.579167167041,-8231.548914999998,0.0,2007-01-01,2026-06-30
Copper,LP,/MT,5th trading day of month,Same Day (Shift-0),20,250,"MA(20,250)",2007-2016,0.03030337133839298,55.91667755344412,1845.2295927417244,-5473.847500000001,0.0,2007-01-01,2016-12-31
Copper,LP,/MT,5th trading day of month,Same Day (Shift-0),20,250,"MA(20,250)",2017-2022,0.3885833556280515,610.059564356436,1569.9580425168276,-2411.0525,0.0,2017-01-01,2022-12-31
Copper,LP,/MT,5th trading day of month,Same Day (Shift-0),20,250,"MA(20,250)",Post-2022,-0.041293570056769945,-83.46065945516375,2021.1538828060386,-4136.71459,0.0,2023-01-01,2026-06-30
Copper,LP,/MT,5th trading day of month,Same Day (Shift-0),20,250,"MA(20,250)",Full (2007-now),0.11251570459918073,202.37519222583296,1798.6395138950813,-5473.847500000001,0.0,2007-01-01,2026-06-30
Copper,LP,/MT,5th trading day of month,Lag-1 (Shift-1),1,5,"MA(1,5)",2007-2016,-0.33688301877704163,-621.4518901425179,1844.7112365548223,-9657.626249999998,0.0,2007-01-01,2016-12-31
Copper,LP,/MT,5th trading day of month,Lag-1 (Shift-1),1,5,"MA(1,5)",2017-2022,-0.27731904220041176,-435.81794352475316,1571.5399132591774,-4944.121195000002,0.0,2017-01-01,2022-12-31
Copper,LP,/MT,5th trading day of month,Lag-1 (Shift-1),1,5,"MA(1,5)",Post-2022,0.4098931497229784,828.6450339841124,2021.6123019966121,-3469.7599599999958,0.0,2023-01-01,2026-06-30
Copper,LP,/MT,5th trading day of month,Lag-1 (Shift-1),1,5,"MA(1,5)",Full (2007-now),-0.1699147460867301,-305.6956779041426,1799.1121132482842,-12630.702004999997,0.0,2007-01-01,2026-06-30
Copper,LP,/MT,5th trading day of month,Lag-1 (Shift-1),5,20,"MA(5,20)",2007-2016,0.444006798365039,818.9233325415677,1844.3936794595932,-6831.987249999997,0.0,2007-01-01,2016-12-31
Copper,LP,/MT,5th trading day of month,Lag-1 (Shift-1),5,20,"MA(5,20)",2017-2022,0.04762449924989157,74.79407405940559,1570.4957582220852,-3424.0762750000017,0.0,2017-01-01,2022-12-31
Copper,LP,/MT,5th trading day of month,Lag-1 (Shift-1),5,20,"MA(5,20)",Post-2022,-0.5059206899538663,-1022.3171697616324,2020.7063875068147,-4027.7972950000003,0.0,2023-01-01,2026-06-30
Copper,LP,/MT,5th trading day of month,Lag-1 (Shift-1),5,20,"MA(5,20)",Full (2007-now),0.14415197730875443,259.28379643379395,1798.683592653346,-6831.987249999997,0.0,2007-01-01,2026-06-30
Copper,LP,/MT,5th trading day of month,Lag-1 (Shift-1),10,60,"MA(10,60)",2007-2016,0.43232169472357207,797.4259542755344,1844.5198656648754,-3524.33575,0.0,2007-01-01,2016-12-31
Copper,LP,/MT,5th trading day of month,Lag-1 (Shift-1),10,60,"MA(10,60)",2017-2022,0.1649480010895104,259.08868514851486,1570.7294628439795,-4800.267125000001,0.0,2017-01-01,2022-12-31
Copper,LP,/MT,5th trading day of month,Lag-1 (Shift-1),10,60,"MA(10,60)",Post-2022,-0.23077905614196836,-466.5044037003394,2021.4330169257644,-4278.546029999998,0.0,2023-01-01,2026-06-30
Copper,LP,/MT,5th trading day of month,Lag-1 (Shift-1),10,60,"MA(10,60)",Full (2007-now),0.2227269073386911,400.61746930138116,1798.6936292891621,-6812.361654999996,0.0,2007-01-01,2026-06-30
Copper,LP,/MT,5th trading day of month,Lag-1 (Shift-1),1,20,"MA(1,20)",2007-2016,0.0706976825600875,130.22928652019016,1845.430601219439,-9851.381937500006,0.03957261574990107,2007-01-01,2016-12-31
Copper,LP,/MT,5th trading day of month,Lag-1 (Shift-1),1,20,"MA(1,20)",2017-2022,-0.21755016136449265,-341.8576589108916,1571.1282649433826,-6368.614850000004,0.06596306068601583,2017-01-01,2022-12-31
Copper,LP,/MT,5th trading day of month,Lag-1 (Shift-1),1,20,"MA(1,20)",Post-2022,-0.11030994794280331,-223.00493577752152,2021.6212584303964,-3303.8903749999977,0.0,2023-01-01,2026-06-30
Copper,LP,/MT,5th trading day of month,Lag-1 (Shift-1),1,20,"MA(1,20)",Full (2007-now),-0.043934456701664674,-79.19598779853729,1799.1551141548114,-13900.985500000008,0.04060913705583756,2007-01-01,2026-06-30
Copper,LP,/MT,5th trading day of month,Lag-1 (Shift-1),5,60,"MA(5,60)",2007-2016,0.25615677262267433,472.58367577197146,1844.9001794229337,-5009.020374999999,0.0,2007-01-01,2016-12-31
Copper,LP,/MT,5th trading day of month,Lag-1 (Shift-1),5,60,"MA(5,60)",2017-2022,0.06601972827572176,103.69914273267317,1570.7296203884518,-4693.053505000003,0.0,2017-01-01,2022-12-31
Copper,LP,/MT,5th trading day of month,Lag-1 (Shift-1),5,60,"MA(5,60)",Post-2022,-0.4005810770385461,-809.3725230646995,2020.4961478667583,-5359.476354999995,0.0,2023-01-01,2026-06-30
Copper,LP,/MT,5th trading day of month,Lag-1 (Shift-1),5,60,"MA(5,60)",Full (2007-now),0.06939382423446985,124.81861361088532,1798.6991636192956,-8145.762984999998,0.0,2007-01-01,2026-06-30
Copper,LP,/MT,5th trading day of month,Lag-1 (Shift-1),20,250,"MA(20,250)",2007-2016,0.11462201695451917,211.47728266033258,1844.997045761676,-6171.89725,0.0,2007-01-01,2016-12-31
Copper,LP,/MT,5th trading day of month,Lag-1 (Shift-1),20,250,"MA(20,250)",2017-2022,0.4149887651124848,651.412527326733,1569.711235797346,-2344.486875,0.0,2017-01-01,2022-12-31
Copper,LP,/MT,5th trading day of month,Lag-1 (Shift-1),20,250,"MA(20,250)",Post-2022,-0.08355039633150504,-168.88512830873833,2021.356399539369,-4813.720494999998,0.0,2023-01-01,2026-06-30
Copper,LP,/MT,5th trading day of month,Lag-1 (Shift-1),20,250,"MA(20,250)",Full (2007-now),0.15547247996778008,279.61663624289235,1798.4960187220263,-6171.89725,0.0,2007-01-01,2026-06-30
Aluminium,LA,/MT,5 days before last trading day,Same Day (Shift-0),1,5,"MA(1,5)",2007-2016,0.015714954480073484,7.619886163895556,484.8812113046558,-970.9622499999998,0.0,2007-01-01,2016-12-31
Aluminium,LA,/MT,5 days before last trading day,Same Day (Shift-0),1,5,"MA(1,5)",2017-2022,0.4404460684818402,236.15754095049587,536.1781108967551,-779.1124624999989,0.0,2017-01-01,2022-12-31
Aluminium,LA,/MT,5 days before last trading day,Same Day (Shift-0),1,5,"MA(1,5)",Post-2022,0.9249766418977527,508.6198600794543,549.8731935932252,-653.4898774999996,0.0,2023-01-01,2026-06-30
Aluminium,LA,/MT,5 days before last trading day,Same Day (Shift-0),1,5,"MA(1,5)",Full (2007-now),0.33404982991879073,171.4541090008125,513.2590818636068,-970.9622499999998,0.0,2007-01-01,2026-06-30
Aluminium,LA,/MT,5 days before last trading day,Same Day (Shift-0),5,20,"MA(5,20)",2007-2016,-0.3010919153328236,-145.9959044536817,484.8881587946309,-2056.4842000000003,0.0,2007-01-01,2016-12-31
Aluminium,LA,/MT,5 days before last trading day,Same Day (Shift-0),5,20,"MA(5,20)",2017-2022,-0.48960842374085956,-262.6434936237623,536.6075951004226,-1718.9462325,0.06596306068601583,2017-01-01,2022-12-31
Aluminium,LA,/MT,5 days before last trading day,Same Day (Shift-0),5,20,"MA(5,20)",Post-2022,-0.24147852081018342,-133.15972760499395,551.4350806781091,-1083.8623024999972,0.0,2023-01-01,2026-06-30
Aluminium,LA,/MT,5 days before last trading day,Same Day (Shift-0),5,20,"MA(5,20)",Full (2007-now),-0.3419013123505624,-175.58849462022732,513.5887764382592,-4462.528162499997,0.02030456852791878,2007-01-01,2026-06-30
Aluminium,LA,/MT,5 days before last trading day,Same Day (Shift-0),10,60,"MA(10,60)",2007-2016,0.01555200151547658,7.539361638954858,484.78400876260594,-1680.4715124999998,0.0,2007-01-01,2016-12-31
Aluminium,LA,/MT,5 days before last trading day,Same Day (Shift-0),10,60,"MA(10,60)",2017-2022,0.21655524287422276,116.2195959801981,536.6741272927735,-1610.7729999999997,0.0,2017-01-01,2022-12-31
Aluminium,LA,/MT,5 days before last trading day,Same Day (Shift-0),10,60,"MA(10,60)",Post-2022,0.0430986655919217,23.771343064699987,551.5563588389991,-1182.6984424999991,0.0,2023-01-01,2026-06-30
Aluminium,LA,/MT,5 days before last trading day,Same Day (Shift-0),10,60,"MA(10,60)",Full (2007-now),0.07776319421029376,39.93768250406187,513.5807872816931,-3141.2110125,0.0,2007-01-01,2026-06-30
Aluminium,LA,/MT,5 days before last trading day,Same Day (Shift-0),1,20,"MA(1,20)",2007-2016,0.11129152554790168,53.96672155581952,484.91312604562484,-1270.0206624999994,0.0,2007-01-01,2016-12-31
Aluminium,LA,/MT,5 days before last trading day,Same Day (Shift-0),1,20,"MA(1,20)",2017-2022,-0.21258644554417094,-114.08626752475223,536.6582391117101,-1245.1568049999998,0.0,2017-01-01,2022-12-31
Aluminium,LA,/MT,5 days before last trading day,Same Day (Shift-0),1,20,"MA(1,20)",Post-2022,0.09716672350938231,53.59040366628955,551.5304183444543,-838.214774999996,0.0,2023-01-01,2026-06-30
Aluminium,LA,/MT,5 days before last trading day,Same Day (Shift-0),1,20,"MA(1,20)",Full (2007-now),0.01190060053555511,6.112694756295985,513.6459070307628,-2345.572217499994,0.0,2007-01-01,2026-06-30
Aluminium,LA,/MT,5 days before last trading day,Same Day (Shift-0),5,60,"MA(5,60)",2007-2016,-0.13985963648456642,-67.83141413301661,484.99635661860054,-2276.7752499999997,0.0,2007-01-01,2016-12-31
Aluminium,LA,/MT,5 days before last trading day,Same Day (Shift-0),5,60,"MA(5,60)",2017-2022,0.4169546590490903,223.68914940594067,536.483151228212,-1208.4591749999997,0.0,2017-01-01,2022-12-31
Aluminium,LA,/MT,5 days before last trading day,Same Day (Shift-0),5,60,"MA(5,60)",Post-2022,0.2571124784823313,141.80546574347326,551.5308575473053,-1149.2215700000017,0.0,2023-01-01,2026-06-30
Aluminium,LA,/MT,5 days before last trading day,Same Day (Shift-0),5,60,"MA(5,60)",Full (2007-now),0.10907263740902773,56.02809028635258,513.6768635771087,-2276.7752499999997,0.0,2007-01-01,2026-06-30
Aluminium,LA,/MT,5 days before last trading day,Same Day (Shift-0),20,250,"MA(20,250)",2007-2016,-0.09232790326867168,-41.87669233966746,478.57344670936277,-1478.0874249999997,5.2631578947368425,2007-01-01,2016-12-31
Aluminium,LA,/MT,5 days before last trading day,Same Day (Shift-0),20,250,"MA(20,250)",2017-2022,0.6205781408915093,332.8182026732673,536.3034576034983,-1172.2056875,0.0,2017-01-01,2022-12-31
Aluminium,LA,/MT,5 days before last trading day,Same Day (Shift-0),20,250,"MA(20,250)",Post-2022,-0.09843931390048698,-54.30563244040891,551.6661005511158,-1353.6589000000008,0.0,2023-01-01,2026-06-30
Aluminium,LA,/MT,5 days before last trading day,Same Day (Shift-0),20,250,"MA(20,250)",Full (2007-now),0.1497353743727179,74.5284951299756,511.44527910578176,-1478.0874249999997,2.700507614213198,2007-01-01,2026-06-30
Aluminium,LA,/MT,5 days before last trading day,Lag-1 (Shift-1),1,5,"MA(1,5)",2007-2016,-0.2887476996912568,-140.00134097387183,484.8569914966185,-1916.8748249999999,0.0,2007-01-01,2016-12-31
Aluminium,LA,/MT,5 days before last trading day,Lag-1 (Shift-1),1,5,"MA(1,5)",2017-2022,-0.10236092125748485,-54.91969235643529,536.5298756767437,-1133.553907500001,0.0,2017-01-01,2022-12-31
Aluminium,LA,/MT,5 days before last trading day,Lag-1 (Shift-1),1,5,"MA(1,5)",Post-2022,-0.46840571287241134,-258.3480509080595,551.5476088534189,-1413.4471725000012,0.0,2023-01-01,2026-06-30
Aluminium,LA,/MT,5 days before last trading day,Lag-1 (Shift-1),1,5,"MA(1,5)",Full (2007-now),-0.26933804564650554,-138.32675976238835,513.5804688504209,-3320.7942824999973,0.0,2007-01-01,2026-06-30
Aluminium,LA,/MT,5 days before last trading day,Lag-1 (Shift-1),5,20,"MA(5,20)",2007-2016,-0.33839691688585927,-164.08542790973868,484.8904340493281,-1919.3014000000003,0.0,2007-01-01,2016-12-31
Aluminium,LA,/MT,5 days before last trading day,Lag-1 (Shift-1),5,20,"MA(5,20)",2017-2022,-0.42730889153705665,-229.26986863366338,536.6885149532992,-1633.5161725000012,0.06596306068601583,2017-01-01,2022-12-31
Aluminium,LA,/MT,5 days before last trading day,Lag-1 (Shift-1),5,20,"MA(5,20)",Post-2022,-0.3680239657227731,-202.95756204313275,551.4791995802187,-1309.9763899999994,0.0,2023-01-01,2026-06-30
Aluminium,LA,/MT,5 days before last trading day,Lag-1 (Shift-1),5,20,"MA(5,20)",Full (2007-now),-0.36427748766325824,-187.0882887977254,513.6160348354402,-4142.611139999997,0.02030456852791878,2007-01-01,2026-06-30
Aluminium,LA,/MT,5 days before last trading day,Lag-1 (Shift-1),10,60,"MA(10,60)",2007-2016,-0.22423775120537318,-108.73829679334914,484.9241316809262,-2449.249725,0.0,2007-01-01,2016-12-31
Aluminium,LA,/MT,5 days before last trading day,Lag-1 (Shift-1),10,60,"MA(10,60)",2017-2022,0.16163347422474583,86.74759300990115,536.6932402212774,-1424.2012499999998,0.0,2017-01-01,2022-12-31
Aluminium,LA,/MT,5 days before last trading day,Lag-1 (Shift-1),10,60,"MA(10,60)",Post-2022,0.08218260791735588,45.32521627695836,551.5183495094012,-1254.8985400000008,0.0,2023-01-01,2026-06-30
Aluminium,LA,/MT,5 days before last trading day,Lag-1 (Shift-1),10,60,"MA(10,60)",Full (2007-now),-0.048521394851677085,-24.923911200243634,513.6684812221998,-3762.4198499999993,0.0,2007-01-01,2026-06-30
Aluminium,LA,/MT,5 days before last trading day,Lag-1 (Shift-1),1,20,"MA(1,20)",2007-2016,0.02553814899968529,12.380876722090282,484.7992985804435,-1520.9961250000003,0.0,2007-01-01,2016-12-31
Aluminium,LA,/MT,5 days before last trading day,Lag-1 (Shift-1),1,20,"MA(1,20)",2017-2022,-0.3797342892652439,-203.7956597821781,536.6796350587848,-1382.673409999998,0.0,2017-01-01,2022-12-31
Aluminium,LA,/MT,5 days before last trading day,Lag-1 (Shift-1),1,20,"MA(1,20)",Post-2022,-0.01684201933322478,-9.288762905789808,551.5231114516995,-928.7191750000009,0.0,2023-01-01,2026-06-30
Aluminium,LA,/MT,5 days before last trading day,Lag-1 (Shift-1),1,20,"MA(1,20)",Full (2007-now),-0.10527905215087113,-54.07254469740056,513.6116216159639,-2832.402960000002,0.0,2007-01-01,2026-06-30
Aluminium,LA,/MT,5 days before last trading day,Lag-1 (Shift-1),5,60,"MA(5,60)",2007-2016,-0.012939914247299,-6.27496710213776,484.93111949699045,-1316.4003749999995,0.0,2007-01-01,2016-12-31
Aluminium,LA,/MT,5 days before last trading day,Lag-1 (Shift-1),5,60,"MA(5,60)",2017-2022,0.2205099633963058,118.36077011881189,536.7592842328447,-1540.0941250000005,0.0,2017-01-01,2022-12-31
Aluminium,LA,/MT,5 days before last trading day,Lag-1 (Shift-1),5,60,"MA(5,60)",Post-2022,0.36332805082980113,200.21111816118085,551.0477864396123,-954.5598799999998,0.0,2023-01-01,2026-06-30
Aluminium,LA,/MT,5 days before last trading day,Lag-1 (Shift-1),5,60,"MA(5,60)",Full (2007-now),0.1267101831757015,65.07828491673442,513.5994857374187,-2454.2786375000005,0.0,2007-01-01,2026-06-30
Aluminium,LA,/MT,5 days before last trading day,Lag-1 (Shift-1),20,250,"MA(20,250)",2007-2016,-0.06138963534438942,-27.827205997624706,478.48155073973345,-1311.1426124999998,5.302730510486743,2007-01-01,2016-12-31
Aluminium,LA,/MT,5 days before last trading day,Lag-1 (Shift-1),20,250,"MA(20,250)",2017-2022,0.64218323148962,344.3570581188119,536.228666886918,-1172.2056874999998,0.0,2017-01-01,2022-12-31
Aluminium,LA,/MT,5 days before last trading day,Lag-1 (Shift-1),20,250,"MA(20,250)",Post-2022,-0.02922594434567068,-16.122409375709783,551.6471661282022,-1193.8613150000008,0.0,2023-01-01,2026-06-30
Aluminium,LA,/MT,5 days before last trading day,Lag-1 (Shift-1),20,250,"MA(20,250)",Full (2007-now),0.1851385489011968,92.11781032493903,511.37397737867167,-1311.1426124999998,2.720812182741117,2007-01-01,2026-06-30
Aluminium,LA,/MT,5th trading day of month,Same Day (Shift-0),1,5,"MA(1,5)",2007-2016,0.024882839106604125,12.061437292161598,484.7291436675482,-977.9924999999997,0.0,2007-01-01,2016-12-31
Aluminium,LA,/MT,5th trading day of month,Same Day (Shift-0),1,5,"MA(1,5)",2017-2022,0.44379563900529523,237.9310238019811,536.1274489656313,-780.1888149999991,0.0,2017-01-01,2022-12-31
Aluminium,LA,/MT,5th trading day of month,Same Day (Shift-0),1,5,"MA(1,5)",Post-2022,0.9337912733593307,511.61246519863676,547.8873917488027,-644.9673650000003,0.0,2023-01-01,2026-06-30
Aluminium,LA,/MT,5th trading day of month,Same Day (Shift-0),1,5,"MA(1,5)",Full (2007-now),0.34090827693679066,174.81370887489854,512.7881037259519,-977.9924999999997,0.0,2007-01-01,2026-06-30
Aluminium,LA,/MT,5th trading day of month,Same Day (Shift-0),5,20,"MA(5,20)",2007-2016,-0.28430271565888615,-137.80296270783847,484.70505245956946,-1999.09815,0.0,2007-01-01,2016-12-31
Aluminium,LA,/MT,5th trading day of month,Same Day (Shift-0),5,20,"MA(5,20)",2017-2022,-0.4785397808422709,-256.60834520792076,536.3994268342097,-1683.0504325000002,0.06596306068601583,2017-01-01,2022-12-31
Aluminium,LA,/MT,5th trading day of month,Same Day (Shift-0),5,20,"MA(5,20)",Post-2022,-0.2471157613858582,-135.80663720771778,549.5668768600435,-1105.1441299999972,0.0,2023-01-01,2026-06-30
Aluminium,LA,/MT,5th trading day of month,Same Day (Shift-0),5,20,"MA(5,20)",Full (2007-now),-0.33135394281269637,-170.00224495735165,513.0746018655122,-4389.853147499995,0.02030456852791878,2007-01-01,2026-06-30
Aluminium,LA,/MT,5th trading day of month,Same Day (Shift-0),10,60,"MA(10,60)",2007-2016,0.034271099698021106,16.609633254156748,484.6542247115528,-1623.59815,0.0,2007-01-01,2016-12-31
Aluminium,LA,/MT,5th trading day of month,Same Day (Shift-0),10,60,"MA(10,60)",2017-2022,0.23803297165798937,127.69884677227735,536.4754549876295,-1571.3962499999996,0.0,2017-01-01,2022-12-31
Aluminium,LA,/MT,5th trading day of month,Same Day (Shift-0),10,60,"MA(10,60)",Post-2022,0.04810382218490797,26.445020158911046,549.7488340377217,-1167.2485199999976,0.0,2023-01-01,2026-06-30
Aluminium,LA,/MT,5th trading day of month,Same Day (Shift-0),10,60,"MA(10,60)",Full (2007-now),0.09471874296693138,48.600980751421744,513.1083799157843,-3045.24265,0.0,2007-01-01,2026-06-30
Aluminium,LA,/MT,5th trading day of month,Same Day (Shift-0),1,20,"MA(1,20)",2007-2016,0.12922888998971002,62.64374821852735,484.75033890266656,-1242.91725,0.0,2007-01-01,2016-12-31
Aluminium,LA,/MT,5th trading day of month,Same Day (Shift-0),1,20,"MA(1,20)",2017-2022,-0.205132943529103,-110.05231972277205,536.4926658265327,-1244.223555,0.0,2017-01-01,2022-12-31
Aluminium,LA,/MT,5th trading day of month,Same Day (Shift-0),1,20,"MA(1,20)",Post-2022,0.0992322271778429,54.54292862656167,549.6493445502381,-837.0816799999964,0.0,2023-01-01,2026-06-30
Aluminium,LA,/MT,5th trading day of month,Same Day (Shift-0),1,20,"MA(1,20)",Full (2007-now),0.02333718401371478,11.975565341186277,513.1538292772808,-2257.013799999995,0.0,2007-01-01,2026-06-30
Aluminium,LA,/MT,5th trading day of month,Same Day (Shift-0),5,60,"MA(5,60)",2007-2016,-0.12209773252263766,-59.20338954869359,484.88524991827296,-2250.2365,0.0,2007-01-01,2016-12-31
Aluminium,LA,/MT,5th trading day of month,Same Day (Shift-0),5,60,"MA(5,60)",2017-2022,0.4361839963589435,233.91097841584173,536.2667598270897,-1176.31155,0.0,2017-01-01,2022-12-31
Aluminium,LA,/MT,5th trading day of month,Same Day (Shift-0),5,60,"MA(5,60)",Post-2022,0.2509110329422759,137.92916083995436,549.713415239441,-1155.6957750000015,0.0,2023-01-01,2026-06-30
Aluminium,LA,/MT,5th trading day of month,Same Day (Shift-0),5,60,"MA(5,60)",Full (2007-now),0.12257434500345624,62.9057175060926,513.204598436311,-2250.2365,0.0,2007-01-01,2026-06-30
Aluminium,LA,/MT,5th trading day of month,Same Day (Shift-0),20,250,"MA(20,250)",2007-2016,-0.08209190801792011,-37.23306858669833,478.5614159225807,-1466.7693749999999,5.2631578947368425,2007-01-01,2016-12-31
Aluminium,LA,/MT,5th trading day of month,Same Day (Shift-0),20,250,"MA(20,250)",2017-2022,0.6348435038105313,340.3723663366336,536.1516094810944,-1169.75,0.0,2017-01-01,2022-12-31
Aluminium,LA,/MT,5th trading day of month,Same Day (Shift-0),20,250,"MA(20,250)",Post-2022,-0.10485836539860519,-57.64448656072656,549.7366504007447,-1335.3397650000006,0.0,2023-01-01,2026-06-30
Aluminium,LA,/MT,5th trading day of month,Same Day (Shift-0),20,250,"MA(20,250)",Full (2007-now),0.1581251802011064,78.63751646831842,511.0106961142773,-1466.7693749999999,2.700507614213198,2007-01-01,2026-06-30
Aluminium,LA,/MT,5th trading day of month,Lag-1 (Shift-1),1,5,"MA(1,5)",2007-2016,-0.2762324234120964,-133.90015510688843,484.73728555438237,-1863.8115750000006,0.0,2007-01-01,2016-12-31
Aluminium,LA,/MT,5th trading day of month,Lag-1 (Shift-1),1,5,"MA(1,5)",2017-2022,-0.09839943403658205,-52.7837777821779,536.423591242958,-1115.8980250000009,0.0,2017-01-01,2022-12-31
Aluminium,LA,/MT,5th trading day of month,Lag-1 (Shift-1),1,5,"MA(1,5)",Post-2022,-0.4671989136049909,-256.7507963904655,549.5534961957213,-1402.662645000002,0.0,2023-01-01,2026-06-30
Aluminium,LA,/MT,5th trading day of month,Lag-1 (Shift-1),1,5,"MA(1,5)",Full (2007-now),-0.2616493860414565,-134.25391506092606,513.1061726995779,-3236.011714999999,0.0,2007-01-01,2026-06-30
Aluminium,LA,/MT,5th trading day of month,Lag-1 (Shift-1),5,20,"MA(5,20)",2007-2016,-0.3194691345848178,-154.85337897862232,484.72093925402163,-1896.3284000000003,0.0,2007-01-01,2016-12-31
Aluminium,LA,/MT,5th trading day of month,Lag-1 (Shift-1),5,20,"MA(5,20)",2017-2022,-0.4184731043393674,-224.42757427722762,536.4413612155571,-1604.896572500001,0.06596306068601583,2017-01-01,2022-12-31
Aluminium,LA,/MT,5th trading day of month,Lag-1 (Shift-1),5,20,"MA(5,20)",Post-2022,-0.3779014536196444,-207.71006465380225,549.6408194895731,-1338.1550199999988,0.0,2023-01-01,2026-06-30
Aluminium,LA,/MT,5th trading day of month,Lag-1 (Shift-1),5,20,"MA(5,20)",Full (2007-now),-0.35416330501407106,-181.71272487611688,513.1025726567219,-4088.1573574999975,0.02030456852791878,2007-01-01,2026-06-30
Aluminium,LA,/MT,5th trading day of month,Lag-1 (Shift-1),10,60,"MA(10,60)",2007-2016,-0.20664500532285157,-100.18582980997627,484.820959758747,-2394.9434250000004,0.0,2007-01-01,2016-12-31
Aluminium,LA,/MT,5th trading day of month,Lag-1 (Shift-1),10,60,"MA(10,60)",2017-2022,0.18337991244029966,98.38328340594079,536.4997839551811,-1383.8839999999996,0.0,2017-01-01,2022-12-31
Aluminium,LA,/MT,5th trading day of month,Lag-1 (Shift-1),10,60,"MA(10,60)",Post-2022,0.08703196285125124,47.842537525539434,549.7122661396073,-1242.453215,0.0,2023-01-01,2026-06-30
Aluminium,LA,/MT,5th trading day of month,Lag-1 (Shift-1),10,60,"MA(10,60)",Full (2007-now),-0.03216240356592738,-16.506087770105538,513.2106416198312,-3668.07805,0.0,2007-01-01,2026-06-30
Aluminium,LA,/MT,5th trading day of month,Lag-1 (Shift-1),1,20,"MA(1,20)",2007-2016,0.04050891124999705,19.631997149643745,484.6340359158672,-1518.2452500000002,0.0,2007-01-01,2016-12-31
Aluminium,LA,/MT,5th trading day of month,Lag-1 (Shift-1),1,20,"MA(1,20)",2017-2022,-0.3685540676518297,-197.73483730693047,536.5151402798493,-1346.6232599999978,0.0,2017-01-01,2022-12-31
Aluminium,LA,/MT,5th trading day of month,Lag-1 (Shift-1),1,20,"MA(1,20)",Post-2022,-0.019872208689568474,-10.922931418842964,549.6586509066174,-963.7817150000002,0.0,2023-01-01,2026-06-30
Aluminium,LA,/MT,5th trading day of month,Lag-1 (Shift-1),1,20,"MA(1,20)",Full (2007-now),-0.09506598303923289,-48.78034855808293,513.1209608167804,-2767.374505000002,0.0,2007-01-01,2026-06-30
Aluminium,LA,/MT,5th trading day of month,Lag-1 (Shift-1),5,60,"MA(5,60)",2007-2016,0.005405667668272861,2.6207451306413208,484.814326641479,-1287.4664999999995,0.0,2007-01-01,2016-12-31
Aluminium,LA,/MT,5th trading day of month,Lag-1 (Shift-1),5,60,"MA(5,60)",2017-2022,0.24059291037373026,129.09125655445544,536.5546987811434,-1505.2188750000005,0.0,2017-01-01,2022-12-31
Aluminium,LA,/MT,5th trading day of month,Lag-1 (Shift-1),5,60,"MA(5,60)",Post-2022,0.35976646429173975,197.59719309875177,549.2373878920449,-956.6207649999988,0.0,2023-01-01,2026-06-30
Aluminium,LA,/MT,5th trading day of month,Lag-1 (Shift-1),5,60,"MA(5,60)",Full (2007-now),0.14124252007928764,72.4756017465476,513.128778117686,-2391.4164,0.0,2007-01-01,2026-06-30
Aluminium,LA,/MT,5th trading day of month,Lag-1 (Shift-1),20,250,"MA(20,250)",2007-2016,-0.053040810328517804,-24.042250296912126,478.47099004180774,-1291.8962499999998,5.302730510486743,2007-01-01,2016-12-31
Aluminium,LA,/MT,5th trading day of month,Lag-1 (Shift-1),20,250,"MA(20,250)",2017-2022,0.6566012511342542,352.00066930693066,536.0950328663898,-1169.75,0.0,2017-01-01,2022-12-31
Aluminium,LA,/MT,5th trading day of month,Lag-1 (Shift-1),20,250,"MA(20,250)",Post-2022,-0.03569363337802006,-19.621445107832365,549.7183461271036,-1176.1021800000008,0.0,2023-01-01,2026-06-30
Aluminium,LA,/MT,5th trading day of month,Lag-1 (Shift-1),20,250,"MA(20,250)",Full (2007-now),0.19267038700533468,95.78519833671804,510.9463564136296,-1291.8962499999998,2.720812182741117,2007-01-01,2026-06-30
WTI,CL,/bbl,5 days before last trading day,Same Day (Shift-0),1,5,"MA(1,5)",2007-2016,0.12256791673541467,3.2343090000000587,26.41669976390049,-80.06154499999987,0.039666798889329634,2007-01-01,2016-12-31
WTI,CL,/bbl,5 days before last trading day,Same Day (Shift-0),1,5,"MA(1,5)",2017-2022,-0.09057249041602884,-2.4448494639311678,26.981974818224135,-55.943027500000014,0.06613756613756613,2017-01-01,2022-12-31
WTI,CL,/bbl,5 days before last trading day,Same Day (Shift-0),1,5,"MA(1,5)",Post-2022,0.045249557838649326,1.384940421892836,30.606717237575022,-75.91618249999996,0.0,2023-01-01,2026-06-30
WTI,CL,/bbl,5 days before last trading day,Same Day (Shift-0),1,5,"MA(1,5)",Full (2007-now),0.033342836978325616,0.9107435254582835,27.384630894250595,-82.34873499999954,0.040724903278354714,2007-01-01,2026-06-30
WTI,CL,/bbl,5 days before last trading day,Same Day (Shift-0),5,20,"MA(5,20)",2007-2016,0.3220775955333155,8.503778750000004,26.402888210584585,-71.53023499999996,0.0,2007-01-01,2016-12-31
WTI,CL,/bbl,5 days before last trading day,Same Day (Shift-0),5,20,"MA(5,20)",2017-2022,0.546756818055569,14.743696538716085,26.96572964768704,-60.857849999999985,0.0,2017-01-01,2022-12-31
WTI,CL,/bbl,5 days before last trading day,Same Day (Shift-0),5,20,"MA(5,20)",Post-2022,-0.7873566112636234,-24.072679293044466,30.574048593318324,-116.17981749999997,0.0,2023-01-01,2026-06-30
WTI,CL,/bbl,5 days before last trading day,Same Day (Shift-0),5,20,"MA(5,20)",Full (2007-now),0.15923463587940254,4.359688020366606,27.379018366760654,-155.846575,0.0,2007-01-01,2026-06-30
WTI,CL,/bbl,5 days before last trading day,Same Day (Shift-0),10,60,"MA(10,60)",2007-2016,0.542329412106192,14.313390500000002,26.392428993316962,-69.00347499999984,0.0,2007-01-01,2016-12-31
WTI,CL,/bbl,5 days before last trading day,Same Day (Shift-0),10,60,"MA(10,60)",2017-2022,0.42686778010519416,11.51144589013898,26.967240036955204,-34.34418750000005,0.0,2017-01-01,2022-12-31
WTI,CL,/bbl,5 days before last trading day,Same Day (Shift-0),10,60,"MA(10,60)",Post-2022,0.11685247595269993,3.57703799315849,30.61157210401275,-52.28653500000004,0.0,2023-01-01,2026-06-30
WTI,CL,/bbl,5 days before last trading day,Same Day (Shift-0),10,60,"MA(10,60)",Full (2007-now),0.4248295307018965,11.627185564154786,27.369061526736477,-69.00347499999984,0.0,2007-01-01,2026-06-30
WTI,CL,/bbl,5 days before last trading day,Same Day (Shift-0),1,20,"MA(1,20)",2007-2016,0.2188870718775657,5.7799602500000065,26.406128970618344,-68.98231749999997,0.0,2007-01-01,2016-12-31
WTI,CL,/bbl,5 days before last trading day,Same Day (Shift-0),1,20,"MA(1,20)",2017-2022,0.48936585131275584,13.197982991396424,26.969562661538344,-45.71300250000006,0.0,2017-01-01,2022-12-31
WTI,CL,/bbl,5 days before last trading day,Same Day (Shift-0),1,20,"MA(1,20)",Post-2022,-0.1738459039248038,-5.319940535917889,30.601471854171514,-64.06276999999994,0.0,2023-01-01,2026-06-30
WTI,CL,/bbl,5 days before last trading day,Same Day (Shift-0),1,20,"MA(1,20)",Full (2007-now),0.21315876567848843,5.8355650264765835,27.376612957491425,-101.09111500000007,0.0,2007-01-01,2026-06-30
WTI,CL,/bbl,5 days before last trading day,Same Day (Shift-0),5,60,"MA(5,60)",2007-2016,0.6492540861660528,17.130599250000003,26.38504649413742,-56.087362499999855,0.0,2007-01-01,2016-12-31
WTI,CL,/bbl,5 days before last trading day,Same Day (Shift-0),5,60,"MA(5,60)",2017-2022,0.1387094555896783,3.7430488947716807,26.98481425696123,-42.827885,0.0,2017-01-01,2022-12-31
WTI,CL,/bbl,5 days before last trading day,Same Day (Shift-0),5,60,"MA(5,60)",Post-2022,0.21989484754588007,6.730041448118581,30.605725978706204,-43.13249499999997,0.0,2023-01-01,2026-06-30
WTI,CL,/bbl,5 days before last trading day,Same Day (Shift-0),5,60,"MA(5,60)",Full (2007-now),0.4108547081594773,11.245617788187372,27.37127642656167,-69.5115525000001,0.0,2007-01-01,2026-06-30
WTI,CL,/bbl,5 days before last trading day,Same Day (Shift-0),20,250,"MA(20,250)",2007-2016,0.20042133725629613,5.292969250000011,26.409210328895437,-141.6325999999999,0.0,2007-01-01,2016-12-31
WTI,CL,/bbl,5 days before last trading day,Same Day (Shift-0),20,250,"MA(20,250)",2017-2022,0.3936481561448515,10.618652084712103,26.974982402317508,-37.903522499999994,0.0,2017-01-01,2022-12-31
WTI,CL,/bbl,5 days before last trading day,Same Day (Shift-0),20,250,"MA(20,250)",Post-2022,-0.12532181577080526,-3.835585826681869,30.605890946366262,-45.42832499999997,0.0,2023-01-01,2026-06-30
WTI,CL,/bbl,5 days before last trading day,Same Day (Shift-0),20,250,"MA(20,250)",Full (2007-now),0.19718589165571107,5.398805914460288,27.379270743602024,-141.6325999999999,0.0,2007-01-01,2026-06-30
WTI,CL,/bbl,5 days before last trading day,Lag-1 (Shift-1),1,5,"MA(1,5)",2007-2016,0.5207197132499357,13.72832975,26.37899952690856,-45.424355000000034,0.039666798889329634,2007-01-01,2016-12-31
WTI,CL,/bbl,5 days before last trading day,Lag-1 (Shift-1),1,5,"MA(1,5)",2017-2022,-0.5005539408238517,-13.502096624751811,26.986880710264774,-141.52305499999989,0.06613756613756613,2017-01-01,2022-12-31
WTI,CL,/bbl,5 days before last trading day,Lag-1 (Shift-1),1,5,"MA(1,5)",Post-2022,-0.1973290048121016,-6.039335165336411,30.605410345464005,-80.70743750000003,0.0,2023-01-01,2026-06-30
WTI,CL,/bbl,5 days before last trading day,Lag-1 (Shift-1),1,5,"MA(1,5)",Full (2007-now),0.06985371971337795,1.909656384928714,27.377532849495626,-197.64228750000004,0.040724903278354714,2007-01-01,2026-06-30
WTI,CL,/bbl,5 days before last trading day,Lag-1 (Shift-1),5,20,"MA(5,20)",2007-2016,0.2615232649800396,6.907486500000019,26.412512479634366,-92.42324999999994,0.0,2007-01-01,2016-12-31
WTI,CL,/bbl,5 days before last trading day,Lag-1 (Shift-1),5,20,"MA(5,20)",2017-2022,0.38480881464860656,10.380893587028451,26.976756227655304,-59.292562500000045,0.0,2017-01-01,2022-12-31
WTI,CL,/bbl,5 days before last trading day,Lag-1 (Shift-1),5,20,"MA(5,20)",Post-2022,-0.6259356717505605,-19.14851452679589,30.591824992563613,-91.58865000000004,0.0,2023-01-01,2026-06-30
WTI,CL,/bbl,5 days before last trading day,Lag-1 (Shift-1),5,20,"MA(5,20)",Full (2007-now),0.11237198052561104,3.0773337983706806,27.385241267233127,-145.6140875,0.0,2007-01-01,2026-06-30
WTI,CL,/bbl,5 days before last trading day,Lag-1 (Shift-1),10,60,"MA(10,60)",2007-2016,0.44146767310593626,11.6528285,26.395655242470593,-73.85832999999992,0.0,2007-01-01,2016-12-31
WTI,CL,/bbl,5 days before last trading day,Lag-1 (Shift-1),10,60,"MA(10,60)",2017-2022,0.18661145517885047,5.0347352680344235,26.979776044343463,-40.252299999999984,0.0,2017-01-01,2022-12-31
WTI,CL,/bbl,5 days before last trading day,Lag-1 (Shift-1),10,60,"MA(10,60)",Post-2022,0.35164869742846266,10.760496259977183,30.600131149828123,-37.917447500000016,0.0,2023-01-01,2026-06-30
WTI,CL,/bbl,5 days before last trading day,Lag-1 (Shift-1),10,60,"MA(10,60)",Full (2007-now),0.3489592098123467,9.551618743380855,27.371734216492673,-73.85832999999992,0.0,2007-01-01,2026-06-30
WTI,CL,/bbl,5 days before last trading day,Lag-1 (Shift-1),1,20,"MA(1,20)",2007-2016,0.3159229730815906,8.340751000000001,26.401217102517922,-70.69688250000003,0.0,2007-01-01,2016-12-31
WTI,CL,/bbl,5 days before last trading day,Lag-1 (Shift-1),1,20,"MA(1,20)",2017-2022,0.3983714013404499,10.749879291859704,26.98456579887072,-61.82954999999998,0.0,2017-01-01,2022-12-31
WTI,CL,/bbl,5 days before last trading day,Lag-1 (Shift-1),1,20,"MA(1,20)",Post-2022,-0.38396667043468347,-11.747782405929312,30.595838937347892,-77.17609750000003,0.0,2023-01-01,2026-06-30
WTI,CL,/bbl,5 days before last trading day,Lag-1 (Shift-1),1,20,"MA(1,20)",Full (2007-now),0.19168965332454566,5.248373718940938,27.37953576479701,-113.0305750000005,0.0,2007-01-01,2026-06-30
WTI,CL,/bbl,5 days before last trading day,Lag-1 (Shift-1),5,60,"MA(5,60)",2007-2016,0.5932283971292452,15.655811499999999,26.390866613536556,-65.42702749999981,0.0,2007-01-01,2016-12-31
WTI,CL,/bbl,5 days before last trading day,Lag-1 (Shift-1),5,60,"MA(5,60)",2017-2022,0.3348996664732089,9.035251111846458,26.978979128273497,-37.07162250000001,0.0,2017-01-01,2022-12-31
WTI,CL,/bbl,5 days before last trading day,Lag-1 (Shift-1),5,60,"MA(5,60)",Post-2022,0.3185415855295285,9.746426852907648,30.597031268949234,-44.41207749999997,0.0,2023-01-01,2026-06-30
WTI,CL,/bbl,5 days before last trading day,Lag-1 (Shift-1),5,60,"MA(5,60)",Full (2007-now),0.46243173150748895,12.656090786150717,27.36856042489324,-65.42702749999981,0.0,2007-01-01,2026-06-30
WTI,CL,/bbl,5 days before last trading day,Lag-1 (Shift-1),20,250,"MA(20,250)",2007-2016,0.27501135815763394,7.261393000000012,26.40397490723947,-136.08692499999995,0.0,2007-01-01,2016-12-31
WTI,CL,/bbl,5 days before last trading day,Lag-1 (Shift-1),20,250,"MA(20,250)",2017-2022,0.4043128809111272,10.906718855062863,26.975937126920996,-44.7356875,0.0,2017-01-01,2022-12-31
WTI,CL,/bbl,5 days before last trading day,Lag-1 (Shift-1),20,250,"MA(20,250)",Post-2022,-0.12063043725034216,-3.691970250855195,30.605627692398365,-44.76856,0.0,2023-01-01,2026-06-30
WTI,CL,/bbl,5 days before last trading day,Lag-1 (Shift-1),20,250,"MA(20,250)",Full (2007-now),0.23827959697327286,6.523377727087579,27.376988252247582,-136.08692499999995,0.0,2007-01-01,2026-06-30
WTI,CL,/bbl,5th trading day of month,Same Day (Shift-0),1,5,"MA(1,5)",2007-2016,0.11219720180585721,2.946118500000049,26.288845915078824,-79.16779999999991,0.039666798889329634,2007-01-01,2016-12-31
WTI,CL,/bbl,5th trading day of month,Same Day (Shift-0),1,5,"MA(1,5)",2017-2022,-0.09279781867250547,-2.4833866181336917,26.75049227058313,-56.21865500000005,0.06613756613756613,2017-01-01,2022-12-31
WTI,CL,/bbl,5th trading day of month,Same Day (Shift-0),1,5,"MA(1,5)",Post-2022,0.13290176240493662,3.8748994070695852,29.156117548412983,-66.69586499999993,0.0,2023-01-01,2026-06-30
WTI,CL,/bbl,5th trading day of month,Same Day (Shift-0),1,5,"MA(1,5)",Full (2007-now),0.04443277136142028,1.1957179307535946,26.965948301027932,-79.16779999999991,0.040724903278354714,2007-01-01,2026-06-30
WTI,CL,/bbl,5th trading day of month,Same Day (Shift-0),5,20,"MA(5,20)",2007-2016,0.31345192439020636,8.23589100000001,26.27481396396664,-73.75840999999991,0.0,2007-01-01,2016-12-31
WTI,CL,/bbl,5th trading day of month,Same Day (Shift-0),5,20,"MA(5,20)",2017-2022,0.5615036752822754,15.010585135671745,26.732835057803896,-59.038589999999985,0.0,2017-01-01,2022-12-31
WTI,CL,/bbl,5th trading day of month,Same Day (Shift-0),5,20,"MA(5,20)",Post-2022,-0.7320627474282602,-21.325610627137966,29.13085073930471,-114.70442999999999,0.0,2023-01-01,2026-06-30
WTI,CL,/bbl,5th trading day of month,Same Day (Shift-0),5,20,"MA(5,20)",Full (2007-now),0.1778583945087108,4.7949977474541825,26.959636966808123,-153.81322499999987,0.0,2007-01-01,2026-06-30
WTI,CL,/bbl,5th trading day of month,Same Day (Shift-0),10,60,"MA(10,60)",2007-2016,0.5243480492530818,13.771842500000002,26.264696740299854,-67.80165000000005,0.0,2007-01-01,2016-12-31
WTI,CL,/bbl,5th trading day of month,Same Day (Shift-0),10,60,"MA(10,60)",2017-2022,0.436082768658384,11.659551343481146,26.737014579484427,-33.23842500000003,0.0,2017-01-01,2022-12-31
WTI,CL,/bbl,5th trading day of month,Same Day (Shift-0),10,60,"MA(10,60)",Post-2022,0.2259151975761525,6.588093181299884,29.161797222956377,-49.81613999999999,0.0,2023-01-01,2026-06-30
WTI,CL,/bbl,5th trading day of month,Same Day (Shift-0),10,60,"MA(10,60)",Full (2007-now),0.4427662521027402,11.932640101833,26.95020238142299,-67.80165000000005,0.0,2007-01-01,2026-06-30
WTI,CL,/bbl,5th trading day of month,Same Day (Shift-0),1,20,"MA(1,20)",2007-2016,0.20128770158691367,5.289453499999985,26.27807589981379,-70.01954500000006,0.0,2007-01-01,2016-12-31
WTI,CL,/bbl,5th trading day of month,Same Day (Shift-0),1,20,"MA(1,20)",2017-2022,0.5188257826023489,13.871439232296492,26.73621800890373,-44.63535500000009,0.0,2017-01-01,2022-12-31
WTI,CL,/bbl,5th trading day of month,Same Day (Shift-0),1,20,"MA(1,20)",Post-2022,-0.1162808924516877,-3.390026408209799,29.15377012279369,-62.89883499999994,0.0,2023-01-01,2026-06-30
WTI,CL,/bbl,5th trading day of month,Same Day (Shift-0),1,20,"MA(1,20)",Full (2007-now),0.22760881109680112,6.135778887983698,26.957563103188377,-99.13751500000006,0.0,2007-01-01,2026-06-30
WTI,CL,/bbl,5th trading day of month,Same Day (Shift-0),5,60,"MA(5,60)",2007-2016,0.6342671737009741,16.654287500000002,26.257527096698983,-54.67045000000002,0.0,2007-01-01,2016-12-31
WTI,CL,/bbl,5th trading day of month,Same Day (Shift-0),5,60,"MA(5,60)",2017-2022,0.15108357053213844,4.042104182660498,26.754094892142252,-41.46323000000001,0.0,2017-01-01,2022-12-31
WTI,CL,/bbl,5th trading day of month,Same Day (Shift-0),5,60,"MA(5,60)",Post-2022,0.3320540812236968,9.681067046750291,29.155091276316497,-42.98316500000001,0.0,2023-01-01,2026-06-30
WTI,CL,/bbl,5th trading day of month,Same Day (Shift-0),5,60,"MA(5,60)",Full (2007-now),0.43114190500611105,11.62028507535642,26.952344321973793,-66.88941000000005,0.0,2007-01-01,2026-06-30
WTI,CL,/bbl,5th trading day of month,Same Day (Shift-0),20,250,"MA(20,250)",2007-2016,0.18982843402302896,4.988822499999993,26.28069143421779,-135.62633500000004,0.0,2007-01-01,2016-12-31
WTI,CL,/bbl,5th trading day of month,Same Day (Shift-0),20,250,"MA(20,250)",2017-2022,0.41958562119868764,11.220885387160829,26.742778637419917,-37.82609499999998,0.0,2017-01-01,2022-12-31
WTI,CL,/bbl,5th trading day of month,Same Day (Shift-0),20,250,"MA(20,250)",Post-2022,0.001584745292099754,0.04621053591791654,29.159598169046184,-42.905984999999944,0.0,2023-01-01,2026-06-30
WTI,CL,/bbl,5th trading day of month,Same Day (Shift-0),20,250,"MA(20,250)",Full (2007-now),0.22705232548142598,6.121384350305501,26.960236312603904,-135.62633500000004,0.0,2007-01-01,2026-06-30
WTI,CL,/bbl,5th trading day of month,Lag-1 (Shift-1),1,5,"MA(1,5)",2007-2016,0.4852553410154929,12.73205524999998,26.252972381184836,-45.28161000000004,0.039666798889329634,2007-01-01,2016-12-31
WTI,CL,/bbl,5th trading day of month,Lag-1 (Shift-1),1,5,"MA(1,5)",2017-2022,-0.49943712473205026,-13.356283520847123,26.755079187117047,-141.50740499999995,0.06613756613756613,2017-01-01,2022-12-31
WTI,CL,/bbl,5th trading day of month,Lag-1 (Shift-1),1,5,"MA(1,5)",Post-2022,-0.13458241198710416,-3.9240896921322865,29.15752239979395,-79.32777499999999,0.0,2023-01-01,2026-06-30
WTI,CL,/bbl,5th trading day of month,Lag-1 (Shift-1),1,5,"MA(1,5)",Full (2007-now),0.06764950772172751,1.8210173095722866,26.95876691394885,-195.82950999999966,0.040724903278354714,2007-01-01,2026-06-30
WTI,CL,/bbl,5th trading day of month,Lag-1 (Shift-1),5,20,"MA(5,20)",2007-2016,0.2577617000919753,6.775048000000025,26.28415314448397,-91.99011499999993,0.0,2007-01-01,2016-12-31
WTI,CL,/bbl,5th trading day of month,Lag-1 (Shift-1),5,20,"MA(5,20)",2017-2022,0.3899189580878657,10.428128577101253,26.744348692969535,-58.04491500000003,0.0,2017-01-01,2022-12-31
WTI,CL,/bbl,5th trading day of month,Lag-1 (Shift-1),5,20,"MA(5,20)",Post-2022,-0.5707680659880908,-16.635976830102614,29.14664961380255,-90.59576999999997,0.0,2023-01-01,2026-06-30
WTI,CL,/bbl,5th trading day of month,Lag-1 (Shift-1),5,20,"MA(5,20)",Full (2007-now),0.12878039737492117,3.4726744521385053,26.965862219142195,-143.20324500000004,0.0,2007-01-01,2026-06-30
WTI,CL,/bbl,5th trading day of month,Lag-1 (Shift-1),10,60,"MA(10,60)",2007-2016,0.42722952363400185,11.2220595,26.26705056463676,-71.35375999999995,0.0,2007-01-01,2016-12-31
WTI,CL,/bbl,5th trading day of month,Lag-1 (Shift-1),10,60,"MA(10,60)",2017-2022,0.19621764481282078,5.248747227002002,26.749618934673155,-38.86269499999998,0.0,2017-01-01,2022-12-31
WTI,CL,/bbl,5th trading day of month,Lag-1 (Shift-1),10,60,"MA(10,60)",Post-2022,0.4704419578573129,13.711923420752555,29.146897277626422,-37.88349500000001,0.0,2023-01-01,2026-06-30
WTI,CL,/bbl,5th trading day of month,Lag-1 (Shift-1),10,60,"MA(10,60)",Full (2007-now),0.3681853737731088,9.923560863543795,26.952621071957925,-71.35375999999995,0.0,2007-01-01,2026-06-30
WTI,CL,/bbl,5th trading day of month,Lag-1 (Shift-1),1,20,"MA(1,20)",2007-2016,0.2948438287569246,7.746594999999999,26.273553130347032,-72.06345999999998,0.0,2007-01-01,2016-12-31
WTI,CL,/bbl,5th trading day of month,Lag-1 (Shift-1),1,20,"MA(1,20)",2017-2022,0.42209636202680756,11.291694718729318,26.751461833286726,-59.380289999999995,0.0,2017-01-01,2022-12-31
WTI,CL,/bbl,5th trading day of month,Lag-1 (Shift-1),1,20,"MA(1,20)",Post-2022,-0.3499720526206157,-10.20103327251996,29.14813681873708,-75.64052,0.0,2023-01-01,2026-06-30
WTI,CL,/bbl,5th trading day of month,Lag-1 (Shift-1),1,20,"MA(1,20)",Full (2007-now),0.19979040113661742,5.386440720977595,26.960458011665573,-109.98727500000042,0.0,2007-01-01,2026-06-30
WTI,CL,/bbl,5th trading day of month,Lag-1 (Shift-1),5,60,"MA(5,60)",2007-2016,0.5772045518386273,15.159443999999999,26.263555877567335,-62.9819999999999,0.0,2007-01-01,2016-12-31
WTI,CL,/bbl,5th trading day of month,Lag-1 (Shift-1),5,60,"MA(5,60)",2017-2022,0.344434769001288,9.213313461283922,26.749080785306752,-35.995295000000006,0.0,2017-01-01,2022-12-31
WTI,CL,/bbl,5th trading day of month,Lag-1 (Shift-1),5,60,"MA(5,60)",Post-2022,0.4357564487747498,12.699528506271392,29.14363870455536,-42.43643499999998,0.0,2023-01-01,2026-06-30
WTI,CL,/bbl,5th trading day of month,Lag-1 (Shift-1),5,60,"MA(5,60)",Full (2007-now),0.4817699980876219,12.983601226069249,26.949791970457778,-62.9819999999999,0.0,2007-01-01,2026-06-30
WTI,CL,/bbl,5th trading day of month,Lag-1 (Shift-1),20,250,"MA(20,250)",2007-2016,0.26305387870562924,6.911925999999991,26.275704559121102,-130.26231000000004,0.0,2007-01-01,2016-12-31
WTI,CL,/bbl,5th trading day of month,Lag-1 (Shift-1),20,250,"MA(20,250)",2017-2022,0.428919248936205,11.470962448709473,26.743874230777642,-44.632545,0.0,2017-01-01,2022-12-31
WTI,CL,/bbl,5th trading day of month,Lag-1 (Shift-1),20,250,"MA(20,250)",Post-2022,0.0029624335864730797,0.08638255416190954,29.15932176719349,-42.60622000000002,0.0,2023-01-01,2026-06-30
WTI,CL,/bbl,5th trading day of month,Lag-1 (Shift-1),20,250,"MA(20,250)",Full (2007-now),0.2668053092661333,7.192528570264763,26.957966428960198,-130.26231000000004,0.0,2007-01-01,2026-06-30
Brent,CO,/bbl,5 days before last trading day,Same Day (Shift-0),1,5,"MA(1,5)",2007-2016,-0.33535713320278787,-8.599029391708633,25.641408934960292,-171.41507000000001,0.0,2007-01-01,2016-12-31
Brent,CO,/bbl,5 days before last trading day,Same Day (Shift-0),1,5,"MA(1,5)",2017-2022,-0.03840861307303826,-1.0231919883795706,26.59517317146581,-49.69363249999996,0.45161290322580644,2017-01-01,2022-12-31
Brent,CO,/bbl,5 days before last trading day,Same Day (Shift-0),1,5,"MA(1,5)",Post-2022,0.16577374818703106,4.908532774694778,29.60983164328782,-50.35174500000002,0.0,2023-01-01,2026-06-30
Brent,CO,/bbl,5 days before last trading day,Same Day (Shift-0),1,5,"MA(1,5)",Full (2007-now),-0.144392837200208,-3.8488187360890183,26.678821450448645,-205.21697249999988,0.1390544298768375,2007-01-01,2026-06-30
Brent,CO,/bbl,5 days before last trading day,Same Day (Shift-0),5,20,"MA(5,20)",2007-2016,0.5211754993297983,13.352480689655161,25.619931686784366,-45.70411249999998,0.0,2007-01-01,2016-12-31
Brent,CO,/bbl,5 days before last trading day,Same Day (Shift-0),5,20,"MA(5,20)",2017-2022,0.3301137197242093,8.69049290510006,26.677031106953837,-105.17832249999995,1.2903225806451613,2017-01-01,2022-12-31
Brent,CO,/bbl,5 days before last trading day,Same Day (Shift-0),5,20,"MA(5,20)",Post-2022,-0.6930786086928155,-20.50237668146507,29.581603622327467,-115.12864750000001,0.0,2023-01-01,2026-06-30
Brent,CO,/bbl,5 days before last trading day,Same Day (Shift-0),5,20,"MA(5,20)",Full (2007-now),0.2201322705373347,5.852878533386315,26.69727263827052,-205.26128249999942,0.3972983710766786,2007-01-01,2026-06-30
Brent,CO,/bbl,5 days before last trading day,Same Day (Shift-0),10,60,"MA(10,60)",2007-2016,0.413121878744989,10.584786218519957,25.62146127596818,-97.33537000000007,0.0,2007-01-01,2016-12-31
Brent,CO,/bbl,5 days before last trading day,Same Day (Shift-0),10,60,"MA(10,60)",2017-2022,0.4783124689843402,12.39018112330536,26.952666839876937,-29.960000000000008,3.870967741935484,2017-01-01,2022-12-31
Brent,CO,/bbl,5 days before last trading day,Same Day (Shift-0),10,60,"MA(10,60)",Post-2022,0.26331154926091327,7.795158512763566,29.604316767128996,-44.259265000000056,0.0,2023-01-01,2026-06-30
Brent,CO,/bbl,5 days before last trading day,Same Day (Shift-0),10,60,"MA(10,60)",Full (2007-now),0.4021822430180715,10.638943086248009,26.774012058938943,-97.33537000000007,1.1918951132300357,2007-01-01,2026-06-30
Brent,CO,/bbl,5 days before last trading day,Same Day (Shift-0),1,20,"MA(1,20)",2007-2016,0.15196663256463397,3.8957379077876886,25.635482224236075,-63.84756500000002,0.0,2007-01-01,2016-12-31
Brent,CO,/bbl,5 days before last trading day,Same Day (Shift-0),1,20,"MA(1,20)",2017-2022,0.35720238968673385,9.4028581859264,26.67433807983353,-79.38766749999996,1.2903225806451613,2017-01-01,2022-12-31
Brent,CO,/bbl,5 days before last trading day,Same Day (Shift-0),1,20,"MA(1,20)",Post-2022,-0.4687344631163381,-13.875396193118728,29.6018263749361,-83.37018749999982,0.0,2023-01-01,2026-06-30
Brent,CO,/bbl,5 days before last trading day,Same Day (Shift-0),1,20,"MA(1,20)",Full (2007-now),0.09057733939059602,2.4082263314785455,26.701307833279298,-154.09437249999976,0.3972983710766786,2007-01-01,2026-06-30
Brent,CO,/bbl,5 days before last trading day,Same Day (Shift-0),5,60,"MA(5,60)",2007-2016,0.5187949428821369,13.290153649748161,25.617353893072746,-62.432689999999994,0.0,2007-01-01,2016-12-31
Brent,CO,/bbl,5 days before last trading day,Same Day (Shift-0),5,60,"MA(5,60)",2017-2022,0.33505600884774545,8.682021459005819,26.96329738918865,-43.69849,3.870967741935484,2017-01-01,2022-12-31
Brent,CO,/bbl,5 days before last trading day,Same Day (Shift-0),5,60,"MA(5,60)",Post-2022,0.1873644024432504,5.547212930077651,29.606546695858153,-58.247412500000074,0.0,2023-01-01,2026-06-30
Brent,CO,/bbl,5 days before last trading day,Same Day (Shift-0),5,60,"MA(5,60)",Full (2007-now),0.3962413394893451,10.482586776629567,26.776078150959865,-90.21161499999974,1.1918951132300357,2007-01-01,2026-06-30
Brent,CO,/bbl,5 days before last trading day,Same Day (Shift-0),20,250,"MA(20,250)",2007-2016,0.17063384608031626,4.3727970476559435,25.62678594021549,-114.7278475000002,0.0,2007-01-01,2016-12-31
Brent,CO,/bbl,5 days before last trading day,Same Day (Shift-0),20,250,"MA(20,250)",2017-2022,0.37085979224342613,8.84365489347967,28.44297885415859,-53.43095250000002,16.129032258064516,2017-01-01,2022-12-31
Brent,CO,/bbl,5 days before last trading day,Same Day (Shift-0),20,250,"MA(20,250)",Post-2022,-0.07548480207923063,-2.235211331853527,29.61140879070461,-42.0977175,0.0,2023-01-01,2026-06-30
Brent,CO,/bbl,5 days before last trading day,Same Day (Shift-0),20,250,"MA(20,250)",Full (2007-now),0.17671230791808,4.56500103338632,27.187620955917847,-114.7278475000002,4.966229638458483,2007-01-01,2026-06-30
Brent,CO,/bbl,5 days before last trading day,Lag-1 (Shift-1),1,5,"MA(1,5)",2007-2016,0.40677781388390644,10.420004482758644,25.61596067216314,-42.171534999999984,0.0,2007-01-01,2016-12-31
Brent,CO,/bbl,5 days before last trading day,Lag-1 (Shift-1),1,5,"MA(1,5)",2017-2022,-0.026271101568856974,-0.7018944286636304,26.597047465906446,-62.736192499999945,0.45161290322580644,2017-01-01,2022-12-31
Brent,CO,/bbl,5 days before last trading day,Lag-1 (Shift-1),1,5,"MA(1,5)",Post-2022,-0.07811462914066775,-2.3134285238623673,29.61581651621718,-72.31224749999996,0.0,2023-01-01,2026-06-30
Brent,CO,/bbl,5 days before last trading day,Lag-1 (Shift-1),1,5,"MA(1,5)",Full (2007-now),0.17701267404162152,4.712156864069972,26.66853523278448,-112.22022249999998,0.1390544298768375,2007-01-01,2026-06-30
Brent,CO,/bbl,5 days before last trading day,Lag-1 (Shift-1),5,20,"MA(5,20)",2007-2016,0.5928002867941391,15.18618759008137,25.617712960646823,-56.37289,0.0,2007-01-01,2016-12-31
Brent,CO,/bbl,5 days before last trading day,Lag-1 (Shift-1),5,20,"MA(5,20)",2017-2022,0.36209615490113034,9.531666546158817,26.674327238582315,-62.2584475,1.2903225806451613,2017-01-01,2022-12-31
Brent,CO,/bbl,5 days before last trading day,Lag-1 (Shift-1),5,20,"MA(5,20)",Post-2022,-0.7247666811127964,-21.443168756936764,29.58630593229428,-106.04470500000019,0.0,2023-01-01,2026-06-30
Brent,CO,/bbl,5 days before last trading day,Lag-1 (Shift-1),5,20,"MA(5,20)",Full (2007-now),0.25889707312826593,6.883904332273451,26.698191800953,-152.1764299999998,0.3972983710766786,2007-01-01,2026-06-30
Brent,CO,/bbl,5 days before last trading day,Lag-1 (Shift-1),10,60,"MA(10,60)",2007-2016,0.437779557859916,11.216236853932596,25.620741426948157,-92.0396550000001,0.0,2007-01-01,2016-12-31
Brent,CO,/bbl,5 days before last trading day,Lag-1 (Shift-1),10,60,"MA(10,60)",2017-2022,0.3637437375765934,9.424198063266616,26.959473565015184,-29.960000000000008,3.870967741935484,2017-01-01,2022-12-31
Brent,CO,/bbl,5 days before last trading day,Lag-1 (Shift-1),10,60,"MA(10,60)",Post-2022,0.2075912214340846,6.145643007769123,29.604541874717565,-47.374982499999994,0.0,2023-01-01,2026-06-30
Brent,CO,/bbl,5 days before last trading day,Lag-1 (Shift-1),10,60,"MA(10,60)",Full (2007-now),0.3687242719357732,9.754454385930044,26.775786632610885,-92.0396550000001,1.1918951132300357,2007-01-01,2026-06-30
Brent,CO,/bbl,5 days before last trading day,Lag-1 (Shift-1),1,20,"MA(1,20)",2007-2016,0.6993958985018319,17.906538086013192,25.60286402075075,-74.79945499999988,0.0,2007-01-01,2016-12-31
Brent,CO,/bbl,5 days before last trading day,Lag-1 (Shift-1),1,20,"MA(1,20)",2017-2022,0.42240303642998656,11.120715261459011,26.67714134373889,-81.30683500000006,1.2903225806451613,2017-01-01,2022-12-31
Brent,CO,/bbl,5 days before last trading day,Lag-1 (Shift-1),1,20,"MA(1,20)",Post-2022,-0.41520749277798624,-12.289746326304124,29.5990475607229,-82.25248000000003,0.0,2023-01-01,2026-06-30
Brent,CO,/bbl,5 days before last trading day,Lag-1 (Shift-1),1,20,"MA(1,20)",Full (2007-now),0.3915197809323008,10.40733332670907,26.68976943305741,-137.95408249999988,0.3972983710766786,2007-01-01,2026-06-30
Brent,CO,/bbl,5 days before last trading day,Lag-1 (Shift-1),5,60,"MA(5,60)",2007-2016,0.5593092693011252,14.32448061991477,25.611019530954074,-63.51731500000005,0.0,2007-01-01,2016-12-31
Brent,CO,/bbl,5 days before last trading day,Lag-1 (Shift-1),5,60,"MA(5,60)",2017-2022,0.40537858825453466,10.503496655907043,26.96030195905723,-33.00585,3.870967741935484,2017-01-01,2022-12-31
Brent,CO,/bbl,5 days before last trading day,Lag-1 (Shift-1),5,60,"MA(5,60)",Post-2022,0.10007058283284508,2.9629801997779914,29.608903195130438,-58.64736000000008,0.0,2023-01-01,2026-06-30
Brent,CO,/bbl,5 days before last trading day,Lag-1 (Shift-1),5,60,"MA(5,60)",Full (2007-now),0.4200444261197689,11.111098163751986,26.773114735809898,-81.29511249999936,1.1918951132300357,2007-01-01,2026-06-30
Brent,CO,/bbl,5 days before last trading day,Lag-1 (Shift-1),20,250,"MA(20,250)",2007-2016,0.19871775683789072,5.092738395970559,25.627998609732177,-107.26844750000006,0.0,2007-01-01,2016-12-31
Brent,CO,/bbl,5 days before last trading day,Lag-1 (Shift-1),20,250,"MA(20,250)",2017-2022,0.3680901334135581,8.777013582956748,28.441236206130792,-61.42925750000003,16.129032258064516,2017-01-01,2022-12-31
Brent,CO,/bbl,5 days before last trading day,Lag-1 (Shift-1),20,250,"MA(20,250)",Post-2022,0.04086767226031786,1.2101237180909854,29.61078160710427,-38.42515500000001,0.0,2023-01-01,2026-06-30
Brent,CO,/bbl,5 days before last trading day,Lag-1 (Shift-1),20,250,"MA(20,250)",Full (2007-now),0.21409272429964313,5.530658447933225,27.187012982678304,-107.26844750000006,4.966229638458483,2007-01-01,2026-06-30
Brent,CO,/bbl,5th trading day of month,Same Day (Shift-0),1,5,"MA(1,5)",2007-2016,-0.3231418257400351,-8.276191127470016,25.611636960076297,-170.5278300000005,0.0,2007-01-01,2016-12-31
Brent,CO,/bbl,5th trading day of month,Same Day (Shift-0),1,5,"MA(1,5)",2017-2022,-0.047462485231330606,-1.2352640606842653,26.010405816898878,-49.780444999999894,0.45161290322580644,2017-01-01,2022-12-31
Brent,CO,/bbl,5th trading day of month,Same Day (Shift-0),1,5,"MA(1,5)",Post-2022,0.18692561913113737,5.14508064372918,27.524748440820503,-44.804035000000034,0.0,2023-01-01,2026-06-30
Brent,CO,/bbl,5th trading day of month,Same Day (Shift-0),1,5,"MA(1,5)",Full (2007-now),-0.14222747485274304,-3.7061566633545415,26.080544003600313,-198.45389750000035,0.1390544298768375,2007-01-01,2026-06-30
Brent,CO,/bbl,5th trading day of month,Same Day (Shift-0),5,20,"MA(5,20)",2007-2016,0.5348765877111454,13.685806098411454,25.586848280228583,-45.8307249999999,0.0,2007-01-01,2016-12-31
Brent,CO,/bbl,5th trading day of month,Same Day (Shift-0),5,20,"MA(5,20)",2017-2022,0.3237194150766375,8.334690542285314,26.090488122120487,-100.53311500000004,1.2903225806451613,2017-01-01,2022-12-31
Brent,CO,/bbl,5th trading day of month,Same Day (Shift-0),5,20,"MA(5,20)",Post-2022,-0.6418225629479157,-17.653121620421718,27.504675964241976,-111.76338499999986,0.0,2023-01-01,2026-06-30
Brent,CO,/bbl,5th trading day of month,Same Day (Shift-0),5,20,"MA(5,20)",Full (2007-now),0.24718797060086073,6.424490979729718,26.096838972883234,-198.44559499999994,0.3972983710766786,2007-01-01,2026-06-30
Brent,CO,/bbl,5th trading day of month,Same Day (Shift-0),10,60,"MA(10,60)",2007-2016,0.4203615855650661,10.757676915924053,25.59148429669941,-96.14226500000011,0.0,2007-01-01,2016-12-31
Brent,CO,/bbl,5th trading day of month,Same Day (Shift-0),10,60,"MA(10,60)",2017-2022,0.47477724890395356,12.027454047772755,26.358578272774405,-27.840000000000003,3.870967741935484,2017-01-01,2022-12-31
Brent,CO,/bbl,5th trading day of month,Same Day (Shift-0),10,60,"MA(10,60)",Post-2022,0.3515937482118981,9.676474162042155,27.521746934505643,-40.57476999999996,0.0,2023-01-01,2026-06-30
Brent,CO,/bbl,5th trading day of month,Same Day (Shift-0),10,60,"MA(10,60)",Full (2007-now),0.42355549061018544,10.95282067965023,26.17295208325013,-96.14226500000011,1.1918951132300357,2007-01-01,2026-06-30
Brent,CO,/bbl,5th trading day of month,Same Day (Shift-0),1,20,"MA(1,20)",2007-2016,0.16638109214508157,4.260281146842293,25.60556065545837,-62.67322500000013,0.0,2007-01-01,2016-12-31
Brent,CO,/bbl,5th trading day of month,Same Day (Shift-0),1,20,"MA(1,20)",2017-2022,0.3589013152733489,9.239934247901878,26.088180375447557,-76.17135500000003,1.2903225806451613,2017-01-01,2022-12-31
Brent,CO,/bbl,5th trading day of month,Same Day (Shift-0),1,20,"MA(1,20)",Post-2022,-0.4554326434775648,-12.534158357380631,27.521431625263116,-81.46668499999977,0.0,2023-01-01,2026-06-30
Brent,CO,/bbl,5th trading day of month,Same Day (Shift-0),1,20,"MA(1,20)",Full (2007-now),0.10715330878035186,2.7852080902225795,26.10296899874717,-149.6026549999999,0.3972983710766786,2007-01-01,2026-06-30
Brent,CO,/bbl,5th trading day of month,Same Day (Shift-0),5,60,"MA(5,60)",2007-2016,0.5236150601693779,13.397786501356046,25.587091587896953,-61.900940000000105,0.0,2007-01-01,2016-12-31
Brent,CO,/bbl,5th trading day of month,Same Day (Shift-0),5,60,"MA(5,60)",2017-2022,0.3369396173191204,8.538259444803078,26.368700430045518,-41.28232500000008,3.870967741935484,2017-01-01,2022-12-31
Brent,CO,/bbl,5th trading day of month,Same Day (Shift-0),5,60,"MA(5,60)",Post-2022,0.2629807718419494,7.2382203329633725,27.523762601600094,-55.27334499999994,0.0,2023-01-01,2026-06-30
Brent,CO,/bbl,5th trading day of month,Same Day (Shift-0),5,60,"MA(5,60)",Full (2007-now),0.4174775603827943,10.796321017488061,26.1746028126814,-84.61736500000009,1.1918951132300357,2007-01-01,2026-06-30
Brent,CO,/bbl,5th trading day of month,Same Day (Shift-0),20,250,"MA(20,250)",2007-2016,0.18546842101544836,4.747748345602464,25.598688550904342,-112.5630050000001,0.0,2007-01-01,2016-12-31
Brent,CO,/bbl,5th trading day of month,Same Day (Shift-0),20,250,"MA(20,250)",2017-2022,0.36380515250138423,8.481928334409297,27.808881345264084,-52.75302500000002,16.129032258064516,2017-01-01,2022-12-31
Brent,CO,/bbl,5th trading day of month,Same Day (Shift-0),20,250,"MA(20,250)",Post-2022,0.04828665634761256,1.329444039955566,27.532327572755985,-38.05231000000005,0.0,2023-01-01,2026-06-30
Brent,CO,/bbl,5th trading day of month,Same Day (Shift-0),20,250,"MA(20,250)",Full (2007-now),0.20925411234237554,5.28423580087439,26.57641037303886,-112.5630050000001,4.966229638458483,2007-01-01,2026-06-30
Brent,CO,/bbl,5th trading day of month,Lag-1 (Shift-1),1,5,"MA(1,5)",2007-2016,0.4176540511896753,10.685652855482383,25.584937641678838,-42.13668499999992,0.0,2007-01-01,2016-12-31
Brent,CO,/bbl,5th trading day of month,Lag-1 (Shift-1),1,5,"MA(1,5)",2017-2022,-0.039384351550031484,-1.0261296836668923,26.01136835235189,-62.95563500000007,0.45161290322580644,2017-01-01,2022-12-31
Brent,CO,/bbl,5th trading day of month,Lag-1 (Shift-1),1,5,"MA(1,5)",Post-2022,-0.14328543989058384,-3.944927147613717,27.53194707449799,-73.44893499999995,0.0,2023-01-01,2026-06-30
Brent,CO,/bbl,5th trading day of month,Lag-1 (Shift-1),1,5,"MA(1,5)",Full (2007-now),0.17125624485544858,4.456476772655019,26.069895876849586,-114.1885549999999,0.1390544298768375,2007-01-01,2026-06-30
Brent,CO,/bbl,5th trading day of month,Lag-1 (Shift-1),5,20,"MA(5,20)",2007-2016,0.6113022754618825,15.641008779542801,25.586374216789725,-55.90295999999995,0.0,2007-01-01,2016-12-31
Brent,CO,/bbl,5th trading day of month,Lag-1 (Shift-1),5,20,"MA(5,20)",2017-2022,0.36004613725124174,9.269486494512595,26.0884949802647,-59.51014500000002,1.2903225806451613,2017-01-01,2022-12-31
Brent,CO,/bbl,5th trading day of month,Lag-1 (Shift-1),5,20,"MA(5,20)",Post-2022,-0.6969185334928663,-19.1712663928968,27.508618972741157,-103.08486500000012,0.0,2023-01-01,2026-06-30
Brent,CO,/bbl,5th trading day of month,Lag-1 (Shift-1),5,20,"MA(5,20)",Full (2007-now),0.2863585456380462,7.443276474562791,26.099056943365888,-147.24307,0.3972983710766786,2007-01-01,2026-06-30
Brent,CO,/bbl,5th trading day of month,Lag-1 (Shift-1),10,60,"MA(10,60)",2007-2016,0.44563079232558084,11.404115986051918,25.590951483711645,-91.03241000000014,0.0,2007-01-01,2016-12-31
Brent,CO,/bbl,5th trading day of month,Lag-1 (Shift-1),10,60,"MA(10,60)",2017-2022,0.35062856762494743,8.88412171723694,26.36550908456487,-28.574434999999994,3.870967741935484,2017-01-01,2022-12-31
Brent,CO,/bbl,5th trading day of month,Lag-1 (Shift-1),10,60,"MA(10,60)",Post-2022,0.29387034906850307,8.088100821309654,27.522684227745163,-44.422470000000025,0.0,2023-01-01,2026-06-30
Brent,CO,/bbl,5th trading day of month,Lag-1 (Shift-1),10,60,"MA(10,60)",Full (2007-now),0.38793321732716635,10.032374153418127,26.17501045066614,-91.03241000000014,1.1918951132300357,2007-01-01,2026-06-30
Brent,CO,/bbl,5th trading day of month,Lag-1 (Shift-1),1,20,"MA(1,20)",2007-2016,0.711127958253766,18.184798419217366,25.57176694876637,-75.21346500000018,0.0,2007-01-01,2016-12-31
Brent,CO,/bbl,5th trading day of month,Lag-1 (Shift-1),1,20,"MA(1,20)",2017-2022,0.42199517825321886,10.865783666881864,26.090912553150734,-77.27041499999993,1.2903225806451613,2017-01-01,2022-12-31
Brent,CO,/bbl,5th trading day of month,Lag-1 (Shift-1),1,20,"MA(1,20)",Post-2022,-0.3913997213827648,-10.770414273029967,27.51768507902735,-80.41839499999993,0.0,2023-01-01,2026-06-30
Brent,CO,/bbl,5th trading day of month,Lag-1 (Shift-1),1,20,"MA(1,20)",Full (2007-now),0.4134576335832783,10.743624872813994,26.090233428987137,-133.01981499999997,0.3972983710766786,2007-01-01,2026-06-30
Brent,CO,/bbl,5th trading day of month,Lag-1 (Shift-1),5,60,"MA(5,60)",2007-2016,0.5660020559957588,14.478773258426957,25.580778559107305,-63.44337000000007,0.0,2007-01-01,2016-12-31
Brent,CO,/bbl,5th trading day of month,Lag-1 (Shift-1),5,60,"MA(5,60)",2017-2022,0.4056461223824476,10.278724531956101,26.36608395296788,-31.12643,3.870967741935484,2017-01-01,2022-12-31
Brent,CO,/bbl,5th trading day of month,Lag-1 (Shift-1),5,60,"MA(5,60)",Post-2022,0.16131406857945021,4.44072526082128,27.52844373666107,-56.43579000000004,0.0,2023-01-01,2026-06-30
Brent,CO,/bbl,5th trading day of month,Lag-1 (Shift-1),5,60,"MA(5,60)",Full (2007-now),0.4403080336820776,11.385642197933217,26.172029236267385,-76.42336,1.1918951132300357,2007-01-01,2026-06-30
Brent,CO,/bbl,5th trading day of month,Lag-1 (Shift-1),20,250,"MA(20,250)",2007-2016,0.21359015317746194,5.467877644323903,25.59985824712108,-105.10167999999992,0.0,2007-01-01,2016-12-31
Brent,CO,/bbl,5th trading day of month,Lag-1 (Shift-1),20,250,"MA(20,250)",2017-2022,0.358039586485731,8.346959070367989,27.807309122733248,-60.91208999999999,16.129032258064516,2017-01-01,2022-12-31
Brent,CO,/bbl,5th trading day of month,Lag-1 (Shift-1),20,250,"MA(20,250)",Post-2022,0.1730340090424549,4.763591520532712,27.52979918163913,-35.13000000000008,0.0,2023-01-01,2026-06-30
Brent,CO,/bbl,5th trading day of month,Lag-1 (Shift-1),20,250,"MA(20,250)",Full (2007-now),0.2465875400255531,6.226953052464226,26.575706663078922,-105.10167999999992,4.966229638458483,2007-01-01,2026-06-30
RBOB Gasoline,XB,/gal,5 days before last trading day,Same Day (Shift-0),1,5,"MA(1,5)",2007-2016,-0.5092430507933291,-36.922464771734866,72.5046021034845,-432.24138249999976,0.0,2007-01-01,2016-12-31
RBOB Gasoline,XB,/gal,5 days before last trading day,Same Day (Shift-0),1,5,"MA(1,5)",2017-2022,0.3025808646611236,23.7545473461283,78.50644280738732,-211.68652000000026,0.0,2017-01-01,2022-12-31
RBOB Gasoline,XB,/gal,5 days before last trading day,Same Day (Shift-0),1,5,"MA(1,5)",Post-2022,-0.03014409119796445,-2.452416875712491,80.83421237882217,-172.6475324999999,0.11389521640091116,2023-01-01,2026-06-30
RBOB Gasoline,XB,/gal,5 days before last trading day,Same Day (Shift-0),1,5,"MA(1,5)",Full (2007-now),-0.17015244793619638,-12.925968083112675,75.96301045870541,-446.5496874999999,0.020366598778004074,2007-01-01,2026-06-30
RBOB Gasoline,XB,/gal,5 days before last trading day,Same Day (Shift-0),5,20,"MA(5,20)",2007-2016,0.48566124244584813,35.193850313616515,72.46584087372524,-139.28416999999996,0.0,2007-01-01,2016-12-31
RBOB Gasoline,XB,/gal,5 days before last trading day,Same Day (Shift-0),5,20,"MA(5,20)",2017-2022,0.9771818973276786,76.60277029119791,78.39151595080224,-105.62120250000002,0.0,2017-01-01,2022-12-31
RBOB Gasoline,XB,/gal,5 days before last trading day,Same Day (Shift-0),5,20,"MA(5,20)",Post-2022,-0.4024767177203402,-32.56216922462914,80.90447916854379,-266.2383674999992,0.0,2023-01-01,2026-06-30
RBOB Gasoline,XB,/gal,5 days before last trading day,Same Day (Shift-0),5,20,"MA(5,20)",Full (2007-now),0.46045925444556723,34.96737267060507,75.94021041603088,-269.2625974999987,0.0,2007-01-01,2026-06-30
RBOB Gasoline,XB,/gal,5 days before last trading day,Same Day (Shift-0),10,60,"MA(10,60)",2007-2016,0.4583697497791862,33.215777113934124,72.46502878938979,-201.01410249999972,0.0,2007-01-01,2016-12-31
RBOB Gasoline,XB,/gal,5 days before last trading day,Same Day (Shift-0),10,60,"MA(10,60)",2017-2022,0.3052998676754667,23.9797029252151,78.54475374586632,-141.73145749999992,0.0,2017-01-01,2022-12-31
RBOB Gasoline,XB,/gal,5 days before last trading day,Same Day (Shift-0),10,60,"MA(10,60)",Post-2022,0.17042834185517522,13.78406380843801,80.87894101646125,-131.18781750000022,0.0,2023-01-01,2026-06-30
RBOB Gasoline,XB,/gal,5 days before last trading day,Same Day (Shift-0),10,60,"MA(10,60)",Full (2007-now),0.3586270693897164,27.23693168262379,75.9477853386067,-201.01410249999972,0.0,2007-01-01,2026-06-30
RBOB Gasoline,XB,/gal,5 days before last trading day,Same Day (Shift-0),1,20,"MA(1,20)",2007-2016,0.07410305881858273,5.373314517665764,72.5113727197224,-209.4005,0.0,2007-01-01,2016-12-31
RBOB Gasoline,XB,/gal,5 days before last trading day,Same Day (Shift-0),1,20,"MA(1,20)",2017-2022,0.6846458699370639,53.73517538716084,78.48608710967679,-133.1150725,0.0,2017-01-01,2022-12-31
RBOB Gasoline,XB,/gal,5 days before last trading day,Same Day (Shift-0),1,20,"MA(1,20)",Post-2022,-0.34421115622801335,-27.84705454960061,80.90108076321062,-276.80938249999906,0.0,2023-01-01,2026-06-30
RBOB Gasoline,XB,/gal,5 days before last trading day,Same Day (Shift-0),1,20,"MA(1,20)",Full (2007-now),0.17727542076311462,13.468959551843623,75.9775917826849,-276.8093824999989,0.0,2007-01-01,2026-06-30
RBOB Gasoline,XB,/gal,5 days before last trading day,Same Day (Shift-0),5,60,"MA(5,60)",2007-2016,0.45114573113407747,32.691065394998034,72.46231791403667,-182.5586424999997,0.0,2007-01-01,2016-12-31
RBOB Gasoline,XB,/gal,5 days before last trading day,Same Day (Shift-0),5,60,"MA(5,60)",2017-2022,0.38259780116104136,30.047343831899394,78.53506669593222,-131.84922,0.0,2017-01-01,2022-12-31
RBOB Gasoline,XB,/gal,5 days before last trading day,Same Day (Shift-0),5,60,"MA(5,60)",Post-2022,-0.3262834833786279,-26.397573249714494,80.90379867338262,-233.90674499999832,0.0,2023-01-01,2026-06-30
RBOB Gasoline,XB,/gal,5 days before last trading day,Same Day (Shift-0),5,60,"MA(5,60)",Full (2007-now),0.28510889206379636,21.656805565288337,75.95976894485067,-276.0863149999986,0.0,2007-01-01,2026-06-30
RBOB Gasoline,XB,/gal,5 days before last trading day,Same Day (Shift-0),20,250,"MA(20,250)",2007-2016,-0.16823219215197327,-12.198469662564483,72.50972305909765,-404.10636999999986,0.0,2007-01-01,2016-12-31
RBOB Gasoline,XB,/gal,5 days before last trading day,Same Day (Shift-0),20,250,"MA(20,250)",2017-2022,0.22133820502660392,17.38563843812044,78.54784236653026,-207.4057375,0.0,2017-01-01,2022-12-31
RBOB Gasoline,XB,/gal,5 days before last trading day,Same Day (Shift-0),20,250,"MA(20,250)",Post-2022,-0.5362484262874292,-43.36264857468629,80.86298523036395,-249.98307749999918,0.0,2023-01-01,2026-06-30
RBOB Gasoline,XB,/gal,5 days before last trading day,Same Day (Shift-0),20,250,"MA(20,250)",Full (2007-now),-0.10931973288680573,-8.305905113057614,75.97809557088746,-468.60501999999883,0.0,2007-01-01,2026-06-30
RBOB Gasoline,XB,/gal,5 days before last trading day,Lag-1 (Shift-1),1,5,"MA(1,5)",2007-2016,-0.18078690813189552,-13.111706308058725,72.52575113731635,-312.65495999999956,0.0,2007-01-01,2016-12-31
RBOB Gasoline,XB,/gal,5 days before last trading day,Lag-1 (Shift-1),1,5,"MA(1,5)",2017-2022,-0.2210465226029464,-17.374919682329626,78.60299939456287,-306.25320750000026,0.0,2017-01-01,2022-12-31
RBOB Gasoline,XB,/gal,5 days before last trading day,Lag-1 (Shift-1),1,5,"MA(1,5)",Post-2022,-0.5818606722291478,-47.05594563283914,80.93201239495498,-272.3569149999999,0.11389521640091116,2023-01-01,2026-06-30
RBOB Gasoline,XB,/gal,5 days before last trading day,Lag-1 (Shift-1),1,5,"MA(1,5)",Full (2007-now),-0.2807228124959502,-21.335953585251563,76.00735155896102,-483.6827324999998,0.020366598778004074,2007-01-01,2026-06-30
RBOB Gasoline,XB,/gal,5 days before last trading day,Lag-1 (Shift-1),5,20,"MA(5,20)",2007-2016,0.4074336881866651,29.53195402937674,72.48284784896512,-169.8126149999997,0.0,2007-01-01,2016-12-31
RBOB Gasoline,XB,/gal,5 days before last trading day,Lag-1 (Shift-1),5,20,"MA(5,20)",2017-2022,0.7520530421745999,59.016361985440106,78.47366964275723,-136.09692750000008,0.0,2017-01-01,2022-12-31
RBOB Gasoline,XB,/gal,5 days before last trading day,Lag-1 (Shift-1),5,20,"MA(5,20)",Post-2022,-0.15107436808676106,-12.222681003420545,80.90506125037133,-169.88626999999977,0.0,2023-01-01,2026-06-30
RBOB Gasoline,XB,/gal,5 days before last trading day,Lag-1 (Shift-1),5,20,"MA(5,20)",Full (2007-now),0.3986942734808028,30.28257973518032,75.95438848619037,-169.8862699999994,0.0,2007-01-01,2026-06-30
RBOB Gasoline,XB,/gal,5 days before last trading day,Lag-1 (Shift-1),10,60,"MA(10,60)",2007-2016,0.37705781454495374,27.32638880508139,72.47267594244084,-220.37229249999996,0.0,2007-01-01,2016-12-31
RBOB Gasoline,XB,/gal,5 days before last trading day,Lag-1 (Shift-1),10,60,"MA(10,60)",2017-2022,0.3027128326166106,23.773283904698896,78.53411333508957,-112.00107499999989,0.0,2017-01-01,2022-12-31
RBOB Gasoline,XB,/gal,5 days before last trading day,Lag-1 (Shift-1),10,60,"MA(10,60)",Post-2022,-0.20917502757055623,-16.92476322690989,80.91196842893231,-194.7349174999997,0.0,2023-01-01,2026-06-30
RBOB Gasoline,XB,/gal,5 days before last trading day,Lag-1 (Shift-1),10,60,"MA(10,60)",Full (2007-now),0.24572237054401205,18.665143212466912,75.9602927936256,-259.7888499999997,0.0,2007-01-01,2026-06-30
RBOB Gasoline,XB,/gal,5 days before last trading day,Lag-1 (Shift-1),1,20,"MA(1,20)",2007-2016,0.18091459268253549,13.12183057562521,72.53052604026853,-160.1410700000002,0.0,2007-01-01,2016-12-31
RBOB Gasoline,XB,/gal,5 days before last trading day,Lag-1 (Shift-1),1,20,"MA(1,20)",2017-2022,0.7650984912630439,60.03438569821324,78.46621890353877,-133.99951249999984,0.0,2017-01-01,2022-12-31
RBOB Gasoline,XB,/gal,5 days before last trading day,Lag-1 (Shift-1),1,20,"MA(1,20)",Post-2022,-0.19313945519548606,-15.627976830102275,80.91550643696507,-230.54759249999898,0.0,2023-01-01,2026-06-30
RBOB Gasoline,XB,/gal,5 days before last trading day,Lag-1 (Shift-1),1,20,"MA(1,20)",Full (2007-now),0.28384513684511914,21.56689189855376,75.98119220313362,-230.54759249999876,0.0,2007-01-01,2026-06-30
RBOB Gasoline,XB,/gal,5 days before last trading day,Lag-1 (Shift-1),5,60,"MA(5,60)",2007-2016,0.33947888332012377,24.606983425962692,72.48457749508577,-202.53702749999982,0.0,2007-01-01,2016-12-31
RBOB Gasoline,XB,/gal,5 days before last trading day,Lag-1 (Shift-1),5,60,"MA(5,60)",2017-2022,0.44910028383428735,35.264031939113195,78.52150891119278,-117.25657499999994,0.0,2017-01-01,2022-12-31
RBOB Gasoline,XB,/gal,5 days before last trading day,Lag-1 (Shift-1),5,60,"MA(5,60)",Post-2022,-0.1309963422450742,-10.598514424173008,80.9069493279805,-181.99364749999876,0.0,2023-01-01,2026-06-30
RBOB Gasoline,XB,/gal,5 days before last trading day,Lag-1 (Shift-1),5,60,"MA(5,60)",Full (2007-now),0.2887921687967355,21.936778643308283,75.96043457379324,-238.18396249999864,0.0,2007-01-01,2026-06-30
RBOB Gasoline,XB,/gal,5 days before last trading day,Lag-1 (Shift-1),20,250,"MA(20,250)",2007-2016,-0.10933961748424448,-7.928155343390248,72.5094483208035,-405.0756225,0.0,2007-01-01,2016-12-31
RBOB Gasoline,XB,/gal,5 days before last trading day,Lag-1 (Shift-1),20,250,"MA(20,250)",2017-2022,0.2554527677714404,20.063704645929846,78.54173912839072,-191.74335249999996,0.0,2017-01-01,2022-12-31
RBOB Gasoline,XB,/gal,5 days before last trading day,Lag-1 (Shift-1),20,250,"MA(20,250)",Post-2022,-0.40698239930322233,-32.91420848346625,80.87378849753036,-207.86304749999925,0.0,2023-01-01,2026-06-30
RBOB Gasoline,XB,/gal,5 days before last trading day,Lag-1 (Shift-1),20,250,"MA(20,250)",Full (2007-now),-0.045063163938018486,-3.4236965634548664,75.9755033659852,-405.0756225,0.0,2007-01-01,2026-06-30
RBOB Gasoline,XB,/gal,5th trading day of month,Same Day (Shift-0),1,5,"MA(1,5)",2007-2016,-0.40461619340698884,-28.51358491464862,70.47069637662237,-350.9961599999997,0.0,2007-01-01,2016-12-31
RBOB Gasoline,XB,/gal,5th trading day of month,Same Day (Shift-0),1,5,"MA(1,5)",2017-2022,0.30816250135311735,23.535312349437437,76.37305722174415,-201.84516000000025,0.0,2017-01-01,2022-12-31
RBOB Gasoline,XB,/gal,5th trading day of month,Same Day (Shift-0),1,5,"MA(1,5)",Post-2022,0.030271581730645536,2.356716499430188,78.5538530731823,-163.43700499999983,0.11389521640091116,2023-01-01,2026-06-30
RBOB Gasoline,XB,/gal,5th trading day of month,Same Day (Shift-0),1,5,"MA(1,5)",Full (2007-now),-0.10585718874322354,-7.819365058056561,73.85090030016426,-361.9001049999997,0.020366598778004074,2007-01-01,2026-06-30
RBOB Gasoline,XB,/gal,5th trading day of month,Same Day (Shift-0),5,20,"MA(5,20)",2007-2016,0.4821926275487814,33.958506097657825,70.42518727481455,-131.33267000000018,0.0,2007-01-01,2016-12-31
RBOB Gasoline,XB,/gal,5th trading day of month,Same Day (Shift-0),5,20,"MA(5,20)",2017-2022,0.9682279662947996,73.83559556585045,76.25848264681244,-101.26710999999992,0.0,2017-01-01,2022-12-31
RBOB Gasoline,XB,/gal,5th trading day of month,Same Day (Shift-0),5,20,"MA(5,20)",Post-2022,-0.3119537983563703,-24.53140980615763,78.63795836245404,-258.5935550000007,0.0,2023-01-01,2026-06-30
RBOB Gasoline,XB,/gal,5th trading day of month,Same Day (Shift-0),5,20,"MA(5,20)",Full (2007-now),0.472955110789976,34.91643417396616,73.82610606669482,-261.57156500000065,0.0,2007-01-01,2026-06-30
RBOB Gasoline,XB,/gal,5th trading day of month,Same Day (Shift-0),10,60,"MA(10,60)",2007-2016,0.47921945592989756,33.74976276300128,70.42652869239589,-200.27654499999989,0.0,2007-01-01,2016-12-31
RBOB Gasoline,XB,/gal,5th trading day of month,Same Day (Shift-0),10,60,"MA(10,60)",2017-2022,0.33798894104350713,25.823107941760433,76.40222742801633,-132.27174499999998,0.0,2017-01-01,2022-12-31
RBOB Gasoline,XB,/gal,5th trading day of month,Same Day (Shift-0),10,60,"MA(10,60)",Post-2022,0.327076141388619,25.707512770809156,78.59794560883151,-121.72711000000061,0.0,2023-01-01,2026-06-30
RBOB Gasoline,XB,/gal,5th trading day of month,Same Day (Shift-0),10,60,"MA(10,60)",Full (2007-now),0.4091426776790262,30.20848588307189,73.83362218392323,-200.27654499999989,0.0,2007-01-01,2026-06-30
RBOB Gasoline,XB,/gal,5th trading day of month,Same Day (Shift-0),1,20,"MA(1,20)",2007-2016,0.09580420487908706,6.751103509329129,70.46771608667477,-195.45594000000025,0.0,2007-01-01,2016-12-31
RBOB Gasoline,XB,/gal,5th trading day of month,Same Day (Shift-0),1,20,"MA(1,20)",2017-2022,0.6736142189697033,51.43285227001987,76.35357274477772,-130.85770500000007,0.0,2017-01-01,2022-12-31
RBOB Gasoline,XB,/gal,5th trading day of month,Same Day (Shift-0),1,20,"MA(1,20)",Post-2022,-0.2706176664451267,-21.280802326111594,78.63789014833856,-267.6467749999998,0.0,2023-01-01,2026-06-30
RBOB Gasoline,XB,/gal,5th trading day of month,Same Day (Shift-0),1,20,"MA(1,20)",Full (2007-now),0.19820456258700486,14.640367871256922,73.86493872879599,-267.6467749999997,0.0,2007-01-01,2026-06-30
RBOB Gasoline,XB,/gal,5th trading day of month,Same Day (Shift-0),5,60,"MA(5,60)",2007-2016,0.4725740887587096,33.280238443826946,70.42332458650608,-179.74810499999998,0.0,2007-01-01,2016-12-31
RBOB Gasoline,XB,/gal,5th trading day of month,Same Day (Shift-0),5,60,"MA(5,60)",2017-2022,0.4069305190467461,31.08673584381205,76.39322780860525,-125.90684500000009,0.0,2017-01-01,2022-12-31
RBOB Gasoline,XB,/gal,5th trading day of month,Same Day (Shift-0),5,60,"MA(5,60)",Post-2022,-0.19690274301100105,-15.485572405929588,78.64579319275609,-211.76475500000046,0.0,2023-01-01,2026-06-30
RBOB Gasoline,XB,/gal,5th trading day of month,Same Day (Shift-0),5,60,"MA(5,60)",Full (2007-now),0.328090340768676,24.228505092686866,73.84705394228435,-238.39203499999957,0.0,2007-01-01,2026-06-30
RBOB Gasoline,XB,/gal,5th trading day of month,Same Day (Shift-0),20,250,"MA(20,250)",2007-2016,-0.10413889530220707,-7.337735799920547,70.46104895415608,-374.0467849999998,0.0,2007-01-01,2016-12-31
RBOB Gasoline,XB,/gal,5th trading day of month,Same Day (Shift-0),20,250,"MA(20,250)",2017-2022,0.293759690538771,22.444683534083392,76.40491278064272,-183.21317999999997,0.0,2017-01-01,2022-12-31
RBOB Gasoline,XB,/gal,5th trading day of month,Same Day (Shift-0),20,250,"MA(20,250)",Post-2022,-0.4966679674647411,-39.04099511972647,78.6058245693045,-234.98311500000054,0.0,2023-01-01,2026-06-30
RBOB Gasoline,XB,/gal,5th trading day of month,Same Day (Shift-0),20,250,"MA(20,250)",Full (2007-now),-0.047145785024900556,-3.4824184925646695,73.86489567891154,-415.6695299999994,0.0,2007-01-01,2026-06-30
RBOB Gasoline,XB,/gal,5th trading day of month,Lag-1 (Shift-1),1,5,"MA(1,5)",2007-2016,-0.03645447232338993,-2.5691845176656485,70.47652465997177,-287.5467849999999,0.0,2007-01-01,2016-12-31
RBOB Gasoline,XB,/gal,5th trading day of month,Lag-1 (Shift-1),1,5,"MA(1,5)",2017-2022,-0.15424370702362541,-11.794508934480385,76.46671077915566,-284.7007849999994,0.0,2017-01-01,2022-12-31
RBOB Gasoline,XB,/gal,5th trading day of month,Lag-1 (Shift-1),1,5,"MA(1,5)",Post-2022,-0.5451213270789789,-42.84980630558717,78.66178069127214,-260.57954749999953,0.11389521640091116,2023-01-01,2026-06-30
RBOB Gasoline,XB,/gal,5th trading day of month,Lag-1 (Shift-1),1,5,"MA(1,5)",Full (2007-now),-0.18210306344102076,-13.457078616826154,73.8950623045647,-448.950287499999,0.020366598778004074,2007-01-01,2026-06-30
RBOB Gasoline,XB,/gal,5th trading day of month,Lag-1 (Shift-1),5,20,"MA(5,20)",2007-2016,0.38676190478918776,27.245531718936125,70.44523098464634,-174.43598500000004,0.0,2007-01-01,2016-12-31
RBOB Gasoline,XB,/gal,5th trading day of month,Lag-1 (Shift-1),5,20,"MA(5,20)",2017-2022,0.7409385783495948,56.56528590337529,76.34274628994451,-136.17255999999992,0.0,2017-01-01,2022-12-31
RBOB Gasoline,XB,/gal,5th trading day of month,Lag-1 (Shift-1),5,20,"MA(5,20)",Post-2022,-0.06874282531704742,-5.405601140250953,78.63513196206131,-166.65781500000023,0.0,2023-01-01,2026-06-30
RBOB Gasoline,XB,/gal,5th trading day of month,Lag-1 (Shift-1),5,20,"MA(5,20)",Full (2007-now),0.4004740866198628,29.572762110409474,73.84438369037464,-174.43598500000004,0.0,2007-01-01,2026-06-30
RBOB Gasoline,XB,/gal,5th trading day of month,Lag-1 (Shift-1),10,60,"MA(10,60)",2007-2016,0.4130486661083893,29.09232207225088,70.43315826764268,-227.44339499999984,0.0,2007-01-01,2016-12-31
RBOB Gasoline,XB,/gal,5th trading day of month,Lag-1 (Shift-1),10,60,"MA(10,60)",2017-2022,0.3221385736015987,24.609356029119823,76.3936952783406,-107.54449499999986,0.0,2017-01-01,2022-12-31
RBOB Gasoline,XB,/gal,5th trading day of month,Lag-1 (Shift-1),10,60,"MA(10,60)",Post-2022,-0.06317504394252754,-4.9686196351201435,78.64845554583647,-169.07929000000127,0.0,2023-01-01,2026-06-30
RBOB Gasoline,XB,/gal,5th trading day of month,Lag-1 (Shift-1),10,60,"MA(10,60)",Full (2007-now),0.29743155651819886,21.96463981258906,73.84771162048878,-227.44339499999984,0.0,2007-01-01,2026-06-30
RBOB Gasoline,XB,/gal,5th trading day of month,Lag-1 (Shift-1),1,20,"MA(1,20)",2007-2016,0.20500489811605252,14.450062151647506,70.486423907137,-143.96862500000015,0.0,2007-01-01,2016-12-31
RBOB Gasoline,XB,/gal,5th trading day of month,Lag-1 (Shift-1),1,20,"MA(1,20)",2017-2022,0.7424582606222188,56.67722160158839,76.33724965776518,-132.64214499999983,0.0,2017-01-01,2022-12-31
RBOB Gasoline,XB,/gal,5th trading day of month,Lag-1 (Shift-1),1,20,"MA(1,20)",Post-2022,-0.12473497557405618,-9.809572679589586,78.64332064398059,-230.70158000000032,0.0,2023-01-01,2026-06-30
RBOB Gasoline,XB,/gal,5th trading day of month,Lag-1 (Shift-1),1,20,"MA(1,20)",Full (2007-now),0.3012765934447846,22.25458406192708,73.86761715362302,-230.70158000000026,0.0,2007-01-01,2026-06-30
RBOB Gasoline,XB,/gal,5th trading day of month,Lag-1 (Shift-1),5,60,"MA(5,60)",2007-2016,0.364596189995917,25.683945041683252,70.44490794588633,-196.10642999999965,0.0,2007-01-01,2016-12-31
RBOB Gasoline,XB,/gal,5th trading day of month,Lag-1 (Shift-1),5,60,"MA(5,60)",2017-2022,0.47727253683275045,36.45323594970225,76.37823913274204,-109.72101999999995,0.0,2017-01-01,2022-12-31
RBOB Gasoline,XB,/gal,5th trading day of month,Lag-1 (Shift-1),5,60,"MA(5,60)",Post-2022,0.009766126595383735,0.7680152565560728,78.64072301900113,-158.38997000000086,0.0,2023-01-01,2026-06-30
RBOB Gasoline,XB,/gal,5th trading day of month,Lag-1 (Shift-1),5,60,"MA(5,60)",Full (2007-now),0.33699678814300393,24.886096243634118,73.84668673184431,-198.2879950000006,0.0,2007-01-01,2026-06-30
RBOB Gasoline,XB,/gal,5th trading day of month,Lag-1 (Shift-1),20,250,"MA(20,250)",2007-2016,-0.0485836918643301,-3.423218920206428,70.46024682038909,-379.45838000000015,0.0,2007-01-01,2016-12-31
RBOB Gasoline,XB,/gal,5th trading day of month,Lag-1 (Shift-1),20,250,"MA(20,250)",2017-2022,0.32460088556837424,24.79902230311052,76.39850476589913,-167.55079499999988,0.0,2017-01-01,2022-12-31
RBOB Gasoline,XB,/gal,5th trading day of month,Lag-1 (Shift-1),20,250,"MA(20,250)",Post-2022,-0.37613900300924996,-29.570827936146113,78.61675524093128,-196.26763000000065,0.0,2023-01-01,2026-06-30
RBOB Gasoline,XB,/gal,5th trading day of month,Lag-1 (Shift-1),20,250,"MA(20,250)",Full (2007-now),0.012764369217209364,0.942802635974716,73.86206242793392,-379.45838000000015,0.0,2007-01-01,2026-06-30
Heating Oil,HO,/gal,5 days before last trading day,Same Day (Shift-0),1,5,"MA(1,5)",2007-2016,-0.1959010496629015,-13.386004656609796,68.3317983627821,-323.64605500000005,0.03968253968253968,2007-01-01,2016-12-31
Heating Oil,HO,/gal,5 days before last trading day,Same Day (Shift-0),1,5,"MA(1,5)",2017-2022,0.6821678017969226,64.86831065519526,95.09142836164845,-108.12046249999993,0.0,2017-01-01,2022-12-31
Heating Oil,HO,/gal,5 days before last trading day,Same Day (Shift-0),1,5,"MA(1,5)",Post-2022,-0.07321166202998143,-8.580125165336373,117.1961532825558,-254.58136499999983,0.0,2023-01-01,2026-06-30
Heating Oil,HO,/gal,5 days before last trading day,Same Day (Shift-0),1,5,"MA(1,5)",Full (2007-now),0.11695328639277251,10.230169464249329,87.51224436624376,-414.8375950000002,0.020366598778004074,2007-01-01,2026-06-30
Heating Oil,HO,/gal,5 days before last trading day,Same Day (Shift-0),5,20,"MA(5,20)",2007-2016,0.24538185399090315,16.755625307661756,68.28388096001152,-175.2373150000002,0.0,2007-01-01,2016-12-31
Heating Oil,HO,/gal,5 days before last trading day,Same Day (Shift-0),5,20,"MA(5,20)",2017-2022,0.6823438516134102,64.91707749172734,95.13836365379443,-234.64482499999994,0.0,2017-01-01,2022-12-31
Heating Oil,HO,/gal,5 days before last trading day,Same Day (Shift-0),5,20,"MA(5,20)",Post-2022,0.23575812997369863,27.626674515393375,117.18227710100784,-183.48730500000042,0.0,2023-01-01,2026-06-30
Heating Oil,HO,/gal,5 days before last trading day,Same Day (Shift-0),5,20,"MA(5,20)",Full (2007-now),0.36783995369456846,32.1804273355062,87.48486131614415,-234.64482499999997,0.0,2007-01-01,2026-06-30
Heating Oil,HO,/gal,5 days before last trading day,Same Day (Shift-0),10,60,"MA(10,60)",2007-2016,0.27151333990826854,18.5398388289004,68.28334414494746,-280.0540974999995,0.0,2007-01-01,2016-12-31
Heating Oil,HO,/gal,5 days before last trading day,Same Day (Shift-0),10,60,"MA(10,60)",2017-2022,0.17162022472682262,16.347202892124386,95.25219372102055,-241.42110249999996,0.0,2017-01-01,2022-12-31
Heating Oil,HO,/gal,5 days before last trading day,Same Day (Shift-0),10,60,"MA(10,60)",Post-2022,0.24739846927632306,28.99249152793612,117.1894539717381,-157.14678250000048,0.0,2023-01-01,2026-06-30
Heating Oil,HO,/gal,5 days before last trading day,Same Day (Shift-0),10,60,"MA(10,60)",Full (2007-now),0.23460491224434096,20.53071759014056,87.51188282348421,-308.5374625000005,0.0,2007-01-01,2026-06-30
Heating Oil,HO,/gal,5 days before last trading day,Same Day (Shift-0),1,20,"MA(1,20)",2007-2016,0.037526512703636064,2.5634589956332197,68.31061057759408,-202.1528424999998,0.0,2007-01-01,2016-12-31
Heating Oil,HO,/gal,5 days before last trading day,Same Day (Shift-0),1,20,"MA(1,20)",2017-2022,0.5090011964991468,48.44497491065522,95.17654426719295,-205.789945,0.0,2017-01-01,2022-12-31
Heating Oil,HO,/gal,5 days before last trading day,Same Day (Shift-0),1,20,"MA(1,20)",Post-2022,0.009261973821243176,1.0858240364879341,117.23462594954634,-209.17263750000058,0.0,2023-01-01,2026-06-30
Heating Oil,HO,/gal,5 days before last trading day,Same Day (Shift-0),1,20,"MA(1,20)",Full (2007-now),0.17237416530264385,15.086163776736619,87.51986557991026,-265.9232175000007,0.0,2007-01-01,2026-06-30
Heating Oil,HO,/gal,5 days before last trading day,Same Day (Shift-0),5,60,"MA(5,60)",2007-2016,0.4380757656471929,29.9048892695514,68.26419449469272,-204.8971550000001,0.0,2007-01-01,2016-12-31
Heating Oil,HO,/gal,5 days before last trading day,Same Day (Shift-0),5,60,"MA(5,60)",2017-2022,0.527728146668835,50.222610178689536,95.16757917065527,-154.9464650000001,0.0,2017-01-01,2022-12-31
Heating Oil,HO,/gal,5 days before last trading day,Same Day (Shift-0),5,60,"MA(5,60)",Post-2022,0.19863402102301134,23.27906247434433,117.19574700472634,-203.22386500000056,0.0,2023-01-01,2026-06-30
Heating Oil,HO,/gal,5 days before last trading day,Same Day (Shift-0),5,60,"MA(5,60)",Full (2007-now),0.4088847134196571,35.76877527806067,87.47887632900951,-270.57912250000186,0.0,2007-01-01,2026-06-30
Heating Oil,HO,/gal,5 days before last trading day,Same Day (Shift-0),20,250,"MA(20,250)",2007-2016,0.3660985920914969,24.998309964271552,68.28299945503169,-194.04706999999974,0.0,2007-01-01,2016-12-31
Heating Oil,HO,/gal,5 days before last trading day,Same Day (Shift-0),20,250,"MA(20,250)",2017-2022,0.47823017178270627,45.523461442753145,95.19152936974808,-140.76,0.0,2017-01-01,2022-12-31
Heating Oil,HO,/gal,5 days before last trading day,Same Day (Shift-0),20,250,"MA(20,250)",Post-2022,-0.17072215647272146,-20.00642367160782,117.18703702529972,-283.4041800000003,0.0,2023-01-01,2026-06-30
Heating Oil,HO,/gal,5 days before last trading day,Same Day (Shift-0),20,250,"MA(20,250)",Full (2007-now),0.2750996500251453,24.07159492360969,87.50136512863409,-321.2941925000015,0.0,2007-01-01,2026-06-30
Heating Oil,HO,/gal,5 days before last trading day,Lag-1 (Shift-1),1,5,"MA(1,5)",2007-2016,0.17918706803311996,12.228428050813866,68.29939445409744,-143.09207249999992,0.03968253968253968,2007-01-01,2016-12-31
Heating Oil,HO,/gal,5 days before last trading day,Lag-1 (Shift-1),1,5,"MA(1,5)",2017-2022,-0.10046793803703453,-9.56841206485777,95.23846365126613,-274.7839775000001,0.0,2017-01-01,2022-12-31
Heating Oil,HO,/gal,5 days before last trading day,Lag-1 (Shift-1),1,5,"MA(1,5)",Post-2022,-0.2689984293822836,-31.525907582667816,117.19736674694553,-206.57785750000002,0.0,2023-01-01,2026-06-30
Heating Oil,HO,/gal,5 days before last trading day,Lag-1 (Shift-1),1,5,"MA(1,5)",Full (2007-now),-0.04153378784981335,-3.637132067630806,87.5254854705971,-310.206759999999,0.020366598778004074,2007-01-01,2026-06-30
Heating Oil,HO,/gal,5 days before last trading day,Lag-1 (Shift-1),5,20,"MA(5,20)",2007-2016,0.26264967691542146,17.9310247360063,68.26973840817043,-301.6314400000003,0.0,2007-01-01,2016-12-31
Heating Oil,HO,/gal,5 days before last trading day,Lag-1 (Shift-1),5,20,"MA(5,20)",2017-2022,0.6444500860054023,61.29980845135675,95.11955973397588,-210.41089250000005,0.0,2017-01-01,2022-12-31
Heating Oil,HO,/gal,5 days before last trading day,Lag-1 (Shift-1),5,20,"MA(5,20)",Post-2022,0.17013976168676395,19.942648563283957,117.21333311844764,-178.2839950000002,0.0,2023-01-01,2026-06-30
Heating Oil,HO,/gal,5 days before last trading day,Lag-1 (Shift-1),5,20,"MA(5,20)",Full (2007-now),0.34633994880140756,30.297405718068845,87.47880752110832,-301.6314400000003,0.0,2007-01-01,2026-06-30
Heating Oil,HO,/gal,5 days before last trading day,Lag-1 (Shift-1),10,60,"MA(10,60)",2007-2016,0.301193730871165,20.56445949980156,68.2765190375027,-253.57220499999983,0.0,2007-01-01,2016-12-31
Heating Oil,HO,/gal,5 days before last trading day,Lag-1 (Shift-1),10,60,"MA(10,60)",2017-2022,0.4490323811824994,42.74497381866311,95.1935219150495,-158.79459499999996,0.0,2017-01-01,2022-12-31
Heating Oil,HO,/gal,5 days before last trading day,Lag-1 (Shift-1),10,60,"MA(10,60)",Post-2022,0.34902323021106485,40.89613033067277,117.17308989989478,-145.17844750000012,0.0,2023-01-01,2026-06-30
Heating Oil,HO,/gal,5 days before last trading day,Lag-1 (Shift-1),10,60,"MA(10,60)",Full (2007-now),0.3637269992971152,31.821518684049725,87.48737032319093,-253.57220499999983,0.0,2007-01-01,2026-06-30
Heating Oil,HO,/gal,5 days before last trading day,Lag-1 (Shift-1),1,20,"MA(1,20)",2007-2016,0.26974106905295187,18.414069670504215,68.26572510873166,-222.39972500000005,0.0,2007-01-01,2016-12-31
Heating Oil,HO,/gal,5 days before last trading day,Lag-1 (Shift-1),1,20,"MA(1,20)",2017-2022,0.49103935348588296,46.75211320979488,95.21052208525069,-214.9055550000001,0.0,2017-01-01,2022-12-31
Heating Oil,HO,/gal,5 days before last trading day,Lag-1 (Shift-1),1,20,"MA(1,20)",Post-2022,0.27511216478611544,32.2279689509694,117.1448342752305,-174.25501249999985,0.0,2023-01-01,2026-06-30
Heating Oil,HO,/gal,5 days before last trading day,Lag-1 (Shift-1),1,20,"MA(1,20)",Full (2007-now),0.32304964387790697,28.262255720105994,87.48579747943448,-229.54788499999972,0.0,2007-01-01,2026-06-30
Heating Oil,HO,/gal,5 days before last trading day,Lag-1 (Shift-1),5,60,"MA(5,60)",2007-2016,0.4699582155418971,32.074476216752664,68.24963402282134,-216.15449249999998,0.0,2007-01-01,2016-12-31
Heating Oil,HO,/gal,5 days before last trading day,Lag-1 (Shift-1),5,60,"MA(5,60)",2017-2022,0.37201225244976993,35.42039326935806,95.21297493861607,-251.07930749999983,0.0,2017-01-01,2022-12-31
Heating Oil,HO,/gal,5 days before last trading day,Lag-1 (Shift-1),5,60,"MA(5,60)",Post-2022,0.27747502986855405,32.51441206385397,117.1795965902112,-152.6724525000007,0.0,2023-01-01,2026-06-30
Heating Oil,HO,/gal,5 days before last trading day,Lag-1 (Shift-1),5,60,"MA(5,60)",Full (2007-now),0.38837501861778156,33.97583198207373,87.48202215217907,-307.60273500000153,0.0,2007-01-01,2026-06-30
Heating Oil,HO,/gal,5 days before last trading day,Lag-1 (Shift-1),20,250,"MA(20,250)",2007-2016,0.4028525306263125,27.506081611750712,68.27828925137237,-189.7542474999999,0.0,2007-01-01,2016-12-31
Heating Oil,HO,/gal,5 days before last trading day,Lag-1 (Shift-1),20,250,"MA(20,250)",2017-2022,0.431527363353198,41.08083486432824,95.19867881635182,-140.76,0.0,2017-01-01,2022-12-31
Heating Oil,HO,/gal,5 days before last trading day,Lag-1 (Shift-1),20,250,"MA(20,250)",Post-2022,-0.20937426014176858,-24.537057537058235,117.19233071173146,-299.1715050000003,0.0,2023-01-01,2026-06-30
Heating Oil,HO,/gal,5 days before last trading day,Lag-1 (Shift-1),20,250,"MA(20,250)",Full (2007-now),0.26492093754760626,23.181577021796684,87.50375578612378,-353.9147675000016,0.0,2007-01-01,2026-06-30
Heating Oil,HO,/gal,5th trading day of month,Same Day (Shift-0),1,5,"MA(1,5)",2007-2016,-0.15135732471003197,-10.261474513695957,67.7899138586676,-303.2645399999999,0.03968253968253968,2007-01-01,2016-12-31
Heating Oil,HO,/gal,5th trading day of month,Same Day (Shift-0),1,5,"MA(1,5)",2017-2022,0.6543435258561363,57.707332058239636,88.19118670538684,-105.9514,0.0,2017-01-01,2022-12-31
Heating Oil,HO,/gal,5th trading day of month,Same Day (Shift-0),1,5,"MA(1,5)",Post-2022,0.0070631427261232515,0.772612748004542,109.38654051928046,-219.66398000000004,0.0,2023-01-01,2026-06-30
Heating Oil,HO,/gal,5th trading day of month,Same Day (Shift-0),1,5,"MA(1,5)",Full (2007-now),0.1359583627715294,11.300204893053568,83.1511780166842,-387.86315499999967,0.020366598778004074,2007-01-01,2026-06-30
Heating Oil,HO,/gal,5th trading day of month,Same Day (Shift-0),5,20,"MA(5,20)",2007-2016,0.30371141585738454,20.57637722905912,67.74976558247414,-163.80015000000003,0.0,2007-01-01,2016-12-31
Heating Oil,HO,/gal,5th trading day of month,Same Day (Shift-0),5,20,"MA(5,20)",2017-2022,0.7649686185087573,67.4753198676373,88.20665088088819,-199.96098999999998,0.0,2017-01-01,2022-12-31
Heating Oil,HO,/gal,5th trading day of month,Same Day (Shift-0),5,20,"MA(5,20)",Post-2022,0.3103725304107833,33.944671539338856,109.36751230662234,-169.30525999999983,0.0,2023-01-01,2026-06-30
Heating Oil,HO,/gal,5th trading day of month,Same Day (Shift-0),5,20,"MA(5,20)",Full (2007-now),0.4337863015381278,36.05715614178041,83.12193357403925,-199.96098999999998,0.0,2007-01-01,2026-06-30
Heating Oil,HO,/gal,5th trading day of month,Same Day (Shift-0),10,60,"MA(10,60)",2007-2016,0.32862208360104633,22.26312807463277,67.74690194485119,-266.85842499999984,0.0,2007-01-01,2016-12-31
Heating Oil,HO,/gal,5th trading day of month,Same Day (Shift-0),10,60,"MA(10,60)",2017-2022,0.20501567557194164,18.11117245532758,88.34042765170035,-235.30493999999987,0.0,2017-01-01,2022-12-31
Heating Oil,HO,/gal,5th trading day of month,Same Day (Shift-0),10,60,"MA(10,60)",Post-2022,0.3662031460391265,40.05566004560998,109.38098287481749,-158.39974500000028,0.0,2023-01-01,2026-06-30
Heating Oil,HO,/gal,5th trading day of month,Same Day (Shift-0),10,60,"MA(10,60)",Full (2007-now),0.3001686903353514,24.960687524954146,83.15553330051789,-288.3187950000004,0.0,2007-01-01,2026-06-30
Heating Oil,HO,/gal,5th trading day of month,Same Day (Shift-0),1,20,"MA(1,20)",2007-2016,0.10239203790722966,6.939219158396203,67.77108162143769,-196.4064700000001,0.0,2007-01-01,2016-12-31
Heating Oil,HO,/gal,5th trading day of month,Same Day (Shift-0),1,20,"MA(1,20)",2017-2022,0.5370081042435785,47.3980662607544,88.26322337819948,-182.09611000000007,0.0,2017-01-01,2022-12-31
Heating Oil,HO,/gal,5th trading day of month,Same Day (Shift-0),1,20,"MA(1,20)",Post-2022,0.1290456133764727,14.120062850627287,109.41916180780174,-181.4407149999996,0.0,2023-01-01,2026-06-30
Heating Oil,HO,/gal,5th trading day of month,Same Day (Shift-0),1,20,"MA(1,20)",Full (2007-now),0.23254400258316912,19.337882725606047,83.15795079982712,-232.68389500000006,0.0,2007-01-01,2026-06-30
Heating Oil,HO,/gal,5th trading day of month,Same Day (Shift-0),5,60,"MA(5,60)",2007-2016,0.48059800062775104,32.550034680428716,67.72819412047546,-195.475085,0.0,2007-01-01,2016-12-31
Heating Oil,HO,/gal,5th trading day of month,Same Day (Shift-0),5,60,"MA(5,60)",2017-2022,0.5786250142038935,51.06146247518193,88.2462064752512,-158.02000500000008,0.0,2017-01-01,2022-12-31
Heating Oil,HO,/gal,5th trading day of month,Same Day (Shift-0),5,60,"MA(5,60)",Post-2022,0.3376910365536195,36.93672903078671,109.38024712693787,-196.71608000000037,0.0,2023-01-01,2026-06-30
Heating Oil,HO,/gal,5th trading day of month,Same Day (Shift-0),5,60,"MA(5,60)",Full (2007-now),0.4791384927583766,39.82426533306168,83.11639731509642,-244.17022500000076,0.0,2007-01-01,2026-06-30
Heating Oil,HO,/gal,5th trading day of month,Same Day (Shift-0),20,250,"MA(20,250)",2007-2016,0.41716419788503206,28.257347733227448,67.73675180297953,-185.82926500000025,0.0,2007-01-01,2016-12-31
Heating Oil,HO,/gal,5th trading day of month,Same Day (Shift-0),20,250,"MA(20,250)",2017-2022,0.5250457454364292,46.34584117802781,88.2701013785078,-118.97000000000003,0.0,2017-01-01,2022-12-31
Heating Oil,HO,/gal,5th trading day of month,Same Day (Shift-0),20,250,"MA(20,250)",Post-2022,-0.03626828402048717,-3.967718449258851,109.39912257821663,-263.40829000000036,0.0,2023-01-01,2026-06-30
Heating Oil,HO,/gal,5th trading day of month,Same Day (Shift-0),20,250,"MA(20,250)",Full (2007-now),0.34716315323966906,28.86240290894275,83.13786368053059,-293.6740650000019,0.0,2007-01-01,2026-06-30
Heating Oil,HO,/gal,5th trading day of month,Lag-1 (Shift-1),1,5,"MA(1,5)",2007-2016,0.2123666435129135,14.378320432711364,67.75600063205766,-135.38085999999996,0.03968253968253968,2007-01-01,2016-12-31
Heating Oil,HO,/gal,5th trading day of month,Lag-1 (Shift-1),1,5,"MA(1,5)",2017-2022,-0.11762938067334573,-10.39006840502979,88.32885411411617,-261.1940950000002,0.0,2017-01-01,2022-12-31
Heating Oil,HO,/gal,5th trading day of month,Lag-1 (Shift-1),1,5,"MA(1,5)",Post-2022,-0.23839344132663817,-26.081186818699454,109.40396125648418,-193.54479500000002,0.0,2023-01-01,2026-06-30
Heating Oil,HO,/gal,5th trading day of month,Lag-1 (Shift-1),1,5,"MA(1,5)",Full (2007-now),-0.02178562868404524,-1.8141383234873691,83.16949646043535,-302.0467499999978,0.020366598778004074,2007-01-01,2026-06-30
Heating Oil,HO,/gal,5th trading day of month,Lag-1 (Shift-1),5,20,"MA(5,20)",2007-2016,0.3269008629222525,22.142632258832787,67.73500706267336,-272.2565400000006,0.0,2007-01-01,2016-12-31
Heating Oil,HO,/gal,5th trading day of month,Lag-1 (Shift-1),5,20,"MA(5,20)",2017-2022,0.6766566659629523,59.685247703507585,88.20610319203657,-194.82592500000004,0.0,2017-01-01,2022-12-31
Heating Oil,HO,/gal,5th trading day of month,Lag-1 (Shift-1),5,20,"MA(5,20)",Post-2022,0.22561568222999387,24.68278652223502,109.40190982412851,-161.2685000000003,0.0,2023-01-01,2026-06-30
Heating Oil,HO,/gal,5th trading day of month,Lag-1 (Shift-1),5,20,"MA(5,20)",Full (2007-now),0.3947103418481156,32.80841387655324,83.12022867943479,-272.2565400000006,0.0,2007-01-01,2026-06-30
Heating Oil,HO,/gal,5th trading day of month,Lag-1 (Shift-1),10,60,"MA(10,60)",2007-2016,0.36345383442602813,24.619274053195678,67.73700459667681,-234.03298000000044,0.0,2007-01-01,2016-12-31
Heating Oil,HO,/gal,5th trading day of month,Lag-1 (Shift-1),10,60,"MA(10,60)",2017-2022,0.5348852612079122,47.213098093977464,88.26771182170513,-139.74186000000014,0.0,2017-01-01,2022-12-31
Heating Oil,HO,/gal,5th trading day of month,Lag-1 (Shift-1),10,60,"MA(10,60)",Post-2022,0.4670134507961003,51.073033956670464,109.36094853287027,-139.3768050000003,0.0,2023-01-01,2026-06-30
Heating Oil,HO,/gal,5th trading day of month,Lag-1 (Shift-1),10,60,"MA(10,60)",Full (2007-now),0.44626546139774986,37.09561893257279,83.12455733496708,-234.03298000000044,0.0,2007-01-01,2026-06-30
Heating Oil,HO,/gal,5th trading day of month,Lag-1 (Shift-1),1,20,"MA(1,20)",2007-2016,0.3099248990437578,20.990741159190122,67.72847623393588,-224.22511000000037,0.0,2007-01-01,2016-12-31
Heating Oil,HO,/gal,5th trading day of month,Lag-1 (Shift-1),1,20,"MA(1,20)",2017-2022,0.5213855421300663,46.036268100595635,88.2960197026547,-200.69625999999997,0.0,2017-01-01,2022-12-31
Heating Oil,HO,/gal,5th trading day of month,Lag-1 (Shift-1),1,20,"MA(1,20)",Post-2022,0.3253085989560303,35.56775124287382,109.33541676124358,-170.59590499999973,0.0,2023-01-01,2026-06-30
Heating Oil,HO,/gal,5th trading day of month,Lag-1 (Shift-1),1,20,"MA(1,20)",Full (2007-now),0.3604211270032772,29.96076510898356,83.12710566689711,-224.22511000000037,0.0,2007-01-01,2026-06-30
Heating Oil,HO,/gal,5th trading day of month,Lag-1 (Shift-1),5,60,"MA(5,60)",2007-2016,0.5249112956727872,35.54288381897576,67.71217177450883,-203.4414350000004,0.0,2007-01-01,2016-12-31
Heating Oil,HO,/gal,5th trading day of month,Lag-1 (Shift-1),5,60,"MA(5,60)",2017-2022,0.42009334449439856,37.091109490403674,88.29254254204983,-242.00106000000005,0.0,2017-01-01,2022-12-31
Heating Oil,HO,/gal,5th trading day of month,Lag-1 (Shift-1),5,60,"MA(5,60)",Post-2022,0.3970103505132903,43.419923261117326,109.3672323781488,-152.46882000000056,0.0,2023-01-01,2026-06-30
Heating Oil,HO,/gal,5th trading day of month,Lag-1 (Shift-1),5,60,"MA(5,60)",Full (2007-now),0.45979233460046215,38.218142896720266,83.12044377584074,-283.025565000001,0.0,2007-01-01,2026-06-30
Heating Oil,HO,/gal,5th trading day of month,Lag-1 (Shift-1),20,250,"MA(20,250)",2007-2016,0.45642308334557213,30.913912425565687,67.73082596736197,-178.45409000000012,0.0,2007-01-01,2016-12-31
Heating Oil,HO,/gal,5th trading day of month,Lag-1 (Shift-1),20,250,"MA(20,250)",2017-2022,0.47505016234307934,41.93656999338188,88.27819316288426,-132.5790249999999,0.0,2017-01-01,2022-12-31
Heating Oil,HO,/gal,5th trading day of month,Lag-1 (Shift-1),20,250,"MA(20,250)",Post-2022,-0.0838212634170591,-9.170735438996594,109.4082225099245,-281.5156150000003,0.0,2023-01-01,2026-06-30
Heating Oil,HO,/gal,5th trading day of month,Lag-1 (Shift-1),20,250,"MA(20,250)",Full (2007-now),0.33604306287153984,27.938881173355053,83.14077646660225,-328.63464000000175,0.0,2007-01-01,2026-06-30
Nat Gas,NG,/MMBtu,5 days before last trading day,Same Day (Shift-0),1,5,"MA(1,5)",2007-2016,-0.585404815749264,-1.2881412671695194,2.20042820372227,-14.417420500000086,0.0,2007-01-01,2016-12-31
Nat Gas,NG,/MMBtu,5 days before last trading day,Same Day (Shift-0),1,5,"MA(1,5)",2017-2022,0.3157468137008129,0.8562551396426155,2.7118409513198234,-4.028761249999995,0.0,2017-01-01,2022-12-31
Nat Gas,NG,/MMBtu,5 days before last trading day,Same Day (Shift-0),1,5,"MA(1,5)",Post-2022,-0.161778452404806,-0.3222281904218835,1.9917868271826227,-4.45727549999999,0.0,2023-01-01,2026-06-30
Nat Gas,NG,/MMBtu,5 days before last trading day,Same Day (Shift-0),1,5,"MA(1,5)",Full (2007-now),-0.17504204703501022,-0.40971107374211013,2.3406437520704024,-16.397841500000105,0.0,2007-01-01,2026-06-30
Nat Gas,NG,/MMBtu,5 days before last trading day,Same Day (Shift-0),5,20,"MA(5,20)",2007-2016,-0.011453427366588413,-0.02521988289004042,2.2019507421517415,-5.927491500000008,0.0,2007-01-01,2016-12-31
Nat Gas,NG,/MMBtu,5 days before last trading day,Same Day (Shift-0),5,20,"MA(5,20)",2017-2022,0.07391701808781563,0.2005949185969549,2.7137853201632423,-5.385158999999996,0.0,2017-01-01,2022-12-31
Nat Gas,NG,/MMBtu,5 days before last trading day,Same Day (Shift-0),5,20,"MA(5,20)",Post-2022,-0.21001405011858343,-0.418260735461787,1.991584540299176,-3.894514249999945,0.0,2023-01-01,2026-06-30
Nat Gas,NG,/MMBtu,5 days before last trading day,Same Day (Shift-0),5,20,"MA(5,20)",Full (2007-now),-0.009097743165808745,-0.02130059645549005,2.341305537789001,-6.28706399999994,0.0,2007-01-01,2026-06-30
Nat Gas,NG,/MMBtu,5 days before last trading day,Same Day (Shift-0),10,60,"MA(10,60)",2007-2016,0.20265922808699569,0.4461943862643873,2.201697847545581,-4.5760254999999965,0.0,2007-01-01,2016-12-31
Nat Gas,NG,/MMBtu,5 days before last trading day,Same Day (Shift-0),10,60,"MA(10,60)",2017-2022,-0.1770865462968194,-0.48055649503639936,2.7136815590210115,-8.629520750000008,0.0,2017-01-01,2022-12-31
Nat Gas,NG,/MMBtu,5 days before last trading day,Same Day (Shift-0),10,60,"MA(10,60)",Post-2022,-0.2926580307233153,-0.5828739885974734,1.99165554130491,-4.361409999999948,0.0,2023-01-01,2026-06-30
Nat Gas,NG,/MMBtu,5 days before last trading day,Same Day (Shift-0),10,60,"MA(10,60)",Full (2007-now),-0.007887713890627082,-0.018467649826847194,2.3413184203844137,-8.629520750000008,0.0,2007-01-01,2026-06-30
Nat Gas,NG,/MMBtu,5 days before last trading day,Same Day (Shift-0),1,20,"MA(1,20)",2007-2016,-0.207481797866192,-0.45691779158396506,2.202206633464001,-8.61801325000001,0.0,2007-01-01,2016-12-31
Nat Gas,NG,/MMBtu,5 days before last trading day,Same Day (Shift-0),1,20,"MA(1,20)",2017-2022,0.18035124961157972,0.48935644010588736,2.713352090211786,-5.339654249999988,0.0,2017-01-01,2022-12-31
Nat Gas,NG,/MMBtu,5 days before last trading day,Same Day (Shift-0),1,20,"MA(1,20)",Post-2022,-0.3240620251084504,-0.6455461299885921,1.992044978959056,-4.15882375000002,0.0,2023-01-01,2026-06-30
Nat Gas,NG,/MMBtu,5 days before last trading day,Same Day (Shift-0),1,20,"MA(1,20)",Full (2007-now),-0.08308599471521787,-0.19454518068853277,2.3414918646078418,-8.98285050000003,0.0,2007-01-01,2026-06-30
Nat Gas,NG,/MMBtu,5 days before last trading day,Same Day (Shift-0),5,60,"MA(5,60)",2007-2016,0.29870054267398555,0.6576032286621648,2.201546816002611,-6.381089999999999,0.0,2007-01-01,2016-12-31
Nat Gas,NG,/MMBtu,5 days before last trading day,Same Day (Shift-0),5,60,"MA(5,60)",2017-2022,-0.20739950035996788,-0.5627430178689588,2.713328705673098,-6.067679750000004,0.0,2017-01-01,2022-12-31
Nat Gas,NG,/MMBtu,5 days before last trading day,Same Day (Shift-0),5,60,"MA(5,60)",Post-2022,-0.2136258198328071,-0.4254645017103569,1.9916342605184336,-4.435354249999939,0.0,2023-01-01,2026-06-30
Nat Gas,NG,/MMBtu,5 days before last trading day,Same Day (Shift-0),5,60,"MA(5,60)",Full (2007-now),0.03965418960732019,0.09283875840293605,2.3412093229563307,-9.007241749999944,0.0,2007-01-01,2026-06-30
Nat Gas,NG,/MMBtu,5 days before last trading day,Same Day (Shift-0),20,250,"MA(20,250)",2007-2016,0.12955744066874395,0.2852501445017847,2.201727226390032,-5.980480000000001,0.0,2007-01-01,2016-12-31
Nat Gas,NG,/MMBtu,5 days before last trading day,Same Day (Shift-0),20,250,"MA(20,250)",2017-2022,-0.22700997377341547,-0.6159640086035774,2.7133786166522667,-9.193079500000007,0.0,2017-01-01,2022-12-31
Nat Gas,NG,/MMBtu,5 days before last trading day,Same Day (Shift-0),20,250,"MA(20,250)",Post-2022,-0.6429782795886592,-1.2795843797035273,1.990089588286143,-7.042814999999988,0.0,2023-01-01,2026-06-30
Nat Gas,NG,/MMBtu,5 days before last trading day,Same Day (Shift-0),20,250,"MA(20,250)",Full (2007-now),-0.11413448647006812,-0.26720146750865836,2.341110699952483,-12.345692749999984,0.0,2007-01-01,2026-06-30
Nat Gas,NG,/MMBtu,5 days before last trading day,Lag-1 (Shift-1),1,5,"MA(1,5)",2007-2016,-0.37138969244457903,-0.8176128995633214,2.2014959386233657,-9.944000750000056,0.0,2007-01-01,2016-12-31
Nat Gas,NG,/MMBtu,5 days before last trading day,Lag-1 (Shift-1),1,5,"MA(1,5)",2017-2022,-0.4526984688184706,-1.2283581978822096,2.7134136351028264,-10.289497000000093,0.0,2017-01-01,2022-12-31
Nat Gas,NG,/MMBtu,5 days before last trading day,Lag-1 (Shift-1),1,5,"MA(1,5)",Post-2022,-0.19160053005856964,-0.38157498061573164,1.9915131784817584,-3.3112942500000213,0.0,2023-01-01,2026-06-30
Nat Gas,NG,/MMBtu,5 days before last trading day,Lag-1 (Shift-1),1,5,"MA(1,5)",Full (2007-now),-0.367874893441683,-0.8611891197800008,2.3409836744309382,-18.749644500000127,0.0,2007-01-01,2026-06-30
Nat Gas,NG,/MMBtu,5 days before last trading day,Lag-1 (Shift-1),5,20,"MA(5,20)",2007-2016,-0.053857797922970026,-0.11858488249305692,2.2018145387723176,-5.285987500000006,0.0,2007-01-01,2016-12-31
Nat Gas,NG,/MMBtu,5 days before last trading day,Lag-1 (Shift-1),5,20,"MA(5,20)",2017-2022,0.08080819878849324,0.21929549503639978,2.713777788939241,-4.1122857499999945,0.0,2017-01-01,2022-12-31
Nat Gas,NG,/MMBtu,5 days before last trading day,Lag-1 (Shift-1),5,20,"MA(5,20)",Post-2022,-0.24334159149733975,-0.4846144618015843,1.9914986945701894,-4.5713902499999595,0.0,2023-01-01,2026-06-30
Nat Gas,NG,/MMBtu,5 days before last trading day,Lag-1 (Shift-1),5,20,"MA(5,20)",Full (2007-now),-0.03216588411749235,-0.07530794642493374,2.3412366391004937,-5.9903230000000285,0.0,2007-01-01,2026-06-30
Nat Gas,NG,/MMBtu,5 days before last trading day,Lag-1 (Shift-1),10,60,"MA(10,60)",2007-2016,0.29551397324373,0.650533648273122,2.2013634114573106,-3.6770017500000005,0.0,2007-01-01,2016-12-31
Nat Gas,NG,/MMBtu,5 days before last trading day,Lag-1 (Shift-1),10,60,"MA(10,60)",2017-2022,-0.12914122288111565,-0.3504423156849777,2.713636342189407,-6.6107922500000065,0.0,2017-01-01,2022-12-31
Nat Gas,NG,/MMBtu,5 days before last trading day,Lag-1 (Shift-1),10,60,"MA(10,60)",Post-2022,-0.18156887060559915,-0.36166073090077916,1.9918652888818842,-3.8046719999999534,0.0,2023-01-01,2026-06-30
Nat Gas,NG,/MMBtu,5 days before last trading day,Lag-1 (Shift-1),10,60,"MA(10,60)",Full (2007-now),0.070885525216656,0.16595629659808697,2.3411873734567767,-7.247585750000029,0.0,2007-01-01,2026-06-30
Nat Gas,NG,/MMBtu,5 days before last trading day,Lag-1 (Shift-1),1,20,"MA(1,20)",2007-2016,0.15517302148446757,0.3415512111949153,2.201099185460559,-4.051861249999997,0.0,2007-01-01,2016-12-31
Nat Gas,NG,/MMBtu,5 days before last trading day,Lag-1 (Shift-1),1,20,"MA(1,20)",2017-2022,0.035613327983304535,0.0966439179351354,2.713700836395911,-5.331765999999993,0.0,2017-01-01,2022-12-31
Nat Gas,NG,/MMBtu,5 days before last trading day,Lag-1 (Shift-1),1,20,"MA(1,20)",Post-2022,0.3386985791606827,0.6742471197263475,1.9906995813126118,-3.7637434999999835,0.0,2023-01-01,2026-06-30
Nat Gas,NG,/MMBtu,5 days before last trading day,Lag-1 (Shift-1),1,20,"MA(1,20)",Full (2007-now),0.14101873634620965,0.33008579853330355,2.3407229924605386,-5.550452000000059,0.0,2007-01-01,2026-06-30
Nat Gas,NG,/MMBtu,5 days before last trading day,Lag-1 (Shift-1),5,60,"MA(5,60)",2007-2016,0.423965752578436,0.9329969368797101,2.2006422245322765,-5.207928,0.0,2007-01-01,2016-12-31
Nat Gas,NG,/MMBtu,5 days before last trading day,Lag-1 (Shift-1),5,60,"MA(5,60)",2017-2022,-0.2928841468498195,-0.7946471853077413,2.7131792343653474,-8.920991250000004,0.0,2017-01-01,2022-12-31
Nat Gas,NG,/MMBtu,5 days before last trading day,Lag-1 (Shift-1),5,60,"MA(5,60)",Post-2022,-0.21871814361018563,-0.4356189236031736,1.991690841979545,-4.431470249999941,0.0,2023-01-01,2026-06-30
Nat Gas,NG,/MMBtu,5 days before last trading day,Lag-1 (Shift-1),5,60,"MA(5,60)",Full (2007-now),0.06875703966798066,0.1609593788959073,2.3409876235678633,-9.977449999999942,0.0,2007-01-01,2026-06-30
Nat Gas,NG,/MMBtu,5 days before last trading day,Lag-1 (Shift-1),20,250,"MA(20,250)",2007-2016,0.11397384679344913,0.25093887892020456,2.2017233425048155,-6.388524000000001,0.0,2007-01-01,2016-12-31
Nat Gas,NG,/MMBtu,5 days before last trading day,Lag-1 (Shift-1),20,250,"MA(20,250)",2017-2022,-0.17576936223411266,-0.4769695810721432,2.713610466634411,-8.342975000000003,0.0,2017-01-01,2022-12-31
Nat Gas,NG,/MMBtu,5 days before last trading day,Lag-1 (Shift-1),20,250,"MA(20,250)",Post-2022,-0.6498738217292822,-1.2933453899657859,1.9901484668581628,-7.008689499999988,0.0,2023-01-01,2026-06-30
Nat Gas,NG,/MMBtu,5 days before last trading day,Lag-1 (Shift-1),20,250,"MA(20,250)",Full (2007-now),-0.10442803827224205,-0.2444835828070906,2.341168012461617,-11.930799749999984,0.0,2007-01-01,2026-06-30
Nat Gas,NG,/MMBtu,5th trading day of month,Same Day (Shift-0),1,5,"MA(1,5)",2007-2016,-0.6111975748460786,-1.3138991385470482,2.149712617688208,-14.507716000000078,0.0,2007-01-01,2016-12-31
Nat Gas,NG,/MMBtu,5th trading day of month,Same Day (Shift-0),1,5,"MA(1,5)",2017-2022,0.29790000124528215,0.7915202422236826,2.6569997949478625,-4.2165080000000374,0.0,2017-01-01,2022-12-31
Nat Gas,NG,/MMBtu,5th trading day of month,Same Day (Shift-0),1,5,"MA(1,5)",Post-2022,-0.161709905278654,-0.301396741163041,1.8638112528956252,-4.127744999999995,0.0,2023-01-01,2026-06-30
Nat Gas,NG,/MMBtu,5th trading day of month,Same Day (Shift-0),1,5,"MA(1,5)",Full (2007-now),-0.19281959256662695,-0.4391324074149552,2.2774262800250304,-16.800752000000127,0.0,2007-01-01,2026-06-30
Nat Gas,NG,/MMBtu,5th trading day of month,Same Day (Shift-0),5,20,"MA(5,20)",2007-2016,0.022848327190312472,0.04915215482334662,2.1512364740726744,-5.775650000000002,0.0,2007-01-01,2016-12-31
Nat Gas,NG,/MMBtu,5th trading day of month,Same Day (Shift-0),5,20,"MA(5,20)",2017-2022,0.10613417385994217,0.28216728524155177,2.658590301121184,-4.853827499999997,0.0,2017-01-01,2022-12-31
Nat Gas,NG,/MMBtu,5th trading day of month,Same Day (Shift-0),5,20,"MA(5,20)",Post-2022,-0.3295097902920351,-0.6140336305587187,1.8634761353054743,-4.158799999999962,0.0,2023-01-01,2026-06-30
Nat Gas,NG,/MMBtu,5th trading day of month,Same Day (Shift-0),5,20,"MA(5,20)",Full (2007-now),0.0030709577931388506,0.006995630882052975,2.277996427590978,-6.191627499999961,0.0,2007-01-01,2026-06-30
Nat Gas,NG,/MMBtu,5th trading day of month,Same Day (Shift-0),10,60,"MA(10,60)",2007-2016,0.2609860334613183,0.5613819206034167,2.151003688427723,-4.355052999999998,0.0,2007-01-01,2016-12-31
Nat Gas,NG,/MMBtu,5th trading day of month,Same Day (Shift-0),10,60,"MA(10,60)",2017-2022,-0.17236003705906114,-0.4582303957643926,2.6585651963359394,-8.751537000000006,0.0,2017-01-01,2022-12-31
Nat Gas,NG,/MMBtu,5th trading day of month,Same Day (Shift-0),10,60,"MA(10,60)",Post-2022,-0.16026917015174152,-0.2987128118586001,1.863819545429613,-3.3750659999999586,0.0,2023-01-01,2026-06-30
Nat Gas,NG,/MMBtu,5th trading day of month,Same Day (Shift-0),10,60,"MA(10,60)",Full (2007-now),0.043141091757534285,0.09827740761866309,2.2780463733048584,-8.751537000000004,0.0,2007-01-01,2026-06-30
Nat Gas,NG,/MMBtu,5th trading day of month,Same Day (Shift-0),1,20,"MA(1,20)",2007-2016,-0.15172568715055454,-0.3264463421992813,2.1515561954605276,-7.773064500000003,0.0,2007-01-01,2016-12-31
Nat Gas,NG,/MMBtu,5th trading day of month,Same Day (Shift-0),1,20,"MA(1,20)",2017-2022,0.20602664115347652,0.5476434480476308,2.658119576097306,-4.893078499999999,0.0,2017-01-01,2022-12-31
Nat Gas,NG,/MMBtu,5th trading day of month,Same Day (Shift-0),1,20,"MA(1,20)",Post-2022,-0.4189934199551357,-0.7809482873431896,1.8638676650979642,-4.3269389999999,0.0,2023-01-01,2026-06-30
Nat Gas,NG,/MMBtu,5th trading day of month,Same Day (Shift-0),1,20,"MA(1,20)",Full (2007-now),-0.05875082012610288,-0.13384410959462148,2.2781658078532048,-7.98462999999998,0.0,2007-01-01,2026-06-30
Nat Gas,NG,/MMBtu,5th trading day of month,Same Day (Shift-0),5,60,"MA(5,60)",2007-2016,0.34992656912723324,0.7526112552600265,2.15076910889375,-6.195011500000002,0.0,2007-01-01,2016-12-31
Nat Gas,NG,/MMBtu,5th trading day of month,Same Day (Shift-0),5,60,"MA(5,60)",2017-2022,-0.1709981563389026,-0.45454062210456353,2.6581609523538132,-6.044364500000003,0.0,2017-01-01,2022-12-31
Nat Gas,NG,/MMBtu,5th trading day of month,Same Day (Shift-0),5,60,"MA(5,60)",Post-2022,-0.20145472107060572,-0.3754453751425321,1.8636712664129935,-4.268342999999999,0.0,2023-01-01,2026-06-30
Nat Gas,NG,/MMBtu,5th trading day of month,Same Day (Shift-0),5,60,"MA(5,60)",Full (2007-now),0.0807036618290609,0.1838319979629273,2.277864396689996,-8.209409999999949,0.0,2007-01-01,2026-06-30
Nat Gas,NG,/MMBtu,5th trading day of month,Same Day (Shift-0),20,250,"MA(20,250)",2007-2016,0.15708866093149962,0.3379046891623651,2.1510444303151357,-5.958944000000001,0.0,2007-01-01,2016-12-31
Nat Gas,NG,/MMBtu,5th trading day of month,Same Day (Shift-0),20,250,"MA(20,250)",2017-2022,-0.17484999460084127,-0.4648280926538789,2.6584392737044014,-8.48721950000001,0.0,2017-01-01,2022-12-31
Nat Gas,NG,/MMBtu,5th trading day of month,Same Day (Shift-0),20,250,"MA(20,250)",Post-2022,-0.5294556856110427,-0.986299122006829,1.862854907051466,-6.066063999999969,0.0,2023-01-01,2026-06-30
Nat Gas,NG,/MMBtu,5th trading day of month,Same Day (Shift-0),20,250,"MA(20,250)",Full (2007-now),-0.062015593282408236,-0.14126658504787176,2.2779203998673094,-10.662946499999972,0.0,2007-01-01,2026-06-30
Nat Gas,NG,/MMBtu,5th trading day of month,Lag-1 (Shift-1),1,5,"MA(1,5)",2007-2016,-0.35517495967531487,-0.7639349988090475,2.1508695306318972,-9.341180499999954,0.0,2007-01-01,2016-12-31
Nat Gas,NG,/MMBtu,5th trading day of month,Lag-1 (Shift-1),1,5,"MA(1,5)",2017-2022,-0.4079625352557735,-1.084589404367975,2.658551486076995,-9.344843000000068,0.0,2017-01-01,2022-12-31
Nat Gas,NG,/MMBtu,5th trading day of month,Lag-1 (Shift-1),1,5,"MA(1,5)",Post-2022,-0.15655277884914415,-0.29175034207525224,1.8635909513710125,-3.093639999999995,0.0,2023-01-01,2026-06-30
Nat Gas,NG,/MMBtu,5th trading day of month,Lag-1 (Shift-1),1,5,"MA(1,5)",Full (2007-now),-0.3395127845452645,-0.7733452642085957,2.277808964526612,-17.25142450000002,0.0,2007-01-01,2026-06-30
Nat Gas,NG,/MMBtu,5th trading day of month,Lag-1 (Shift-1),5,20,"MA(5,20)",2007-2016,-0.01751257525373373,-0.03767184914648365,2.151131321388721,-5.178440500000002,0.0,2007-01-01,2016-12-31
Nat Gas,NG,/MMBtu,5th trading day of month,Lag-1 (Shift-1),5,20,"MA(5,20)",2017-2022,0.10522518648059394,0.2797551065519505,2.658632556603206,-3.778906499999998,0.0,2017-01-01,2022-12-31
Nat Gas,NG,/MMBtu,5th trading day of month,Lag-1 (Shift-1),5,20,"MA(5,20)",Post-2022,-0.34563970551824447,-0.6440431812998857,1.863336795563524,-4.70519249999997,0.0,2023-01-01,2026-06-30
Nat Gas,NG,/MMBtu,5th trading day of month,Lag-1 (Shift-1),5,20,"MA(5,20)",Full (2007-now),-0.019166797396686027,-0.04366088653493473,2.277943760311453,-5.643598499999971,0.0,2007-01-01,2026-06-30
Nat Gas,NG,/MMBtu,5th trading day of month,Lag-1 (Shift-1),10,60,"MA(10,60)",2007-2016,0.35603927783676353,0.7656943469630837,2.1505895406128155,-3.3298335,0.0,2007-01-01,2016-12-31
Nat Gas,NG,/MMBtu,5th trading day of month,Lag-1 (Shift-1),10,60,"MA(10,60)",2017-2022,-0.11039418829096366,-0.293485687624087,2.658524802506387,-6.776808500000003,0.0,2017-01-01,2022-12-31
Nat Gas,NG,/MMBtu,5th trading day of month,Lag-1 (Shift-1),10,60,"MA(10,60)",Post-2022,-0.11839296494523263,-0.2206673774230172,1.8638554877403035,-3.5410519999999392,0.0,2023-01-01,2026-06-30
Nat Gas,NG,/MMBtu,5th trading day of month,Lag-1 (Shift-1),10,60,"MA(10,60)",Full (2007-now),0.11755301112506132,0.2677697893664751,2.2778641465985285,-6.866289999999956,0.0,2007-01-01,2026-06-30
Nat Gas,NG,/MMBtu,5th trading day of month,Lag-1 (Shift-1),1,20,"MA(1,20)",2007-2016,0.1535531357337959,0.330209585549829,2.1504581067122572,-3.9738024999999944,0.0,2007-01-01,2016-12-31
Nat Gas,NG,/MMBtu,5th trading day of month,Lag-1 (Shift-1),1,20,"MA(1,20)",2017-2022,0.02461329111620166,0.06543569424222175,2.658551184126239,-5.034151,0.0,2017-01-01,2022-12-31
Nat Gas,NG,/MMBtu,5th trading day of month,Lag-1 (Shift-1),1,20,"MA(1,20)",Post-2022,0.253317656618618,0.47193910604332384,1.8630328116205934,-3.581168000000004,0.0,2023-01-01,2026-06-30
Nat Gas,NG,/MMBtu,5th trading day of month,Lag-1 (Shift-1),1,20,"MA(1,20)",Full (2007-now),0.12229210513955563,0.27851739172947876,2.2774764684248763,-5.538336499999971,0.0,2007-01-01,2026-06-30
Nat Gas,NG,/MMBtu,5th trading day of month,Lag-1 (Shift-1),5,60,"MA(5,60)",2007-2016,0.4819709139857807,1.0361485200476408,2.149815455623552,-4.986955499999999,0.0,2007-01-01,2016-12-31
Nat Gas,NG,/MMBtu,5th trading day of month,Lag-1 (Shift-1),5,60,"MA(5,60)",2017-2022,-0.24415268465799414,-0.6489652097948351,2.658030202305156,-8.555676000000002,0.0,2017-01-01,2022-12-31
Nat Gas,NG,/MMBtu,5th trading day of month,Lag-1 (Shift-1),5,60,"MA(5,60)",Post-2022,-0.20979964090382913,-0.3910075963511863,1.863719092495596,-4.282500499999952,0.0,2023-01-01,2026-06-30
Nat Gas,NG,/MMBtu,5th trading day of month,Lag-1 (Shift-1),5,60,"MA(5,60)",Full (2007-now),0.11709680412585925,0.2667015742513794,2.2776161676002733,-9.536675999999954,0.0,2007-01-01,2026-06-30
Nat Gas,NG,/MMBtu,5th trading day of month,Lag-1 (Shift-1),20,250,"MA(20,250)",2007-2016,0.14364896305180236,0.30899556728860517,2.151046277843133,-6.362988,0.0,2007-01-01,2016-12-31
Nat Gas,NG,/MMBtu,5th trading day of month,Lag-1 (Shift-1),20,250,"MA(20,250)",2017-2022,-0.13469362865311452,-0.3580931674387859,2.658575398254413,-7.8337835000000045,0.0,2017-01-01,2022-12-31
Nat Gas,NG,/MMBtu,5th trading day of month,Lag-1 (Shift-1),20,250,"MA(20,250)",Post-2022,-0.4784894508025217,-0.8914443968072815,1.8630387677558045,-5.664367999999948,0.0,2023-01-01,2026-06-30
Nat Gas,NG,/MMBtu,5th trading day of month,Lag-1 (Shift-1),20,250,"MA(20,250)",Full (2007-now),-0.046665671389989644,-0.10630182888571901,2.2779449158106844,-10.077151499999948,0.0,2007-01-01,2026-06-30
